,,,,,,discrimination/prejudice,aggression,demographics,other characteristics,"aggression, physical action",discrimination/prejudice,demographics,demographics,"discrimination/prejudice, verbal/written expression",sociocultural control,demographics,other characteristics,"discrimination/prejudice, verbal/written expression",demographics,demographics,"aggression, physical action",aggression,aggression,"aggression, physical action",verbal/written expressions,demographics,demographics,verbal/written expressions,verbal/written expressions,beliefs,verbal/written expressions,demographics,aggression,beliefs,demographics,verbal/written expressions,discrimination/prejudice,"aggression, verbal/written expression",demographics,aggression,discrimination/prejudice,discrimination/prejudice,aggression,other characteristics,aggression,demographics,aggression,discrimination/prejudice,aggression,aggression,beliefs,"aggression, verbal/written expression",demographics,demographics,demographics,aggression,"aggression, verbal/written expression",demographics,socioeconomic status,sociocultural control,aggression,other characteristics,aggression,discrimination/prejudice,beliefs,demographics,demographics,demographics,demographics,discrimination/prejudice,sociocultural control,discrimination/prejudice,discrimination/prejudice,discrimination/prejudice,discrimination/prejudice,discrimination/prejudice,discrimination/prejudice,discrimination/prejudice,sociocultural control,discrimination/prejudice,discrimination/prejudice,discrimination/prejudice,discrimination/prejudice,demographics,aggression,discrimination/prejudice,verbal/written expressions,discrimination/prejudice,discrimination/prejudice,sociocultural control,discrimination/prejudice,discrimination/prejudice,discrimination/prejudice,discrimination/prejudice,sociocultural control,sociocultural control,sociocultural control,"discrimination/prejudice, verbal/written expression","discrimination/prejudice, verbal/written expression","discrimination/prejudice, verbal/written expression",sociocultural control,sociocultural control,discrimination/prejudice,discrimination/prejudice,socioeconomic status,socioeconomic status,socioeconomic status,aggression,sociocultural control,sociocultural control,,"discrimination/prejudice, sociocultural control",sociocultural control,socioeconomic status,socioeconomic status,socioeconomic status,socioeconomic status,aggression,socioeconomic status,demographics,demographics,,other characteristics,demographics,sociocultural control,physical action,aggression,aggression,aggression,verbal/written expressions,"aggression, verbal/written expression",other characteristics,other characteristics,aggression,discrimination/prejudice,discrimination/prejudice,verbal/written expressions,demographics,beliefs,aggression,socioeconomic status,socioeconomic status,verbal/written expressions,verbal/written expressions,socioeconomic status,discrimination/prejudice,verbal/written expressions,verbal/written expressions,other characteristics,sociocultural control,sociocultural control,sociocultural control,discrimination/prejudice,discrimination/prejudice,socioeconomic status,demographics,beliefs,sociocultural control,aggression,"discrimination/prejudice, sociocultural control",socioeconomic status,socioeconomic status,socioeconomic status,sociocultural control,discrimination/prejudice,beliefs,beliefs,sociocultural control,demographics,sociocultural control,verbal/written expressions,sociocultural control,socioeconomic status,beliefs,demographics,beliefs,"aggression, physical action","discrimination/prejudice, sociocultural control","discrimination/prejudice, sociocultural control",socioeconomic status,beliefs,beliefs,beliefs,beliefs,other characteristics,other characteristics,demographics,demographics,demographics,beliefs,other characteristics,discrimination/prejudice,verbal/written expressions,socioeconomic status,sociocultural control,sociocultural control,socioeconomic status,socioeconomic status,"aggression, verbal/written expression",sociocultural control,socioeconomic status,demographics,demographics,demographics,discrimination/prejudice,aggression,demographics,sociocultural control,"discrimination/prejudice, verbal/written expression",beliefs,beliefs,beliefs,demographics,demographics,verbal/written expressions,verbal/written expressions,socioeconomic status,socioeconomic status,socioeconomic status,aggression,socioeconomic status,demographics,socioeconomic status,socioeconomic status,socioeconomic status,socioeconomic status,discrimination/prejudice,discrimination/prejudice,discrimination/prejudice,sociocultural control,sociocultural control,socioeconomic status,sociocultural control,sociocultural control,sociocultural control,socioeconomic status,socioeconomic status,demographics,"discrimination/prejudice, verbal/written expression",sociocultural control,socioeconomic status,socioeconomic status,other characteristics,verbal/written expressions,sociocultural control,sociocultural control,"aggression, physical action",socioeconomic status,beliefs,"aggression, physical action"
,Source,Domain,Definition,Originally in (optional),Languge/Culture/Task,(Dis)rispect,Abuse,Age,Appearance,Attack ,Bigot,Caste,Color,Dehumanize,Deprive,Disability,Disease,Disparage,Ethnicity,Gender,Harm,Hate,Hostile,Hurt,Insult,Minority,Nationality,Offend,Pejorative,Political Opinion,Provoke,Race,Rancor,Religion,Sexual Orientation,Slur,Sterotype,Threat,Tribe,Violate,Xenophobic,abasement of dignity,abhorrence,ability,aggression,ancestry,animosity,anti-semitism,antipathy,aversion,belief,belittle,birth,blood type,breed,brutalize,bullying,citizenship,class,commotion,conflict,constitutional condition,contempt,alienation,creed,cultural traits,cultural values,culture,customs,debasement,deception,defamation,defamatory,defame,degradation,degrade,demean,demonize,denial of war crimes,denigrate,denigration,derogate,derogatory language,descent,detestation,devalue,diminishing,discirmination,discontent,discord,discredit,discriminate,discrimination,discriminatory,disharmony,disinformation,disorder,disparage,disparagement,disparity,disturb,disunity,divide,division,economic status,economic/social origin,employment,enmity,ethnic cleansing,ethnocentricism,exceptionality,exclusion,explotation/trafficking of human being,familial status,family,family situation,family status,fear,financial status,foreigners,gender identity,generation,genetic characteristics,genetic origin,genocide,gesture,harass,harassing,harassment,harsh language,hate,health,health characteristics,hostility,humiliate,humiliation,humour,identity,ideology,ill will,immigration status,immigration?,impolite,inappropriate language,income,inferiority,inflammatory,insulting,intellectual ability,interference,intimidate,intimidating,intolerance,islamic principles,job,language,life stance,limitation of rights,malice,marginalize,marital status,mental capacity,migrants,misinformation,mock,moral orientations,morality,nationalism,native identity,objectifying,obscene,obstruct rights,occupation,opinion,origin,outlook on life,outrage,persecute,persecution,personal status,philosophical group,philosophical ideology,philosophical movement,philosophical opinion,physical condition,physical damage,place of birth,place of origin,place of residence,politics,pregnancy,prejudice,profanity,profession,propaganda,propagate,property,property status,provocation,radical nationalism,refugees,region,regional origin,regional segregation,rejection,resentment,residence,revolt,ridicule,sect,sectarianism,sects,sex,sex change,slander,slur,social,social class,social classes,social hate,social or economic status,social origin,social status,socioeconomic,socioeconomic class,socioeconomic status,stigma,stigmatisation,stigmatize,superiority,supremacy,syndicate,terrorism,subvert,totality,trade union activity,trade union membership,traditions,undermining,unrest,veteran,veteran status,victims of violent event,vilify,violate equality,violation of rights,violence,wealth,worldview,wound
0,L-HSAB: A Levantine Twitter Dataset for Hate Speech and Abusive Language,research paper,"hate speech (HS) is formally defined as “any communication that disparages a person or a group on the basis of some
characteristic such as race, color, ethnicity, gender, sexual orientation, nationality, religion, or
other characteristic”","John T. Nockleby. 2000. Hate Speech, volume 1. Encyclopedia of the American Constitution (2nd ed.,
edited by Leonard W. Levy, Kenneth L. Karst et al.
New York: Macmillan, New York: Macmillan.",Arabic,0,0,0,0,0,0,0,1,0,0,0,0,1,1,1,0,0,0,0,0,0,1,0,0,0,0,1,0,1,1,0,0,0,0,0,0,0,0,0,0,0,0,0,0,0,0,0,0,0,0,0,0,0,0,0,0,0,0,0,0,0,0,0,0,0,0,0,0,0,0,0,0,0,0,0,0,0,0,0,0,0,0,0,0,0,0,0,0,0,0,0,0,0,0,0,0,0,0,0,0,0,0,0,0,0,0,0,0,0,0,0,0,0,0,0,0,0,0,0,0,0,0,0,0,0,0,0,0,0,0,0,0,0,0,0,0,0,0,0,0,0,0,0,0,0,0,0,0,0,0,0,0,0,0,0,0,0,0,0,0,0,0,0,0,0,0,0,0,0,0,0,0,0,0,0,0,0,0,0,0,0,0,0,0,0,0,0,0,0,0,0,0,0,0,0,0,0,0,0,0,0,0,0,0,0,0,0,0,0,0,0,0,0,0,0,0,0,0,0,0,0,0,0,0,0,0,0,0,0,0,0,0,0,0,0,0,0,0,0,0,0,0,0,0,0
1,Are They our Brothers? Analysis and Detection of Religious Hate Speech in the Arabic Twittersphere,research paper,"Religious hate speech which we define as a speech that is insulting, offensive, or hurtful and is intended to incite hate, discrimination, or violence against an individual or a group of people on the basis of religious beliefs or lack of any religious beliefs",0,Arabic,0,0,0,0,0,0,0,0,0,0,0,0,0,0,0,0,1,0,1,1,0,0,1,0,0,0,0,0,1,0,0,0,0,0,1,0,0,0,0,0,0,0,0,0,0,0,0,0,0,0,0,0,0,0,0,0,0,0,0,0,0,0,0,0,0,0,0,0,0,0,0,0,0,0,0,0,0,0,0,0,0,0,0,0,0,0,1,0,0,0,0,0,0,0,0,0,0,0,0,0,0,0,0,0,0,0,0,0,0,0,0,0,0,0,0,0,0,0,0,0,0,0,0,0,0,0,0,0,0,0,0,0,0,0,0,0,0,0,0,0,0,0,0,0,0,0,0,0,0,0,0,0,0,0,0,0,0,0,0,0,0,0,0,0,0,0,0,0,0,0,0,0,0,0,0,0,0,0,0,0,0,0,0,0,0,0,0,0,0,0,0,0,0,0,0,0,0,0,0,0,0,0,0,0,0,0,0,0,0,0,0,0,0,0,0,0,0,0,0,0,0,0,0,0,0,0,0,0,0,0,0,0,0,0,0,0,0,0,0,0,0,1,0,0,0
2,"Hate Speech detection in the Bengali language:
A dataset and its baseline evaluation",research paper,"Hate speech is a sentence that dehumanizes one or multiple persons or a
community. Dehumanizing can be done by comparing the person or community to an insect, object, or a criminal. It can also be done by targeting a
person based on their race, gender, physical and mental disability.",0,Bengali,0,0,0,0,0,0,0,0,1,0,1,0,0,0,1,0,0,0,0,0,0,1,0,0,0,0,1,0,0,0,0,0,0,0,0,0,0,0,0,0,0,0,0,0,0,0,0,0,0,0,0,0,0,0,0,0,0,0,0,0,0,0,0,0,0,0,0,0,0,0,0,0,0,0,0,0,0,0,0,0,0,0,0,0,0,0,0,0,0,0,0,0,0,0,0,0,0,0,0,0,0,0,0,0,0,0,0,0,0,0,0,0,0,0,0,0,0,0,0,0,0,0,0,0,0,0,0,0,0,0,0,0,0,0,0,0,0,0,0,0,0,0,0,0,0,0,0,0,0,0,0,0,0,0,0,0,0,0,0,0,0,0,0,0,1,0,0,0,0,0,0,0,0,0,0,0,0,0,0,0,0,0,0,0,0,0,0,0,0,0,0,0,0,0,0,0,0,0,0,0,0,0,0,0,0,0,0,0,0,0,0,0,0,0,0,0,0,0,0,0,0,0,0,0,0,0,0,0,0,0,0,0,0,0,0,0,0,0,0,0,0,0,0,0,0
3,DALC: the Dutch Abusive Language Corpus ,research paper,"impolite, harsh, or hurtful language (that may
contain profanities or vulgar language) that
result in a debasement, harassment, threat, or aggression of an individual or a (social) group,
but not necessarily of an entity, an institution,
an organization, or a concept.",0,Dutch,0,0,0,0,0,0,0,0,0,0,0,0,0,0,0,0,0,0,1,0,0,0,0,0,0,0,0,0,0,0,0,0,1,0,0,0,0,0,0,1,0,0,0,0,0,0,0,0,0,0,0,0,0,0,0,0,0,0,0,0,0,0,0,0,1,0,0,0,0,0,0,0,0,0,0,0,0,0,0,0,0,0,0,0,0,0,0,0,0,0,0,0,0,0,0,0,0,0,0,0,0,0,0,0,0,0,0,0,0,0,0,0,0,0,0,0,0,0,0,0,0,1,0,1,0,0,0,0,0,0,0,0,0,0,0,0,0,1,0,0,0,0,0,0,0,0,0,0,0,0,0,0,0,0,0,0,0,0,0,0,0,0,0,0,0,0,0,0,0,0,0,0,0,0,0,0,0,0,0,0,0,0,0,0,0,0,0,1,0,0,0,0,0,0,0,0,0,0,0,0,0,0,0,0,0,0,0,0,0,0,0,0,0,0,0,0,0,0,0,0,0,0,0,0,0,0,0,0,0,0,0,0,0,0,0,0,0,0,0,0,0,0,0,0,0
4,Hate Speech Dataset from a White Supremacy Forum,research paper,"Hate speech is commonly defined as any communication that disparages a target group of
people based on some characteristic such as
race, colour, ethnicity, gender, sexual orientation, nationality, religion, or other characteristic.",0,English,0,0,0,0,0,0,0,1,0,0,0,0,1,1,1,0,0,0,0,0,0,1,0,0,0,0,1,0,1,1,0,0,0,0,0,0,0,0,0,0,0,0,0,0,0,0,0,0,0,0,0,0,0,0,0,0,0,0,0,0,0,0,0,0,0,0,0,0,0,0,0,0,0,0,0,0,0,0,0,0,0,0,0,0,0,0,0,0,0,0,0,0,0,0,0,0,0,0,0,0,0,0,0,0,0,0,0,0,0,0,0,0,0,0,0,0,0,0,0,0,0,0,0,0,0,0,0,0,0,0,0,0,0,0,0,0,0,0,0,0,0,0,0,0,0,0,0,0,0,0,0,0,0,0,0,0,0,0,0,0,0,0,0,0,0,0,0,0,0,0,0,0,0,0,0,0,0,0,0,0,0,0,0,0,0,0,0,0,0,0,0,0,0,0,0,0,0,0,0,0,0,0,0,0,0,0,0,0,0,0,0,0,0,0,0,0,0,0,0,0,0,0,0,0,0,0,0,0,0,0,0,0,0,0,0,0,0,0,0,0,0,0,0,0,0
5,"Hateful Symbols or Hateful People?
Predictive Features for Hate Speech Detection on Twitter",research paper,"A tweet is offensive if it
1. uses a sexist or racial slur.
2. attacks a minority.
3. seeks to silence a minority.
4. criticizes a minority (without a well founded
argument).
5. promotes, but does not directly use, hate
speech or violent crime.
6. criticizes a minority and uses a straw man argument.
7. blatantly misrepresents truth or seeks to distort views on a minority with unfounded
claims.
8. shows support of problematic hash tags. E.g.
“#BanIslam”, “#whoriental”, “#whitegenocide”
9. negatively stereotypes a minority.
10. defends xenophobia or sexism.
11. contains a screen name that is offensive, as
per the previous criteria, the tweet is ambiguous (at best), and the tweet is on a topic that
satisfies any of the above criteria. ",0,English,0,0,0,0,1,0,0,0,0,0,0,0,0,0,1,0,1,0,0,0,1,0,1,0,0,0,1,0,0,0,1,1,0,0,0,1,0,0,0,0,0,0,0,0,0,0,0,0,0,0,0,0,0,0,0,0,0,0,0,0,0,0,0,0,0,0,0,0,0,0,0,0,0,0,0,0,0,0,0,0,0,0,0,0,0,0,0,0,0,0,0,0,0,0,0,0,0,0,0,0,0,0,0,0,0,0,0,0,0,0,0,0,0,0,0,0,0,0,0,0,0,0,0,0,0,0,0,0,0,0,0,0,0,0,0,0,0,0,0,0,0,0,0,0,0,0,0,0,0,0,0,0,0,0,0,0,0,0,0,0,0,0,0,0,0,0,0,0,0,0,0,0,0,0,0,0,0,0,0,0,0,0,0,0,0,0,0,0,0,0,0,0,0,0,0,0,0,0,0,0,0,0,0,0,0,0,0,0,0,0,1,0,0,0,0,0,0,0,0,0,0,0,0,0,0,0,0,0,0,0,0,0,0,0,0,0,0,0,0,0,0,1,0,0,0
6,Detecting Online Hate Speech Using Context Aware Models,research paper," We define
hateful speech to be the language which explicitly or implicitly threatens or demeans a person or
a group based upon a facet of their identity such
as gender, ethnicity, or sexual orientation.",0,English,0,0,0,0,0,0,0,0,0,0,0,0,0,1,1,0,0,0,0,0,0,0,0,0,0,0,0,0,0,1,0,0,1,0,0,0,0,0,0,0,0,0,0,0,0,0,0,0,0,0,0,0,0,0,0,0,0,0,0,0,0,0,0,0,0,0,0,0,0,0,0,1,0,0,0,0,0,0,0,0,0,0,0,0,0,0,0,0,0,0,0,0,0,0,0,0,0,0,0,0,0,0,0,0,0,0,0,0,0,0,0,0,0,0,0,0,0,0,0,0,0,0,0,0,0,0,0,0,0,0,0,0,0,0,0,0,0,0,0,0,0,0,0,0,0,0,0,0,0,0,0,0,0,0,0,0,0,0,0,0,0,0,0,0,0,0,0,0,0,0,0,0,0,0,0,0,0,0,0,0,0,0,0,0,0,0,0,0,0,0,0,0,0,0,0,0,0,0,0,0,0,0,0,0,0,0,0,0,0,0,0,0,0,0,0,0,0,0,0,0,0,0,0,0,0,0,0,0,0,0,0,0,0,0,0,0,0,0,0,0,0,0,0,0,0
7,Introducing the GAB corpus,research paper,"Language that intends to — through rhetorical devices and contextual
references — attack the dignity of a group of people, either through an
incitement to violence, encouragement of the incitement to violence, or the
incitement to hatred",0,English,0,0,0,0,1,0,0,0,0,0,0,0,0,0,0,0,1,0,0,0,0,0,0,0,0,0,0,0,0,0,0,0,0,0,1,0,0,0,0,0,0,0,0,0,0,0,0,0,0,0,0,0,0,0,0,0,0,0,0,0,0,0,0,0,0,0,0,0,0,0,0,0,0,0,0,0,0,0,0,0,0,0,0,0,0,0,0,0,0,0,0,0,0,0,0,0,0,0,0,0,0,0,0,0,0,0,0,0,0,0,0,0,0,0,0,0,0,0,0,0,0,0,0,0,0,0,0,0,0,0,0,0,0,0,0,0,0,0,0,0,0,0,0,0,0,0,0,0,0,0,0,0,0,0,0,0,0,0,0,0,0,0,0,0,0,0,0,0,0,0,0,0,0,0,0,0,0,0,0,0,0,0,0,0,0,0,0,0,0,0,0,0,0,0,0,0,0,0,0,0,0,0,0,0,0,0,0,0,0,0,0,0,0,0,0,0,0,0,0,0,0,0,0,0,0,0,0,0,0,0,0,0,0,0,0,0,0,0,0,0,0,1,0,0,0
8,Characterizing and Detecting Hateful Users on Twitter,research paper,"“hate speech” is any type of content that ‘promotes
violence against or directly attack or threaten other people
on the basis of race, ethnicity, national origin, sexual orientation, gender, gender identity, religious affiliation, age, disability, or disease.",Twitter Hateful Conduct,English,0,0,1,0,1,0,0,0,0,0,1,1,0,1,1,0,0,0,0,0,0,1,0,0,0,0,1,0,1,1,0,0,1,0,0,0,0,0,0,0,0,0,0,0,0,0,0,0,0,0,0,0,0,0,0,0,0,0,0,0,0,0,0,0,0,0,0,0,0,0,0,0,0,0,0,0,0,0,0,0,0,0,0,0,0,0,0,0,0,0,0,0,0,0,0,0,0,0,0,0,0,0,0,0,0,0,0,0,0,0,0,0,0,0,0,0,0,0,0,0,0,0,0,0,0,0,0,0,0,0,0,0,0,0,0,0,0,0,0,0,0,0,0,0,0,0,0,0,0,0,0,0,0,0,0,0,0,0,0,0,0,0,0,0,0,0,0,0,0,0,0,0,0,0,0,0,0,0,0,0,0,0,0,0,0,0,0,0,0,0,0,0,0,0,0,0,0,0,0,0,0,0,0,0,0,0,0,0,0,0,0,0,0,0,0,0,0,0,0,0,0,0,0,0,0,0,0,0,0,0,0,0,0,0,0,0,0,0,0,0,0,0,0,0,0
9,A Benchmark Dataset for Learning to Intervene in Online Hate Speech,research paper,"We define hate
speech as a direct attack on people based on what
we call protected characteristics race, ethnicity,
national origin, religious affiliation, sexual orientation, caste, sex, gender, gender identity, and serious disease or disability",Facebook policy,English,0,0,0,0,1,0,1,0,0,0,1,1,0,1,1,0,0,0,0,0,0,1,0,0,0,0,1,0,1,1,0,0,0,0,0,0,0,0,0,0,0,0,0,0,0,0,0,0,0,0,0,0,0,0,0,0,0,0,0,0,0,0,0,0,0,0,0,0,0,0,0,0,0,0,0,0,0,0,0,0,0,0,0,0,0,0,0,0,0,0,0,0,0,0,0,0,0,0,0,0,0,0,0,0,0,0,0,0,0,0,0,0,0,0,0,0,0,0,0,0,0,0,0,0,0,0,0,0,0,0,0,0,0,0,0,0,0,0,0,0,0,0,0,0,0,0,0,0,0,0,0,0,0,0,0,0,0,0,0,0,0,0,0,0,0,0,0,0,0,0,0,0,0,0,0,0,0,0,0,0,0,0,0,0,0,0,0,0,0,0,0,0,0,0,0,0,0,0,0,0,0,0,0,0,0,0,0,1,0,0,0,0,0,0,0,0,0,0,0,0,0,0,0,0,0,0,0,0,0,0,0,0,0,0,0,0,0,0,0,0,0,0,0,0,0
10,Exploring Hate Speech Detection in Multimodal Publications,research paper,"Hate speech is defined in legal literature as
speech (or any form of expression) that expresses (or seeks
to promote, or has the capacity to increase) hatred against a
person or a group of people because of a characteristic they
share, or a group to which they belong. [Hate speech is defined as v]iolence
against or directly attack or threaten other people on the
basis of race, ethnicity, national origin, sexual orientation,
gender, gender identity, religious affiliation, age, disability,
or serious disease.",Legal source/ Twitter Hateful Conduct,English/Multimodal,0,0,1,0,1,0,0,0,0,0,1,1,0,1,1,0,1,0,0,0,0,1,0,0,0,0,1,0,1,1,0,0,1,0,1,0,0,0,0,0,0,0,0,0,0,0,0,0,0,0,0,0,0,0,0,0,0,0,0,0,0,0,0,0,0,0,0,0,0,0,0,0,0,0,0,0,0,0,0,0,0,0,0,0,0,0,0,0,0,0,0,0,0,0,0,0,0,0,0,0,0,0,0,0,0,0,0,0,0,0,0,0,0,0,0,0,0,0,0,0,0,0,0,0,0,0,0,0,0,0,0,0,0,0,0,0,0,0,0,0,0,0,0,0,0,0,0,0,0,0,0,0,0,0,0,0,0,0,0,0,0,0,0,0,0,0,0,0,0,0,0,0,0,0,0,0,0,0,0,0,0,0,0,0,0,0,0,0,0,0,0,0,0,0,0,0,0,0,0,0,0,0,0,0,0,0,0,0,0,0,0,0,0,0,0,0,0,0,0,0,0,0,0,0,0,0,0,0,0,0,0,0,0,0,0,0,0,0,0,0,0,1,0,0,0
11,"SemEval-2019 Task 5: Multilingual Detection of Hate Speech Against
Immigrants and Women in Twitter",research paper,"Hate Speech is commonly defined as any communication that disparages a person or a group on the basis of some characteristic such as race, color, ethnicity, gender, sexual orientation, nationality, religion, or other characteristics.

More specifically, HS against immigrants may include:

insults, threats, denigrating or hateful expressions

incitement to hatred, violence or violation of rights to individuals or groups perceived as different for somatic traits (e.g. skin color), origin, cultural traits, language, etc.

presumed association of origin/ethnicity with cognitive abilities, propensity to crime, laziness or other vices

references to the alleged inferiority (or superiority) of some ethnic groups with respect to others

delegitimation of social position or credibility based on origin/ethnicity 

references to certain backgrounds/ethnicities as a threat to the national security or welfare or as competitors in the distribution of government resources

dehumanization or association with animals or entities considered inferior","John T. Nockleby. 2000. Hate Speech, volume 1. Encyclopedia of the American Constitution (2nd ed.,
edited by Leonard W. Levy, Kenneth L. Karst et al.
New York: Macmillan, New York: Macmillan.",Multilingual,0,0,0,0,0,0,0,1,1,0,0,0,1,1,1,0,1,0,0,1,0,1,0,0,0,0,1,0,1,1,0,0,1,0,1,0,0,0,0,0,0,0,0,0,0,0,0,0,0,0,0,0,0,0,0,0,0,0,0,0,1,0,0,0,0,0,0,0,0,0,0,0,0,0,0,0,0,0,0,0,0,0,0,0,0,0,0,0,0,0,0,0,0,0,0,0,0,0,0,0,0,0,0,0,0,0,0,0,0,0,0,0,0,0,0,0,0,0,0,0,0,0,0,0,0,0,0,0,0,0,0,0,0,0,0,0,0,0,0,0,1,0,0,0,0,0,0,0,0,0,1,0,0,0,0,0,0,0,0,0,0,0,0,0,0,0,0,0,0,0,0,0,0,0,0,0,0,0,0,0,0,0,0,0,0,0,0,0,0,0,0,0,0,0,0,0,0,0,0,0,0,0,0,0,0,0,0,0,0,0,0,0,0,0,0,0,0,0,0,0,0,0,0,0,0,0,0,0,0,0,0,0,0,0,0,0,0,0,0,0,0,1,0,0,0
12,Automated Hate Speech Detection and the Problem of Offensive Language,research paper,"we define hate speech
as language that is used to expresses hatred towards a targeted
group or is intended to be derogatory, to humiliate,
or to insult the members of the group.",0,English,0,0,0,0,0,0,0,0,0,0,0,0,0,0,0,0,1,0,0,1,0,0,0,0,0,0,0,0,0,0,0,0,0,0,0,0,0,0,0,0,0,0,0,0,0,0,0,0,0,0,0,0,0,0,0,0,0,0,0,0,0,0,0,0,0,0,0,0,0,0,0,0,0,0,0,0,1,0,0,0,0,0,0,0,0,0,0,0,0,0,0,0,0,0,0,0,0,0,0,0,0,0,0,0,0,0,0,0,0,0,0,0,0,0,0,0,0,0,0,0,0,0,0,0,0,0,0,0,0,1,0,0,0,0,0,0,0,0,0,0,0,0,0,0,0,0,0,0,0,0,0,0,0,0,0,0,0,0,0,0,0,0,0,0,0,0,0,0,0,0,0,0,0,0,0,0,0,0,0,0,0,0,0,0,0,0,0,0,0,0,0,0,0,0,0,0,0,0,0,0,0,0,0,0,0,0,0,0,0,0,0,0,0,0,0,0,0,0,0,0,0,0,0,0,0,0,0,0,0,0,0,0,0,0,0,0,0,0,0,0,0,0,0,0,0
13,"Not All Counterhate Tweets Elicit the Same Replies:
A Fine-Grained Analysis",research paper,"We define a hateful tweet as
any tweet that contains abusive language directed
to individuals or groups of people.",0,English,0,1,0,0,0,0,0,0,0,0,0,0,0,0,0,0,0,0,0,0,0,0,0,0,0,0,0,0,0,0,0,0,0,0,0,0,0,0,0,0,0,0,0,0,0,0,0,0,0,0,0,0,0,0,0,0,0,0,0,0,0,0,0,0,0,0,0,0,0,0,0,0,0,0,0,0,0,0,0,0,0,0,0,0,0,0,0,0,0,0,0,0,0,0,0,0,0,0,0,0,0,0,0,0,0,0,0,0,0,0,0,0,0,0,0,0,0,0,0,0,0,0,0,0,0,0,0,0,0,0,0,0,0,0,0,0,0,0,0,0,0,0,0,0,0,0,0,0,0,0,0,0,0,0,0,0,0,0,0,0,0,0,0,0,0,0,0,0,0,0,0,0,0,0,0,0,0,0,0,0,0,0,0,0,0,0,0,0,0,0,0,0,0,0,0,0,0,0,0,0,0,0,0,0,0,0,0,0,0,0,0,0,0,0,0,0,0,0,0,0,0,0,0,0,0,0,0,0,0,0,0,0,0,0,0,0,0,0,0,0,0,0,0,0,0
14,Pinpointing Fine-Grained Relationships between Hateful Tweets and Replies,research paper,"all forms of expression which spread,
incite, promote or justify racial hatred, xenophobia, anti-
Semitism or other forms of hatred based on intolerance, including
intolerance expressed by aggressive nationalism and
ethnocentrism, discrimination and hostility against minorities,
migrants and people of immigrant origin.",The Committee of Ministers of the Council of Europe,,0,0,0,0,0,0,0,0,0,0,0,0,0,1,0,0,1,1,0,0,1,1,0,0,0,0,1,0,0,0,0,0,0,0,0,1,0,0,0,0,0,0,1,0,0,0,0,0,0,0,0,0,0,0,0,0,0,0,0,0,0,0,0,0,0,0,0,0,0,0,0,0,0,0,0,0,0,0,0,0,0,0,0,0,0,0,1,1,0,0,0,0,0,0,0,0,0,0,0,0,0,0,0,0,1,0,0,0,0,0,0,0,0,0,0,0,0,0,0,0,0,0,0,0,0,0,0,0,0,0,0,0,0,0,0,0,0,0,0,0,0,0,0,0,0,0,0,1,0,0,0,0,0,0,0,0,0,1,0,0,0,0,1,0,0,0,0,0,0,0,0,0,0,0,0,0,0,0,0,0,0,0,0,0,0,0,0,0,0,0,0,0,0,0,0,0,0,0,0,0,0,0,0,0,0,0,0,0,0,0,0,0,0,0,0,0,0,0,0,0,0,0,0,0,0,0,0,0,0,0,0,0,0,0,0,0,0,0,0,0,0,0,0,0,0
15,"Constructing interval variables via faceted Rasch measurement
and multitask deep learning: a hate speech application",research paper,"We draw from the legal definition of hate crimes in the United States that protects
against discriminatory actions targeting one of the following protected groups: race,
religion, ethnicity, nationality, gender, sexual orientation, gender identity, and
disability. ", Legal definition of hate crimes in the United States,English,0,0,0,0,0,0,0,0,0,0,1,0,0,1,1,0,0,0,0,0,0,1,0,0,0,0,1,0,1,1,0,0,0,0,0,0,0,0,0,0,0,0,0,0,0,0,0,0,0,0,0,0,0,0,0,0,0,0,0,0,0,0,0,0,0,0,0,0,0,0,0,0,0,0,0,0,0,0,0,0,0,0,0,0,0,0,1,0,1,0,0,0,0,0,0,0,0,0,0,0,0,0,0,0,0,0,0,0,0,0,0,0,0,0,0,0,0,0,0,0,0,0,0,0,0,0,0,0,0,0,0,0,0,0,0,0,0,0,0,0,0,0,0,0,0,0,0,0,0,0,0,0,0,0,0,0,0,0,0,0,0,0,0,0,0,0,0,0,0,0,0,0,0,0,0,0,0,0,0,0,0,0,0,0,0,0,0,0,0,0,0,0,0,0,0,0,0,0,0,0,0,0,0,0,0,0,0,0,0,0,0,0,0,0,0,0,0,0,0,0,0,0,0,0,0,0,0,0,0,0,0,0,0,0,0,0,0,0,0,0,0,0,0,0,0
16,"Learning from the Worst: Dynamically Generated Datasets
to Improve Online Hate Detection",research paper," ‘Hate’ is defined as “abusive speech targeting specific group characteristics,
such as ethnic origin, religion, gender, or sexual
orientation.”","William Warner and Julia Hirschberg. 2012. Detecting
hate speech on the world wide web. In Proceedings
of the Second Workshop on Language in Social Media, pages 19–26.",English,0,1,0,0,0,0,0,0,0,0,0,0,0,1,1,0,0,0,0,0,0,0,0,0,0,0,0,0,1,1,0,0,0,0,0,0,0,0,0,0,0,0,0,0,0,0,0,0,0,0,0,0,0,0,0,0,0,0,0,0,0,0,0,0,0,0,0,0,0,0,0,0,0,0,0,0,0,0,0,0,0,0,0,0,0,0,0,0,0,0,0,0,0,0,0,0,0,0,0,0,0,0,0,0,0,0,0,0,0,0,0,0,0,0,0,0,0,0,0,0,0,0,0,0,0,0,0,0,0,0,0,0,0,0,0,0,0,0,0,0,0,0,0,0,0,0,0,0,0,0,0,0,0,0,0,0,0,0,0,0,0,0,0,0,0,0,0,0,0,0,0,0,0,0,0,0,0,0,0,0,0,0,0,0,0,0,0,0,0,0,0,0,0,0,0,0,0,0,0,0,0,0,0,0,0,0,0,0,0,0,0,0,0,0,0,0,0,0,0,0,0,0,0,0,0,0,0,0,0,0,0,0,0,0,0,0,0,0,0,0,0,0,0,0,0
17,Hate Speech Dataset from a White Supremacy Forum,research paper,"Hate speech is commonly defined as any communication that disparages a target group of people based on some characteristic such as race, colour, ethnicity, gender, sexual orientation, nationality, religion, or other characteristic. ",0,English,0,0,0,0,0,0,0,1,0,0,0,0,1,1,1,0,0,0,0,0,0,1,0,0,0,0,1,0,1,1,0,0,0,0,0,0,0,0,0,0,0,0,0,0,0,0,0,0,0,0,0,0,0,0,0,0,0,0,0,0,0,0,0,0,0,0,0,0,0,0,0,0,0,0,0,0,0,0,0,0,0,0,0,0,0,0,0,0,0,0,0,0,0,0,0,0,0,0,0,0,0,0,0,0,0,0,0,0,0,0,0,0,0,0,0,1,0,0,0,0,0,0,0,0,0,0,0,0,0,0,0,0,0,0,0,0,0,0,0,0,0,0,0,0,0,0,0,0,0,0,0,0,0,0,0,0,0,0,0,0,0,0,0,0,0,0,0,0,0,0,0,0,0,0,0,0,0,0,0,0,0,0,0,0,0,0,0,0,0,0,0,0,0,0,0,0,0,0,0,0,0,0,0,0,0,0,0,0,0,0,0,0,0,0,0,0,0,0,0,0,0,0,0,0,0,0,0,0,0,0,0,0,0,0,0,0,0,0,0,0,0,0,0,0,0
18,"HATEMOJI: A Test Suite and Adversarially-Generated Dataset for
Benchmarking and Detecting Emoji-Based Hate",research paper,"Any kind of communication in speech, writing or behavior, that attacks
or uses pejorative or discriminatory language with
reference to a person or a group on the basis of who
they are, in other words, based on their religion,
ethnicity, nationality, race, color, descent, gender or
other identity factor.","United Nations, 2019, p.2",English,0,0,0,0,1,0,0,1,0,0,0,0,0,1,1,0,0,0,0,0,0,1,0,1,0,0,1,0,1,0,0,0,0,0,0,0,0,0,0,0,0,0,0,0,0,0,0,0,0,0,0,0,0,0,0,0,0,0,0,0,0,0,0,0,0,0,0,0,0,0,0,0,0,0,0,0,0,0,1,0,0,0,0,0,0,0,0,0,1,0,0,0,0,0,0,0,0,0,0,0,0,0,0,0,0,0,0,0,0,0,0,0,0,0,0,0,0,0,0,0,0,0,0,0,0,0,0,0,0,0,0,0,1,0,0,0,0,0,0,0,0,0,0,0,0,0,0,0,0,0,0,0,0,0,0,0,0,0,0,0,0,0,0,0,0,0,0,0,0,0,0,0,0,0,0,0,0,0,0,0,0,0,0,0,0,0,0,0,0,0,0,0,0,0,0,0,0,0,0,0,0,0,0,0,0,0,0,0,0,0,0,0,0,0,0,0,0,0,0,0,0,0,0,0,0,0,0,0,0,0,0,0,0,0,0,0,0,0,0,0,0,0,0,0,0
19,HATECHECK: Functional Tests for Hate Speech Detection Models,research paper," [] define hate speech as abuse
that is targeted at a protected group or at its members for being a part of that group. We define
protected groups based on age, disability, gender
identity, familial status, pregnancy, race, national
or ethnic origins, religion, sex or sexual orientation,
which broadly reflects international legal consensus (particularly the UK’s 2010 Equality Act, the
US 1964 Civil Rights Act and the EU’s Charter
of Fundamental Rights).","They draw
definitions of hate speech (Warner and Hirschberg,
2012; Davidson et al., 2017) as well as recent typologies of abusive content (Vidgen et al., 2019;
Banko et al., 2020) to",English,0,1,1,0,0,0,1,0,0,0,1,0,0,1,1,0,0,0,0,0,0,1,0,0,0,0,1,0,1,1,0,0,0,0,0,0,0,0,0,0,0,0,0,0,0,0,0,0,0,0,0,0,0,0,0,0,0,0,0,0,0,0,0,0,0,0,0,0,0,0,0,0,0,0,0,0,0,0,0,0,0,0,0,0,0,0,0,0,0,0,0,0,0,0,0,0,0,0,0,0,0,0,0,0,0,0,0,0,1,0,0,1,0,0,0,0,0,0,0,0,0,0,0,0,0,0,0,0,0,0,0,0,0,0,0,0,0,0,0,0,0,0,0,0,0,0,0,0,0,0,0,0,0,0,0,0,0,0,0,0,0,0,0,0,0,0,0,0,0,0,0,0,0,0,0,0,0,0,0,0,0,0,0,0,0,1,0,0,0,0,0,0,0,0,0,0,0,0,0,0,0,0,0,0,0,0,0,0,0,0,0,0,0,0,0,0,0,0,0,0,0,0,0,0,0,0,0,0,0,0,0,0,0,0,0,0,0,0,0,0,0,0,0,0,0
20,DeTox: A Comprehensive Dataset for German Offensive Language and Conversation Analysis,research paper,"Hate speech is defined as any
form of expression that attacks or disparages persons or groups by characteristics attributed to the
groups. Discriminatory statements can be aimed at,
for example, political attitudes, religious affiliation
or sexual identity of the victims.",0,German,0,0,0,0,1,0,0,0,0,0,0,0,1,0,1,0,0,0,0,0,0,0,0,0,1,0,0,0,1,1,0,0,0,0,0,0,0,0,0,0,0,0,0,0,0,0,0,0,0,0,0,0,0,0,0,0,0,0,0,0,0,0,0,0,0,0,0,0,0,0,0,0,0,0,0,0,0,0,0,0,0,0,0,0,0,0,0,0,1,0,0,0,0,0,0,0,0,0,0,0,0,0,0,0,0,0,0,0,0,0,0,0,0,0,0,0,0,0,0,0,0,0,0,0,0,0,0,0,0,0,0,0,0,0,0,0,0,0,0,0,0,0,0,0,0,0,0,0,0,0,0,0,0,0,0,0,0,0,0,0,0,0,0,0,0,0,0,0,0,0,0,0,0,0,0,0,0,0,0,0,0,0,0,0,1,0,0,0,0,0,0,0,0,0,0,0,0,0,0,0,0,0,0,0,0,0,0,0,0,0,0,0,0,0,0,0,0,0,0,0,0,0,0,0,0,0,0,0,0,0,0,0,0,0,0,0,0,0,0,0,0,0,0,0,0
21,Measuring the Reliability of Hate Speech Annotations: The Case of the European Refugee Crisis,research paper,"“hate speech” is any type of content that ‘promotes
violence against or directly attack or threaten other people
on the basis of race, ethnicity, national origin, sexual orientation, gender, gender identity, religious affiliation, age, disability, or disease.",Twitter Hateful Conduct,German,0,0,1,0,1,0,0,0,0,0,1,1,0,1,1,0,0,0,0,0,0,1,0,0,0,0,1,0,1,1,0,0,1,0,1,0,0,0,0,0,0,0,0,0,0,0,0,0,0,0,0,0,0,0,0,0,0,0,0,0,0,0,0,0,0,0,0,0,0,0,0,0,0,0,0,0,0,0,0,0,0,0,0,0,0,0,0,0,0,0,0,0,0,0,0,0,0,0,0,0,0,0,0,0,0,0,0,0,0,0,0,0,0,0,0,0,0,0,0,0,0,0,0,0,0,0,0,0,0,0,0,0,0,0,0,0,0,0,0,0,0,0,0,0,0,0,0,0,0,0,0,0,0,0,0,0,0,0,0,0,0,0,0,0,0,0,0,0,0,0,0,0,0,0,0,0,0,0,0,0,0,0,0,0,0,0,0,0,0,0,0,0,0,0,0,0,0,0,0,0,0,0,0,0,0,0,0,0,0,0,0,0,0,0,0,0,0,0,0,0,0,0,0,0,0,0,0,0,0,0,0,0,0,0,0,0,0,0,0,0,0,1,0,0,0
22,"Improving Adversarial Data Collection by Supporting Annotators:
Lessons from GAHD, a German Hate Speech Dataset",research paper,"For an
utterance to be categorized as hate speech, abusive
or discriminatory language must be directed either
at a protected group or at an individual specifically
as a member of a protected group (Poletto et al.,
2021; Yin and Zubiaga, 2021). The term “protected
groups” can be interpreted as referring either to all
social groups defined via characteristics such as
race, religion, gender, sexual orientation, disability,
and similar or only marginalized groups defined
via these characteristics (Khurana et al., 2022). For
this work, we only consider marginalized social
groups as protected groups. Further, we deviate
from previous definitions, by including poor people as a protected group, as has been argued for by
Kiritchenko et al. (2023).","Fabio Poletto, Valerio Basile, Manuela Sanguinetti,
Cristina Bosco, and Viviana Patti. 2021. Resources
and benchmark corpora for hate speech detection: A
systematic review. Language Resources and Evaluation, 55(2):477–523. Wenjie Yin and Arkaitz Zubiaga. 2021. Towards generalisable hate speech detection: A review on obstacles
and solutions. PeerJ Svetlana Kiritchenko, Georgina Curto Rex, Isar Nejadgholi, and Kathleen C. Fraser. 2023. Aporophobia: An overlooked type of toxic language targeting
the poor. In The 7th Workshop on Online Abuse and
Harms (WOAH), pages 113–125, Toronto, Canada.
Association for Computational Linguistics. Urja Khurana, Ivar Vermeulen, Eric Nalisnick, Marloes Van Noorloos, and Antske Fokkens. 2022. Hate
speech criteria: A modular approach to task-specific
hate speech definitions. In Proceedings of the Sixth
Workshop on Online Abuse and Harms (WOAH),
pages 176–191, Seattle, Washington (Hybrid). Association for Computational Linguistics.",German,0,1,0,0,0,0,0,0,0,0,1,0,0,0,1,0,0,0,0,0,0,0,0,0,0,0,1,0,1,1,0,0,0,0,0,0,0,0,0,0,0,0,0,0,0,0,0,0,0,0,0,0,0,0,0,0,0,0,0,0,0,0,0,0,0,0,0,0,0,0,0,0,0,0,0,0,0,0,0,0,0,0,0,0,0,0,0,1,1,0,0,0,0,0,0,0,0,0,0,0,0,0,0,0,0,0,0,0,0,0,0,0,0,0,0,0,0,0,0,0,0,0,0,0,0,0,0,0,0,0,0,0,0,0,0,0,0,0,0,0,0,0,0,0,0,0,0,0,0,0,0,0,0,0,0,0,0,0,0,0,0,0,0,0,0,0,0,0,0,0,0,0,0,0,0,0,0,0,0,0,0,0,0,0,0,0,0,0,0,0,0,0,0,0,0,0,0,0,0,0,0,0,0,0,0,0,0,0,0,0,0,0,0,0,0,0,0,0,0,0,0,0,0,0,0,0,0,0,0,0,0,0,0,0,0,0,0,0,0,0,0,0,0,0,0
23,"Hate Speech Detection in the Indonesian Language: A
Dataset and Preliminary Study",research paper,"Hate speech is “any communication that disparages a person or a group on the basis of some characteristic such as race, ethnicity, gender, sexual orientation, nationality, religion, or other characteristic”","W. Warner and J. Hirschberg, ""Detecting hate speech on the world wide web"", Proceeding LSM ‘12 Proc. Second Work. Lang. Soc. Media, pp. 19-26, 2012.",Indonesian,0,0,0,0,0,0,0,0,0,0,0,0,1,1,1,0,0,0,0,0,0,1,0,0,0,0,1,0,1,1,0,0,0,0,0,0,0,0,0,0,0,0,0,0,0,0,0,0,0,0,0,0,0,0,0,0,0,0,0,0,0,0,0,0,0,0,0,0,0,0,0,0,0,0,0,0,0,0,0,0,0,0,0,0,0,0,0,0,0,0,0,0,0,0,0,0,0,0,0,0,0,0,0,0,0,0,0,0,0,0,0,0,0,0,0,0,0,0,0,0,0,0,0,0,0,0,0,0,0,0,0,0,0,0,0,0,0,0,0,0,0,0,0,0,0,0,0,0,0,0,0,0,0,0,0,0,0,0,0,0,0,0,0,0,0,0,0,0,0,0,0,0,0,0,0,0,0,0,0,0,0,0,0,0,0,0,0,0,0,0,0,0,0,0,0,0,0,0,0,0,0,0,0,0,0,0,0,0,0,0,0,0,0,0,0,0,0,0,0,0,0,0,0,0,0,0,0,0,0,0,0,0,0,0,0,0,0,0,0,0,0,0,0,0,0
24,"Multi-label Hate Speech and Abusive Language Detection in
Indonesian Twitter",research paper,"Hate speech is a direct or indirect speech toward a
person or group containing hatred based on something inherent to that person or group","Komnas HAM. 2015. Buku Saku Penanganan Ujaran
Kebencian (Hate Speech). Komisi Nasional Hak
Asasi Manusia, Jakarta.",Indonesian,0,0,0,0,0,0,0,0,0,0,0,0,0,0,0,0,1,0,0,0,0,0,0,0,0,0,0,0,0,0,0,0,0,0,0,0,0,0,0,0,0,0,0,0,0,0,0,0,0,0,0,0,0,0,0,0,0,0,0,0,0,0,0,0,0,0,0,0,0,0,0,0,0,0,0,0,0,0,0,0,0,0,0,0,0,0,0,0,0,0,0,0,0,0,0,0,0,0,0,0,0,0,0,0,0,0,0,0,0,0,0,0,0,0,0,0,0,0,0,0,0,0,0,0,0,0,0,0,0,0,0,0,0,0,0,0,0,0,0,0,0,0,0,0,0,0,0,0,0,0,0,0,0,0,0,0,0,0,0,0,0,0,0,0,0,0,0,0,0,0,0,0,0,0,0,0,0,0,0,0,0,0,0,0,0,0,0,0,0,0,0,0,0,0,0,0,0,0,0,0,0,0,0,0,0,0,0,0,0,0,0,0,0,0,0,0,0,0,0,0,0,0,0,0,0,0,0,0,0,0,0,0,0,0,0,0,0,0,0,0,0,0,0,0,0
25,Overview of the EVALITA 2018 Hate Speech Detection Task,research paper,"HS can be defined as any expression “that is
abusive, insulting, intimidating, harassing, and/or
incites to violence, hatred, or discrimination. It is
directed against people on the basis of their race,
ethnic origin, religion, gender, age, physical condition, disability, sexual orientation, political conviction, and so forth”","Karmen Erjavec and Melita Poler Kovaciˇ c. 2012. ˇ
”You Don’t Understand, This is a New War!” Analysis of Hate Speech in News Web Sites’ Comments.
Mass Communication and Society, 15(6).",Italian,0,1,1,1,0,0,0,0,0,0,1,1,0,1,1,0,1,0,0,1,0,0,0,0,1,0,1,0,1,1,0,0,0,0,1,0,0,0,0,0,0,0,0,0,0,0,0,0,0,0,0,0,0,0,0,0,0,0,0,0,0,0,0,0,0,0,0,0,0,0,0,0,0,0,0,0,0,0,0,0,0,0,0,0,0,0,0,1,0,0,0,0,0,0,0,0,0,0,0,0,0,0,0,0,0,0,0,0,0,0,0,0,0,0,0,0,0,0,0,0,0,1,1,0,0,0,0,0,0,0,0,0,0,0,0,0,0,0,0,0,0,0,1,0,0,0,1,0,0,0,0,0,0,0,0,0,0,0,0,0,0,0,0,0,0,0,0,0,0,0,0,0,0,0,0,0,0,0,0,0,0,0,0,0,0,0,0,0,0,0,0,0,0,0,0,0,0,0,0,0,0,0,0,0,0,0,0,0,0,0,0,0,0,0,0,0,0,0,0,0,0,0,0,0,0,0,0,0,0,0,0,0,0,0,0,0,0,0,0,0,0,1,0,0,0
26,A Hierarchically-Labeled Portuguese Hate Speech Dataset,research paper,"“Hate speech is language that attacks or diminishes, that incites violence or hate against groups,
based on specific characteristics such as physical appearance, religion, descent, national or ethnic origin, sexual orientation, gender identity or
other, and it can occur with different linguistic
styles, even in subtle forms or when humour is
used.”","Paula Fortuna and Sergio Nunes. 2018. A survey on ´
automatic detection of hate speech in text. ACM
Computing Surveys (CSUR), 51(4):85.",Portuguese,0,0,0,1,1,0,0,0,0,0,0,0,0,1,1,0,1,0,0,0,0,1,0,0,0,0,0,0,1,1,0,0,0,0,1,0,0,0,0,0,0,0,0,0,0,0,0,0,0,0,0,0,0,0,0,0,0,0,0,0,0,0,0,0,0,0,0,0,0,0,0,0,0,0,0,0,0,0,1,0,0,1,0,0,0,0,0,1,0,0,0,0,0,0,0,0,0,0,0,0,0,0,0,0,0,0,0,0,0,0,0,0,0,0,0,0,0,0,0,0,0,0,0,0,0,0,0,0,0,0,0,1,0,0,0,0,0,0,0,0,0,0,0,0,0,0,0,0,0,0,0,0,0,0,0,0,0,0,0,0,0,0,0,0,0,0,0,0,0,0,0,0,0,0,0,0,0,0,0,0,0,0,0,0,0,0,0,0,0,0,0,0,0,0,0,0,0,0,0,0,0,0,0,0,0,0,0,0,0,0,0,0,0,0,0,0,0,0,0,0,0,0,0,0,0,0,0,0,0,0,0,0,0,0,0,0,0,0,0,0,0,1,0,0,0
27,Large-Scale Hate Speech Detection with Cross-Domain Transfer,research paper,"we label tweets as
containing hate speech if they target, incite violence
against, threaten, or call for physical damage for an individual or a group of people because of some identifying trait or characteristic","Sharma, S., Agrawal, S., and Shrivastava, M. (2018).
Degree based classification of harmful speech using
Twitter data. In Proceedings of the First Workshop
on Trolling, Aggression and Cyberbullying (TRAC2018), pages 106–112, Santa Fe, New Mexico, USA.
Association for Computational Linguistics.",English/Turkish ,0,0,0,0,0,0,0,0,0,0,0,0,0,0,0,0,0,0,0,0,0,0,0,0,0,0,0,0,0,0,0,0,1,0,1,0,0,0,0,0,0,0,0,0,0,0,0,0,0,0,0,0,0,0,0,0,0,0,0,0,0,0,0,0,0,0,0,0,0,0,0,0,0,0,0,0,0,0,0,0,0,0,0,0,0,0,0,0,0,0,0,0,0,0,0,0,0,0,0,0,0,0,0,0,0,0,0,0,0,0,0,0,0,0,0,0,0,0,0,0,0,0,0,0,0,0,0,0,0,0,0,0,0,0,0,0,0,0,0,0,0,0,0,0,0,0,0,0,0,0,0,0,0,0,0,0,0,0,0,0,0,0,0,0,0,0,0,0,0,0,0,0,0,0,0,0,0,0,0,0,1,0,0,0,0,0,0,0,0,0,0,0,0,0,0,0,0,0,0,0,0,0,0,0,0,0,0,0,0,0,0,0,0,0,0,0,0,0,0,0,0,0,0,0,0,0,0,0,0,0,0,0,0,0,0,0,0,0,0,0,0,1,0,0,0
28,Hate-Speech and Offensive Language Detection in Roman Urdu,research paper,"Sexism: Language used to express hatred towards a targeted individual or group based on gender or sexual orientation (Waseem and Hovy, 2016;
Waseem, 2016; Warner and Hirschberg, 2012).
Religious Hate: Language used to express hatred towards a targeted individual or group based
on their religious beliefs or lack of any religious
beliefs and the use of religion to incite violence or
propagate hatred against a targeted individuals or
group (Albadi et al., 2018; Warner and Hirschberg,
2012) ",Roman Urdu,Roman Urdu,0,0,0,0,0,0,0,0,0,0,0,0,0,0,1,0,1,0,0,0,0,0,0,0,0,0,0,0,1,1,0,0,0,0,0,0,0,0,0,0,0,0,0,0,0,0,0,0,0,0,0,0,0,0,0,0,0,0,0,0,0,0,0,0,0,0,0,0,0,0,0,0,0,0,0,0,0,0,0,0,0,0,0,0,0,0,0,0,0,0,0,0,0,0,0,0,0,0,0,0,0,0,0,0,0,0,0,0,0,0,0,0,0,0,0,0,0,0,0,0,0,0,0,0,0,0,0,0,0,0,0,0,0,0,0,0,0,0,0,0,0,0,0,0,0,0,0,0,0,0,0,0,0,0,0,0,0,0,0,0,0,0,0,0,0,0,0,0,0,0,0,0,0,0,0,0,0,0,0,0,0,0,0,0,0,0,0,0,0,0,0,0,0,0,0,0,0,0,0,0,0,0,0,0,0,0,0,0,0,0,0,0,0,0,0,0,0,0,0,0,0,0,0,0,0,0,0,0,0,0,0,0,0,0,0,0,0,0,0,0,0,1,0,0,0
29,X,Platform ,"Hateful references

We prohibit targeting individuals or groups with content that references forms of violence or violent events where a protected category was the primary target or victims, where the intent is to harass. This includes, but is not limited to media or text that refers to or depicts:

genocides, (e.g., the Holocaust);
lynchings.
Incitement

We prohibit inciting behavior that targets individuals or groups of people belonging to protected categories. This includes:

inciting fear or spreading fearful stereotypes about a protected category, including asserting that members of a protected category are more likely to take part in dangerous or illegal activities, e.g., “all [religious group] are terrorists.”
inciting others to harass members of a protected category on or off platform, e.g., “I’m sick of these [religious group] thinking they are better than us, if any of you see someone wearing a [religious symbol of the religious group], grab it off them and post pics!“
inciting others to discriminate in the form of denial of support to the economic enterprise of an individual or group because of their perceived membership in a protected category, e.g., “If you go to a [religious group] store, you are supporting those [slur], let’s stop giving our money to these [religious slur].” This may not include content intended as political in nature, such as political commentary or content relating to boycotts or protests.
Note: content intended to incite violence against a protected category is prohibited under Violent Speech.

Slurs and Tropes

We prohibit targeting others with repeated slurs, tropes or other content that intends to degrade or reinforce negative or harmful stereotypes about a protected category. In some cases, such as (but not limited to) severe, repetitive usage of slurs, or racist/sexist tropes where the context is to harass or intimidate others, we may require Post removal. In other cases, such as (but not limited to) moderate, isolated usage where the context is to harass or intimidate others, we may limit Post visibility as further described below.

Dehumanization

We prohibit the dehumanization of a group of people based on their religion, caste, age, disability, serious disease, national origin, race, ethnicity, gender, gender identity, or sexual orientation.

Hateful Imagery 

We consider hateful imagery to be logos, symbols, or images whose purpose is to promote hostility and malice against others based on their race, religion, disability, sexual orientation, gender identity or ethnicity/national origin. Some examples of hateful imagery include, but are not limited to:

symbols historically associated with hate groups, e.g., the Nazi swastika;
images depicting others as less than human, or altered to include hateful symbols, e.g., altering images of individuals to include animalistic features; or
images altered to include hateful symbols or references to a mass murder that targeted a protected category, e.g., manipulating images of individuals to include yellow Star of David badges, in reference to the Holocaust.
Media depicting hateful imagery is not permitted within live video, account bio, profile or header images. All other instances must be marked as sensitive media. Additionally, sending an individual unsolicited hateful imagery is a violation of this policy. 

Hateful Profile

You may not use hateful images or symbols in your profile image or profile header. You also may not use your username, display name, or profile bio to engage in abusive behavior, such as targeted harassment or expressing hate towards a person, group, or protected category.",0,English,0,0,1,0,0,0,1,0,1,0,1,1,0,1,1,1,1,0,0,0,0,1,0,0,0,0,1,0,1,1,1,1,0,0,1,0,0,0,0,0,0,0,0,0,0,0,0,0,0,0,0,0,0,0,0,0,0,0,0,0,0,0,0,0,0,0,0,0,0,0,0,0,0,0,0,0,0,0,0,0,0,0,0,0,0,0,1,0,0,0,0,0,0,0,0,0,0,0,0,0,0,0,0,0,0,0,0,0,0,0,0,0,0,0,0,0,0,0,0,0,0,1,0,0,0,0,0,0,0,0,0,0,0,0,0,0,0,0,0,0,0,0,0,0,0,1,0,0,0,0,0,0,0,0,0,0,0,0,0,0,0,0,0,0,0,0,0,0,0,0,0,0,0,0,0,0,0,0,0,0,0,0,0,0,0,0,0,0,0,0,0,0,0,0,0,0,0,0,0,0,0,0,0,0,0,0,0,0,0,0,0,0,0,0,0,0,0,0,0,0,0,0,0,0,0,0,0,0,0,0,0,0,0,0,0,0,0,0,0,0,0,1,0,0,0
30,Meta,Platform ,"We define hate speech as direct attacks against people — rather than concepts or institutions— on the basis of what we call protected characteristics (PCs): race, ethnicity, national origin, disability, religious affiliation, caste, sexual orientation, sex, gender identity, and serious disease. Additionally, we consider age a protected characteristic when referenced along with another protected characteristic. We also protect refugees, migrants, immigrants, and asylum seekers from the most severe attacks, though we do allow commentary on and criticism of immigration policies. Similarly, we provide some protections for non- protected characteristics, such as occupation, when they are referenced along with a protected characteristic. Sometimes, based on local nuance, we consider certain words or phrases as frequently used proxies for PC groups",0,English,0,0,1,0,1,0,1,0,0,0,1,1,0,1,1,0,0,0,0,0,0,1,0,0,0,0,1,0,1,1,0,0,0,0,0,0,0,0,0,0,0,0,0,0,0,0,0,0,0,0,0,0,0,0,0,0,0,0,0,0,0,0,0,0,0,0,0,0,0,0,0,0,0,0,0,0,0,0,0,0,0,0,0,0,0,0,0,0,0,0,0,0,0,0,0,0,0,0,0,0,0,0,0,0,0,0,0,0,0,0,0,0,0,0,0,0,0,0,0,0,0,0,0,0,0,0,0,0,0,0,0,0,0,0,0,0,1,0,0,0,0,0,0,0,0,0,0,0,0,0,0,0,0,0,0,0,0,1,0,0,0,0,0,0,0,0,0,1,0,0,0,0,0,0,0,0,0,0,0,0,0,0,0,0,0,0,0,0,0,0,0,0,0,0,0,1,0,0,0,0,0,0,0,0,0,0,0,1,0,0,0,0,0,0,0,0,0,0,0,0,0,0,0,0,0,0,0,0,0,0,0,0,0,0,0,0,0,0,0,0,0,0,0,0,0
31,Microsoft,Platform,"We do not allow hateful content that attacks, insults, or degrades someone because of a protected trait, such as their race, ethnicity, gender, gender identity, sexual orientation, religion, national origin, age, disability status, or caste.

Hate speech includes:

Promoting harmful stereotypes about people because of a protected trait.
Dehumanizing statements, such as comparing someone to an animal or other non-human, because of a protected trait.
Encouraging or supporting violence against someone because of a protected trait.
Calling for segregation, exclusion, or intimidation of people because of their protected trait.
Symbols, logos, or other images that are recognized as communicating hatred or racial superiority.",0,English,0,0,1,0,0,0,0,0,0,0,1,0,0,1,1,0,1,0,0,0,0,1,0,0,0,0,1,0,1,1,0,0,0,0,1,0,0,0,0,0,0,0,0,0,0,0,0,0,0,0,0,0,0,0,0,0,0,0,0,0,0,0,0,0,0,0,0,0,0,0,0,0,0,0,0,0,0,0,0,0,0,0,0,0,0,0,0,0,0,0,0,0,0,0,0,0,0,0,0,0,0,0,0,0,0,0,0,0,0,0,0,0,0,0,0,0,0,0,0,0,0,0,0,0,0,0,0,0,0,0,0,0,0,0,0,0,0,0,0,0,0,0,0,0,0,0,0,0,0,0,0,0,0,0,0,0,0,0,0,0,0,0,0,0,0,0,0,0,0,0,0,0,0,0,0,0,0,0,0,0,0,0,0,0,0,0,0,0,0,0,0,0,0,0,0,0,0,0,0,0,0,0,0,0,0,0,0,0,0,0,0,0,0,0,0,0,0,0,0,0,0,0,0,0,0,0,0,0,0,0,0,0,0,0,0,0,0,0,0,0,0,1,0,0,0
32,Pinterest,Platform,"Content attacking vulnerable groups based on their race, ethnicity, national origin, religion, sex, gender, sexual orientation, age, disability, or medical condition, among others",0,English,0,0,1,0,1,0,0,0,0,0,1,1,0,1,1,0,0,0,0,0,0,1,0,0,0,0,1,0,1,1,0,0,0,0,0,0,0,0,0,0,0,0,0,0,0,0,0,0,0,0,0,0,0,0,0,0,0,0,0,0,0,0,0,0,0,0,0,0,0,0,0,0,0,0,0,0,0,0,0,0,0,0,0,0,0,0,0,0,0,0,0,0,0,0,0,0,0,0,0,0,0,0,0,0,0,0,0,0,0,0,0,0,0,0,0,0,0,0,0,0,0,0,0,0,0,0,0,0,0,0,0,0,0,0,0,0,0,0,0,0,0,0,0,0,0,0,0,0,0,0,0,0,0,0,0,0,0,0,0,0,0,0,0,0,0,0,0,0,0,0,0,0,0,0,0,0,0,0,0,0,0,0,0,0,0,0,0,0,0,0,0,0,0,0,0,0,0,0,0,0,0,0,0,0,0,0,0,1,0,0,0,0,0,0,0,0,0,0,0,0,0,0,0,0,0,0,0,0,0,0,0,0,0,0,0,0,0,0,0,0,0,0,0,0,0
33,YouTube,Platform,"Content promoting violence or hatred against individuals or groups based on any of the following attributes: age, caste, disability, ethnicity, gender identity and expression, nationality, race, immigration status, religion, sex/gender, sexual orientation, victims of a major violent event and their kin, and veteran status",0,English,0,0,1,0,0,0,1,0,0,0,1,0,0,1,1,0,1,0,0,0,0,1,0,0,0,0,1,0,1,1,0,0,0,0,1,0,0,0,0,0,0,0,0,0,0,0,0,0,0,0,0,0,0,0,0,0,0,0,0,0,0,0,0,0,0,0,0,0,0,0,0,0,0,0,0,0,0,0,0,0,0,0,0,0,0,0,0,0,0,0,0,0,0,0,0,0,0,0,0,0,0,0,0,0,0,0,0,0,0,0,0,0,0,0,0,0,0,0,0,0,0,0,0,0,0,0,0,0,0,0,0,0,0,0,0,1,0,0,0,0,0,0,0,0,0,0,0,0,0,0,0,0,0,0,0,0,0,0,0,0,0,0,0,0,0,0,0,0,0,0,0,0,0,0,0,0,0,0,0,0,0,0,0,0,0,0,0,0,0,0,0,0,0,0,0,0,0,0,0,0,0,0,0,0,0,0,0,1,0,0,0,0,0,0,0,0,0,0,0,0,0,0,0,0,0,0,0,0,0,0,0,0,0,0,0,0,1,1,0,0,0,1,0,0,0
34,Reddit,Platform,"“Promoting hate based on identity or vulnerability”
“Marginalized or vulnerable groups include, but are not limited to, groups based on their actual and perceived race, color, religion, national origin, ethnicity, immigration status, gender, gender identity, sexual orientation, pregnancy, or disability. These include victims of a major violent event and their families”
“While the rule on hate protects such groups, it does not protect those who promote attacks of hate or who try to hide their hate in bad faith claims of discrimination.”
Twitter

Hateful conduct: promoting “violence against or directly attacking or threatening other people on the basis of race, ethnicity, national origin, caste, sexual orientation, gender, gender identity, religious affiliation, age, disability, or serious disease”",0,English,0,0,1,0,1,0,1,1,0,0,1,1,0,1,1,0,1,0,0,0,0,1,0,0,0,0,1,0,1,1,0,0,1,0,0,0,0,0,0,0,0,0,0,0,0,0,0,0,0,0,0,0,0,0,0,0,0,0,0,0,0,0,0,0,0,0,0,0,0,0,0,0,0,0,0,0,0,0,0,0,0,0,0,0,0,0,0,1,0,0,0,0,0,0,0,0,0,0,0,0,0,0,0,0,0,0,0,0,0,0,0,0,0,0,0,0,0,0,0,0,0,0,0,0,0,0,0,0,0,0,0,0,0,0,0,0,0,0,0,0,0,0,0,0,0,0,0,0,0,0,0,0,0,0,0,0,0,0,0,0,0,0,0,0,0,0,0,0,0,0,0,0,0,0,0,0,0,0,0,0,0,0,0,0,0,1,0,0,0,0,0,0,0,0,0,0,0,0,0,0,0,0,0,0,0,0,0,0,0,0,0,0,0,0,0,0,0,0,0,0,0,0,0,0,0,0,0,0,0,0,0,0,0,0,0,0,0,0,0,0,0,1,0,0,0
35,Snapchat,Platform,"Content that demeans, defames, or promotes discrimination or violence on the basis of race, ethnicity, national origin, religion, sexual orientation, gender identity, disability, or veteran status",0,English,0,0,0,0,0,0,0,0,0,0,1,0,0,1,1,0,0,0,0,0,0,1,0,0,0,0,1,0,1,1,0,0,0,0,1,0,0,0,0,0,0,0,0,0,0,0,0,0,0,0,0,0,0,0,0,0,0,0,0,0,0,0,0,0,0,0,1,0,0,0,0,1,0,0,0,0,0,0,0,0,0,0,0,0,0,0,0,1,0,0,0,0,0,0,0,0,0,0,0,0,0,0,0,0,0,0,0,0,0,0,0,0,0,0,0,0,0,0,0,0,0,0,0,0,0,0,0,0,0,0,0,0,0,0,0,0,0,0,0,0,0,0,0,0,0,0,0,0,0,0,0,0,0,0,0,0,0,0,0,0,0,0,0,0,0,0,0,0,0,0,0,0,0,0,0,0,0,0,0,0,0,0,0,0,0,0,0,0,0,0,0,0,0,0,0,0,0,0,0,0,0,0,0,0,0,0,0,0,0,0,0,0,0,0,0,0,0,0,0,0,0,0,0,0,0,0,0,0,0,0,0,0,0,0,0,1,1,0,0,0,0,1,0,0,0
36,TikTok,Platform,"Content that does or intends to attack, threaten, incite violence against, or dehumanize an individual or a group of individuals on the basis of the following protected attributes: race, ethnicity, national origin, religion, caste, sexual orientation, sex, gender, gender identity, serious disease or disability, and immigration status",0,English,0,0,0,0,1,0,1,0,1,0,1,1,0,1,1,0,0,0,0,0,0,1,0,0,0,0,1,0,1,1,0,0,1,0,0,0,0,0,0,0,0,0,0,0,0,0,0,0,0,0,0,0,0,0,0,0,0,0,0,0,0,0,0,0,0,0,0,0,0,0,0,0,0,0,0,0,0,0,0,0,0,0,0,0,0,0,0,0,0,0,0,0,0,0,0,0,0,0,0,0,0,0,0,0,0,0,0,0,0,0,0,0,0,0,0,1,0,0,0,0,0,0,0,0,0,0,0,0,0,0,0,0,0,0,0,1,0,0,0,0,0,0,0,0,0,0,0,0,0,0,0,0,0,0,0,0,0,0,0,0,0,0,0,0,0,0,0,0,0,0,0,0,0,0,0,0,0,0,0,0,0,0,0,0,0,0,0,0,0,0,0,0,0,0,0,0,0,0,0,0,0,0,0,0,0,0,0,1,0,0,0,0,0,0,0,0,0,0,0,0,0,0,0,0,0,0,0,0,0,0,0,0,0,0,0,0,0,0,0,0,0,1,0,0,0
37,Discord,Platform,"An attack on a person or a community based on attributes such as their race, ethnicity, national origin, sex, gender, sexual orientation, religious affiliation, or disabilities",0,English,0,0,0,0,1,0,0,0,0,0,1,0,0,1,1,0,0,0,0,0,0,1,0,0,0,0,1,0,1,1,0,0,0,0,0,0,0,0,0,0,0,0,0,0,0,0,0,0,0,0,0,0,0,0,0,0,0,0,0,0,0,0,0,0,0,0,0,0,0,0,0,0,0,0,0,0,0,0,0,0,0,0,0,0,0,0,0,0,0,0,0,0,0,0,0,0,0,0,0,0,0,0,0,0,0,0,0,0,0,0,0,0,0,0,0,0,0,0,0,0,0,0,0,0,0,0,0,0,0,0,0,0,0,0,0,0,0,0,0,0,0,0,0,0,0,0,0,0,0,0,0,0,0,0,0,0,0,0,0,0,0,0,0,0,0,0,0,0,0,0,0,0,0,0,0,0,0,0,0,0,0,0,0,0,0,0,0,0,0,0,0,0,0,0,0,0,0,0,0,0,0,0,0,0,0,0,0,1,0,0,0,0,0,0,0,0,0,0,0,0,0,0,0,0,0,0,0,0,0,0,0,0,0,0,0,0,0,0,0,0,0,0,0,0,0
38,AFGHANISTAN,Law,"Mass Media Law 2006

Article 45:

Production, reproduction, print and publishing of the following reports and material in mass media, and agencies mentioned in article (27) of this law are not permissible:

Works and materials those are contrary to the principles and provisions of the holy religion of Islam.
Works and materials that are offensive to other religions and sects.
Works and materials which are defamatory, insulting and offensive to real or legal persons.
Works and materials which are considered libellous/defamatory to real and legal persons, and cause damage to their personality and credibility.
Works and materials which are contrary to the Constitution and are considered a crime by the Penal Code.
Publicizing and dissemination (promoting) of religions other than the holy religion of Islam.
Disclosure of identity and broadcasting of pictures of the victims of violence and rape in a way so as to damage their social dignity.
Works and material that harm the psychological security and moral wellbeing of people, especially children and adolescents.
Criminal Code

Article 236:

1. A person who distributes or supplies or possesses, for the purpose of trade or hire, publications, writings, paintings, slides, statues, engraved pictures, code signs or other articles and pictures, which are in contradiction with culture and public ethics, shall be sentenced in the light of circumstances to imprisonment of not more than 2 years or a fine of not more than 24,000 Afghanis.

2. A person who himself, or through someone else, intentionally exports or imports or transports the articles mentioned in the above paragraph for the purpose of moral corruption or those mentioned in the above paragraph, or makes them public or sells them or puts them on sale, even if not publicly, or gives to someone else secretly or openly, even if freely, or distributes them or gives to someone else for distribution, shall be sentenced, in the light of circumstances to imprisonment of not more than 2 years or a fine of not more than 12,000 Afghanis.

3. A person who, by open means, makes speeches or sings songs which are contrary to public manners or invites people to moral corruption and delinquency or propagates advertisements or articles for this purpose shall be sentenced to the same punishment as paragraph 2 of this article.

4. In case of a repetition of the crimes mentioned in the above paragraphs, the person committing the crime shall be sentenced to the maximum anticipated punishment.",0,Afghanistan,0,0,0,0,0,0,0,0,0,0,0,0,0,0,0,0,0,0,0,1,0,0,1,0,0,0,0,0,1,0,0,0,0,0,0,0,0,0,0,0,0,0,0,0,0,0,0,0,0,0,0,0,0,0,0,0,0,0,0,0,0,0,0,0,0,0,1,1,0,0,0,0,0,0,0,0,0,0,0,0,0,0,0,0,0,0,0,0,0,0,0,0,0,0,0,0,0,0,0,0,0,0,0,0,0,0,0,0,0,0,0,0,0,0,0,0,0,0,0,0,0,0,0,0,0,0,0,0,0,0,0,0,0,0,0,0,0,0,0,0,0,0,0,0,0,0,0,0,0,0,0,0,0,0,0,0,0,0,0,0,0,0,0,0,0,0,0,0,0,0,0,0,0,0,0,0,0,0,0,0,0,0,0,0,0,0,0,0,0,0,0,0,0,0,0,0,0,0,0,0,0,0,0,0,0,0,0,0,0,0,0,0,0,0,0,0,0,0,0,0,0,0,0,0,0,0,0,0,0,0,0,0,0,0,0,0,0,0,0,0,0,0,0,0,0
39,ALBANIA,Law,"Criminal Code

Article 119/a: Dissemination of racist or xenophobic material through the computer system

Offering in public or deliberately disseminating to the public through computer systems, material with racist or xenophobic content, constitutes a criminal misdemeanour and is punishable by a fine or imprisonment of up to two years.

Article 119/b: Insulting due to racist or xenophobic motives through the computer system

The intentional insulting of a person in public, through a computer system, because of ethnicity, nationality, race or religion constitutes a criminal misdemeanour and is punishable by a fine or imprisonment of up to two years.

Article 265: Incitement of hatred or disputes

Inciting hate or disputes on the grounds of race, ethnicity, religion or sexual orientation, as well as intentional preparation, dissemination or preservation for purposes of distributing writings with such content, by any means or forms, shall be punishable by imprisonment of two to ten years.

Article 266: Calls for national hatred

Endangering public peace by calling for national hatred against other parts of the population, by insulting or defaming them, or by requesting the use of force or arbitrary actions against them, is punishable by imprisonment of two to eight years",0,Albania,0,0,0,0,0,0,0,0,0,0,0,0,0,1,0,0,1,0,0,1,0,1,0,0,0,0,1,0,1,1,0,0,0,0,0,1,0,0,0,0,0,0,0,0,0,0,0,0,0,0,0,0,0,0,0,0,0,0,0,0,0,0,0,0,0,0,0,1,0,0,0,0,0,0,0,0,0,0,0,0,0,0,0,0,0,0,0,0,0,0,0,0,0,0,0,0,0,0,0,0,0,0,0,0,0,0,0,0,0,0,0,0,0,0,0,0,0,0,0,0,0,0,0,0,0,0,0,0,0,0,0,0,0,0,0,0,0,0,0,0,0,0,0,0,0,0,0,0,0,0,0,0,0,0,0,0,0,0,0,0,0,0,0,0,0,0,0,0,0,0,0,0,0,0,0,0,0,0,0,0,0,0,0,0,0,0,0,0,0,0,0,0,0,0,0,0,0,0,0,0,0,0,0,0,0,0,0,0,0,0,0,0,0,0,0,0,0,0,0,0,0,0,0,0,0,0,0,0,0,0,0,0,0,0,0,0,0,0,0,0,0,0,0,0,0
40,ALGERIA,Law,"Criminal Code (French)

Article 298 bis: Any insult caused to one or more people who belong to an ethnic or philosophical group or to a determined religion is punishable by imprisonment of five days to six months and a fine of five thousand to fifty thousand DA or one of the two penalties.

Audio-Visual Law no.14-04 (2004)

Article 84 includes the obligation on television or the radio broadcast service to refrain from encouraging violence or incitement to racial discrimination, terrorism or violence against a person based on his origin, gender, race or belonging to a certain religion.

The Media Law

Article 92 provides that media calls journalists to refrain from directly or indirectly paying tribute to racism, intolerance or violence.

The Law also provides for the Supreme Council for the Arts and the Ethics of Journalism to impose sanctions on journalists for violations of the rules of etiquette and ethics of the profession of journalism.",0,Algeria,0,0,0,0,0,0,0,0,0,0,0,0,0,1,1,0,0,0,0,1,0,1,0,0,0,0,1,0,1,0,0,0,0,0,0,0,0,0,0,0,0,0,0,0,0,0,0,0,0,0,0,0,0,0,0,0,0,0,0,0,0,0,0,0,0,0,0,0,0,0,0,0,0,0,0,0,0,0,0,0,0,0,0,0,0,0,0,1,1,0,0,0,0,0,0,0,0,0,0,0,0,0,0,0,0,0,0,0,0,0,0,0,0,0,0,0,0,0,0,0,0,0,0,0,0,0,0,0,0,0,0,0,0,0,0,0,0,0,0,0,0,0,0,0,0,0,0,1,0,0,0,0,0,0,0,0,0,0,0,0,0,0,0,0,0,0,0,0,0,1,0,0,0,0,0,1,0,0,0,0,0,0,0,0,0,0,0,0,0,0,0,0,0,0,0,0,0,0,0,0,0,0,0,0,0,0,0,0,0,0,0,0,0,0,0,0,0,0,0,0,0,0,0,0,0,0,0,1,0,0,0,0,0,0,0,0,0,0,0,0,0,1,0,0,0
41,ANDORRA,Law,"Criminal Code

Information taken from secondary source (UN CERD)

Article 338.1: lists the following unlawful acts of discrimination, which are punishable by imprisonment for a term of 3 months to 3 years:

Incitement to violence, hatred or discrimination against a person or group of persons;
Public abuse, slander, defamation or threats targeting a person or group of persons;
Public expression, by any means, of an ideology or doctrine that asserts the superiority of, or demeans or vilifies a group of persons;
Public dissemination or distribution of any material containing images or other expressions of the acts mentioned above.
Article 338 bis: the unlawful acts of possessing or producing any material containing images or expressions of the acts envisaged in article 338, paragraph 1 (a), (b) and (c), are punished by imprisonment of up to 1 year, provided that the material is intended for public dissemination

Article 338.2: any public authority or official who, in his or her official capacity, commits any of the offences listed in article 338.1 is subject to a penalty of disqualification from public office for up to four years.

Article 338.4: provides for imprisonment for a term of up to 1 year and disqualification from public office for up to three years for the authority or official who, in his or her official capacity, refuses, with the aim of discriminating, to provide a public service or grant an entitlement or other advantage envisaged by law, or who interferes with the granting thereof or who causes the service, entitlement or other advantage to be revoked.

Article 339: Offence to a group

Whoever, with the intention of insulting and in public, commits acts or utters statements which are seriously offensive expressions for members of a religious, national, ethnical, political group, a syndicate or against persons professing a belief or ideology, shall be punished by a term of imprisonment",0,Andorra,0,1,0,0,0,0,0,0,0,0,0,0,0,1,0,0,1,0,0,1,0,1,1,0,1,0,0,0,1,0,0,0,1,0,0,0,0,0,0,0,0,0,0,0,0,1,0,0,0,0,0,0,0,0,0,0,0,0,0,0,0,0,0,0,0,0,1,0,0,0,0,0,0,0,0,0,0,0,0,0,0,0,0,0,0,0,0,1,1,0,0,0,0,0,0,0,0,0,0,0,0,0,0,0,0,0,0,0,0,0,0,0,0,0,0,0,0,0,0,0,0,0,0,0,0,0,0,0,0,0,0,0,0,1,0,0,0,0,0,0,0,0,0,0,0,0,0,0,0,0,0,0,0,0,0,0,0,0,0,0,0,0,0,0,0,0,0,0,0,0,0,0,0,0,0,0,0,0,0,0,0,0,0,0,0,0,0,0,0,0,0,0,0,0,0,0,0,0,0,0,0,0,0,0,0,0,0,0,0,1,0,0,0,0,0,0,0,0,0,0,0,0,0,0,0,0,1,0,0,0,0,0,0,0,0,0,0,0,1,0,0,1,0,0,0
42,ANGOLA,Law,"Press Law 2016

Article 82 criminalizes publication of a text or image that is “offensive to individuals,” which would be punished under the penal code as defamation and slander, with fines and imprisonment of up to six months",0,Angola,0,0,0,0,0,0,0,0,0,0,0,0,0,0,0,0,0,0,0,0,0,0,1,0,0,0,0,0,0,0,0,0,0,0,0,0,0,0,0,0,0,0,0,0,0,0,0,0,0,0,0,0,0,0,0,0,0,0,0,0,0,0,0,0,0,0,1,0,0,0,0,0,0,0,0,0,0,0,0,0,0,0,0,0,0,0,0,0,0,0,0,0,0,0,0,0,0,0,0,0,0,0,0,0,0,0,0,0,0,0,0,0,0,0,0,0,0,0,0,0,0,0,0,0,0,0,0,0,0,0,0,0,0,0,0,0,0,0,0,0,0,0,0,0,0,0,0,0,0,0,0,0,0,0,0,0,0,0,0,0,0,0,0,0,0,0,0,0,0,0,0,0,0,0,0,0,0,0,0,0,0,0,0,0,0,0,0,0,0,0,0,0,0,0,0,0,0,0,0,0,0,0,0,0,0,0,0,0,0,1,0,0,0,0,0,0,0,0,0,0,0,0,0,0,0,0,0,0,0,0,0,0,0,0,0,0,0,0,0,0,0,0,0,0,0
43,ARGENTINA,Law,"Law No.23.592: Discriminatory Acts

Article 3: Those who participate in an organization or carry out propaganda based on ideas or theories of superiority of a race or of a group of people of a certain religion, ethnic origin or colour, whose objective is to justify or promote racial or religious discrimination in any way, will be punished with imprisonment from one month to three years.

The same penalty shall be incurred by those who by any means encourage or initiate persecution or hatred against a person or groups of people because of their race, religion, nationality or political ideas.

Law No. 26.522: Law of Audiovisual Communication

Article 25(c): All actors in the information society must promote the common good, protect privacy and personal data as well as adopt preventive measures and appropriate actions, as established by law, against the abusive use of ICTs, for example, illegal conduct and other acts motivated by racism, racial discrimination, xenophobia and other types of intolerance, hatred, violence, and all forms of child abuse, including paedophilia and child pornography, as well as trafficking and exploitation of human beings",0,Argentina,0,1,0,0,0,0,0,1,0,0,0,0,0,1,1,0,1,0,0,0,0,1,0,0,1,0,1,0,1,0,0,0,0,0,0,1,0,0,0,0,0,0,0,0,0,0,0,0,0,0,0,0,0,0,0,0,0,0,0,0,0,0,0,0,0,0,0,0,0,0,0,0,0,0,0,0,0,0,0,0,0,0,0,0,0,0,0,1,0,0,0,0,0,0,0,0,0,0,0,0,0,0,0,0,0,0,0,1,0,0,0,0,0,0,0,0,0,0,0,0,0,0,0,0,0,0,0,0,0,0,0,0,0,0,0,0,0,0,0,0,0,0,0,0,0,0,0,1,0,0,0,0,0,0,0,0,0,0,0,0,0,0,0,0,0,0,0,0,0,0,0,0,0,0,0,0,0,0,0,0,0,0,0,0,0,0,0,0,0,1,0,0,0,0,0,0,0,0,0,0,0,0,0,0,0,0,0,0,0,0,0,0,0,0,0,0,0,0,0,0,0,0,0,0,0,0,0,0,0,0,0,0,0,0,0,0,0,0,0,0,0,1,0,0,0
44,ARMENIA,Law,"Constitution

Article 77: The use of basic rights and freedoms for the purpose of the violent overthrow of the constitutional order, incitement of national, racial or religious hatred or propaganda of violence or war shall be prohibited.

Criminal Code

Article 226: Inciting national, racial or religious hatred

1. Actions aimed at the incitement of national, racial or religious hatred, at racial superiority or humiliation of national dignity, are punished with a fine in the amount of 200 to 500 minimal salaries, or with correctional labour for up to 2 years, or with imprisonment for a term of 2-4 years.

2. The actions envisaged in part 1 of this Article committed:

1) publicly or by mass media, with violence or threat of violence;

2) by abuse of official position; or

3) by an organized group, are punished with imprisonment for the term of 3 to 6 years.

Then, the Criminal Code was amended to include:

Article 226.2: Public calls for violence, public justification or propaganda of violence

1. Gender, race, skin colour, ethnic or social origin, genetic characteristics, language, religion, worldview, political or other views, ethnic minority, property status, birth, disability, age or personal or social status of a person or group of persons. Public calls to use violence due to other circumstances, public justification or propaganda of such violence

shall be punished by a fine of fifty to one hundred and fifty times the minimum wage, or by imprisonment for a term not exceeding two months, or by imprisonment for a term not exceeding one year.

2. The actions provided for in part 1 of this article, which have been committed:

1) by a group of persons with prior consent or by an organized group

2) using the official position:

shall be punished by a fine of one hundred and fifty to three hundred times the minimum wage or by imprisonment for a term of two to three months or by imprisonment for a term of one to three years, deprivation of the right to hold certain positions or engage in certain activities for a term of one to three years.",0,Armenia,0,1,1,1,0,0,1,1,0,0,1,0,0,1,1,0,1,0,0,0,1,1,0,0,1,0,1,0,1,0,0,0,1,0,0,0,0,0,0,0,0,0,0,0,0,0,0,1,0,0,0,0,0,0,0,0,0,0,0,0,0,0,0,0,0,0,0,0,0,0,0,0,0,0,0,0,0,0,0,0,0,0,0,0,0,0,0,0,0,0,0,0,0,0,0,0,0,0,0,0,0,0,0,0,0,0,0,0,0,0,0,0,0,0,0,0,0,1,0,0,0,0,0,0,0,0,0,0,0,1,0,0,0,0,0,0,0,0,0,0,0,0,0,0,0,0,0,0,0,0,1,0,0,0,0,0,0,0,0,0,0,0,0,0,0,0,0,0,0,0,0,0,0,0,1,0,0,0,0,0,0,0,0,0,0,0,0,0,0,1,0,0,1,0,0,0,0,0,0,0,0,0,0,0,0,0,0,0,0,0,0,0,0,0,0,0,0,1,0,0,0,0,0,0,0,0,0,0,0,0,0,0,0,0,0,0,0,0,0,0,0,1,0,1,0
45,AUSTRALIA,Law,"Criminal Code

Section 80.2A:  Urging violence against groups

Offences

1. A person (the first person) commits an offence if:

the first person intentionally urges another person, or a group, to use force or violence against a group (the targeted group); and
the first person does so intending that force or violence will occur; and
the targeted group is distinguished by race, religion, nationality, national or ethnic origin or political opinion; and
the use of the force or violence would threaten the peace, order and good government of the Commonwealth.
Penalty:  Imprisonment for 7 years.

2. A person (the first person) commits an offence if:

the first person intentionally urges another person, or a group, to use force or violence against a group (the targeted group); and
the first person does so intending that force or violence will occur; and
the targeted group is distinguished by race, religion, nationality, national or ethnic origin or political opinion.
Note: There is a defence in section 80.3 for acts done in good faith.

Section 80.2B: Urging violence against members of groups

Offences

1. A person (the first person) commits an offence if:

the first person intentionally urges another person, or a group, to use force or violence against a person (the targeted person); and
the first person does so intending that force or violence will occur; and
the first person does so because of his or her belief that the targeted person is a member of a group (the targeted group); and
the targeted group is distinguished by race, religion, nationality, national or ethnic origin or political opinion; and
the use of the force or violence would threaten the peace, order and good government of the Commonwealth.
Penalty:  Imprisonment for 7 years.

2. A person (the first person) commits an offence if:

the first person intentionally urges another person, or a group, to use force or violence against a person (the targeted person); and
the first person does so intending that force or violence will occur; and
the first person does so because of his or her belief that the targeted person is a member of a group (the targeted group); and
the targeted group is distinguished by race, religion, nationality, national or ethnic origin or political opinion.
Penalty:  Imprisonment for 5 years.

3. For the purposes of paragraphs (1)(c) and (2)(c), it is immaterial whether the targeted person actually is a member of the targeted group.

4. The fault element for paragraphs (1)(d) and (2)(d) is recklessness.

Alternative verdict

5. Subsection (6) applies if, in a prosecution for an offence (the prosecuted offence) against subsection (1), the trier of fact:

is not satisfied that the defendant is guilty of the offence; but
is satisfied beyond reasonable doubt that the defendant is guilty of an offence (the alternative offence) against subsection (2).
6. The trier of fact may find the defendant not guilty of the prosecuted offence but guilty of the alternative offence, so long as the defendant has been accorded procedural fairness in relation to that finding of guilt.

Note:  There is a defence in section 80.3 for acts done in good faith.

Section 18D: Exemptions

Section 18C does not render unlawful anything said or done reasonably and in good faith:

in the performance, exhibition or distribution of an artistic work; or
in the course of any statement, publication, discussion or debate made or held for any genuine academic, artistic or scientific purpose or any other genuine purpose in the public interest; or
in making or publishing:
(i)  a fair and accurate report of any event or matter of public interest; or

(ii) a fair comment on any event or matter of public interest if the comment is an expression of a genuine belief held by the person making the comment.

Racial Discrimination Act 1975

Section 18C: Offensive behaviour because of race, colour or national or ethnic origin

(1) It is unlawful for a person to do an act, otherwise than in private, if:

(a) the act is reasonably likely, in all the circumstances, to offend, insult, humiliate or intimidate another person or a group of people; and

(b) the act is done because of the race, colour or national or ethnic origin of the other person or of some or all of the people in the group.

Note: Subsection (1) makes certain acts unlawful. Section 46P of the Australian Human Rights Commission Act 1986 allows people to make complaints to the Australian Human Rights Commission about unlawful acts. However, an unlawful act is not necessarily a criminal offence. Section 26 says that this Act does not make it an offence to do an act that is unlawful because of this Part, unless Part IV expressly says that the act is an offence.

(2)  For the purposes of subsection (1), an act is taken not to be done in private if it:

(a)  causes words, sounds, images or writing to be communicated to the public; or

(b)  is done in a public place; or

(c)  is done in the sight or hearing of people who are in a public place.

(3)  In this section:

public place includes any place to which the public have access as of right or by invitation, whether express or implied and whether or not a charge is made for admission to the place.",0,Australia,0,0,0,0,0,0,0,1,0,0,0,0,0,1,0,0,0,0,0,1,0,1,1,0,1,0,1,0,1,0,0,0,1,0,0,0,0,0,0,0,0,0,0,0,0,0,0,0,0,0,0,0,0,0,0,0,0,0,0,0,0,0,0,0,0,0,0,0,0,0,0,0,0,0,0,0,0,0,0,0,0,0,0,0,0,0,0,0,0,0,0,0,0,0,0,0,0,0,0,0,0,0,0,0,0,0,0,0,0,0,0,0,0,0,0,0,0,0,0,0,0,0,0,0,0,0,0,0,0,1,0,0,0,0,0,0,0,0,0,0,0,0,0,0,0,1,0,0,0,0,0,0,0,0,0,0,0,0,0,0,0,0,0,0,0,0,0,0,0,0,0,0,0,0,0,0,0,0,0,0,0,0,0,0,0,0,0,0,0,0,0,0,0,0,0,0,0,0,0,0,0,0,0,0,0,0,0,0,0,0,0,0,0,0,0,0,0,0,0,0,0,0,0,0,0,0,0,0,0,0,0,0,0,0,0,0,0,0,0,0,0,1,0,0,0
46,AUSTRIA,Law,"Criminal Code

Hate Speech

Article 283 (1): Whoever publicly

1. Incites to violence against a church or religious society or a characteristic including an existing or missing characteristic of race, skin colour, language, religion or belief, nationality, ancestry, or national or ethnic origin, gender, physical or mental disability, age or the sexual orientation of a group of persons or a member of such a group due to his/her their belonging to the group

2. With the intention of violating the human dignity of others, insults or belittles a member of the above groups of persons in a way that is likely to make this group a subject of contempt in public opinion, or

3. In relation to crimes within the meaning of sections 321 to 321f as well as section 321k, recognized as such by a domestic or an international court that has been legally established, approves, denies, grossly minimizes or justifies the acts against one of the groups specified in item 1 or against a member of such a group expressly because of his/her/their belonging to this group and is committed in a manner that is conducive to violence or hatred or incitement thereto against such a group or against a member of such a group, is punishable by imprisonment for up to two years.

2) Anyone who commits an act according to Paragraph 1 in a print, on the radio or in any other manner, whereby the actions referred to in paragraph 1 are made available to the general public, is punishable with imprisonment of up to three years.

(3) Anyone who, through an act pursuant to Paragraph 1 or 2, causes other persons to attack one of the persons referred to in Paragraph 1(1) or against a member of such a group because of his or her membership of this group will be punished by imprisonment of six months to five years.

(4) Unless a person is already accused of a more severe crime in which this would be implied to entice, encourage or spread hate or violence against a group, or a member of such group either in print, radio, tv or through any other means that makes it available to a large audience, or to justify or defend such spread of violence, enticing content can be punished with a prison sentence of up to one year or a fine of up to 720 day rates.

Austrian Broadcasting Corporation (ORF) Act

Principles concerning content

Article 10 (2): The programmes must not incite others to hatred on grounds of race, sex, age, disability, religion and nationality",0,Austria,0,0,1,0,0,0,1,1,0,0,1,0,1,1,1,0,1,0,0,1,0,1,0,0,0,0,1,0,1,1,0,0,0,0,1,0,0,0,0,0,1,0,0,0,0,1,0,0,0,0,0,0,0,0,0,0,0,0,0,0,0,0,0,0,0,0,0,0,0,0,0,0,0,0,0,0,0,0,0,0,0,0,0,0,0,0,0,0,0,0,0,0,0,0,0,0,0,0,0,0,0,0,0,0,0,0,0,0,0,0,0,0,0,0,0,0,0,0,0,0,0,0,0,0,0,0,0,0,0,0,0,0,0,0,0,0,0,0,0,0,0,0,0,0,0,0,0,0,0,0,1,0,0,0,0,0,0,0,0,0,0,0,0,0,0,0,0,0,0,0,0,0,0,0,0,0,0,0,0,0,0,0,0,0,0,0,0,0,0,0,0,0,0,0,0,0,0,0,0,0,0,0,0,0,0,0,0,0,0,0,0,0,0,0,0,0,0,0,0,0,0,0,0,0,0,0,0,0,0,0,0,0,0,0,0,0,0,0,0,0,0,1,0,0,0
47,AZERBAIJAN,Law,"Constitution

Article 47:

Every person shall have freedom of thought and speech.
Nobody shall be forced to identify or refuse his/her ideas and principles.
Propaganda inciting racial, ethnic or religious animosity or hostility shall be banned.
Criminal Code

Article 283: Incitement of national, racial, social or religious hate and hostility

Article 283.1: Incitement of national, racial, social or religious hate and hostility, humiliation of national advantage, as well as actions directed to restrict citizens’ rights, or establish the superiority of citizens on the basis of their national or racial, social belonging or creed, committed publicly, including by the use of mass media, is punishable by a penalty of eight thousand to twelve thousand Manats or corrective works for a term up to two years, or imprisonment for the term from two to four years.

Article 283.1-1: Acts provided for in Article 283.1 of the present Code, committed on the grounds of religious animosity, religious radicalism or religious fanaticism shall be punishable by imprisonment for a term of three to five years.

Article 283.2.1: The same acts committed as above with the application of violence or with the threat of its application; (2) by a person using a position of service; (3) by an organized group— is punishable by imprisonment for a term of three to five years.

Article 283.3: Financing of commission of acts, stipulated in Article 283.1 of the present Code, on the grounds of religious animosity, religious radicalism or religious fanaticism, is punishable by imprisonment for a term of three to five years.

Law on Combatting Religious Extremism

Article 1 Basic Concepts (include):

Article 1.0.1.5: The actions directed to incitement of national, social or religious hatred, humiliation of national advantage, restriction of the rights or determination of superiority of citizens on national, racial, social or religious characteristics;

Article 1.0.2: Religious radicalism is the behaviour expressing commitment to extreme religious views within any religion, showing hard line approval of the exclusiveness of these religious views and is characterized by the use of aggressive methods and means in the distribution of these views;

Article 3: Purpose of the Law

Article 3.0.1: providing bases of the constitutional system as well as the territorial integrity and safety of the Azerbaijan Republic;

Article 3.0.2: protection of human rights and freedoms, and also civil laws and freedoms;

Article 3.0.3: identification of religious and extremist activities, and minimizing of damage which can be caused as a result of religious extremism;

Article 3.0.4: identification and elimination of the reasons and conditions of emergence of religious extremism and implementation of extremist religious activities, financing of religious extremism",0,Azerbaijan,0,0,0,0,0,0,0,0,0,0,0,0,0,1,0,0,1,1,0,0,0,1,0,0,0,0,1,0,1,0,0,0,1,0,0,0,0,0,0,0,0,1,0,0,0,0,0,0,0,0,0,0,0,0,0,0,0,0,0,0,0,0,0,0,0,0,0,0,0,0,0,0,0,0,0,0,0,0,0,0,0,0,0,0,0,0,0,0,0,0,0,0,0,0,0,0,0,0,0,0,0,0,0,0,0,0,0,0,0,0,0,0,0,0,0,0,0,0,0,0,0,0,0,0,0,0,0,0,1,0,1,0,0,0,0,0,0,0,0,0,0,0,0,0,0,0,0,0,0,0,0,0,0,0,0,0,0,0,0,0,0,0,0,0,0,0,0,0,0,0,0,0,0,0,0,0,0,0,0,0,0,0,0,0,0,0,0,0,0,1,0,0,0,0,0,0,0,0,0,0,0,0,0,0,0,0,0,0,0,0,0,0,0,0,0,0,0,1,0,0,0,0,0,0,0,0,0,0,0,0,0,0,0,0,0,0,0,0,0,0,0,1,0,0,0
48,BANGLADESH,Law,"Criminal Code

Article153A: Whoever by words, either spoken or written, or by signs, or by visible representations, or otherwise, promotes or attempts to promote feelings of enmity or hatred between different classes of the citizens of Bangladesh, shall be punished with imprisonment which may extend to two years, or with fine, or with both.

Digital Security Act, 2018

Section 8: Power to remove or block some data-information

(1) If any data-information published or propagated in digital media regarding a subject that comes under the purview of Director General which threatens the Digital Security, then the Director General can request the Bangladesh Telecommunications and Regulatory Authority (BTRC) to remove or block the said Data-information as appropriate

(2) If it is evident to law and order enforcing security force that any data –information published or propagated in digital media hampers the nation or any part therein in terms of nations unity, financial activities, security, defense, religious values, public discipline or incites racism and hatred then the law and order enforcing Security force can request BTRC to block or remove the data-information via the Director General of the Agency.

Section 28: Publication, Broadcast, etc. of such information in any website or in any electronic format that hampers the religious sentiment or values

(1) If any person or group intentionally or knowingly with the aim of hurting religious sentiments or values or with the intention to provoke publish or broadcast anything by means of any website or any electronic format which hurts religious sentiment or values then such activity of that person will be considered an offence

(2) If any person commits an offence under sub section (1), the person will be sentenced to a term of imprisonment not exceeding 7 (seven) years or fine not exceeding 10 (ten) lac or both. (3) If any person commits the offence mentioned in sub-section (1) second time or repeatedly, he will be punished with imprisonment not exceeding 10 (ten) years or fine not exceeding 20 (twenty) lac taka or both

Section 31: Deterioration of Act-order, etc. and Punishment

(1) If any person intentionally publish or broadcast any kind of file in any website or digital format which will create hostility, hatred or adversity among people or destroy any communal harmony or create unrest or disorder or deteriorates or threatens to deteriorate the law and order then that activity of that person will be considered as an offence.

(2) If any person commits any crime mentioned within sub section (1), the person will be penalized with imprisonment for a term not exceeding to seven years or fine not exceeding Tk. five lac or with both.

(3) If any person commits the crime mentioned in sub-section (1) for the second time or recurrently commits it, he will be punished with imprisonment for a term not exceeding 10(ten) years or with fine not exceeding Tk. ten lac or with both.

Section 38: No Responsibility for the service provider

(1) Any service provider will not be responsible under this Act or any rules enacted under this Act for facilitating access to data-information, if it succeeds in proving that, the offence or breach was committed without his knowledge or he took all possible steps to stop the commission of the offence.",0,Bangladesh,0,0,0,0,0,0,0,0,0,0,0,0,0,0,0,0,1,1,1,0,0,0,1,0,0,0,1,0,1,0,0,0,0,0,0,0,0,0,0,0,0,0,0,0,0,0,0,0,0,0,0,0,0,1,0,0,0,0,0,0,0,0,0,0,0,0,0,0,0,0,0,0,0,0,0,0,0,0,0,0,0,0,0,0,0,0,0,0,0,0,0,1,0,0,0,0,0,0,0,0,0,0,1,0,0,0,0,0,0,0,0,0,0,0,0,0,0,0,0,0,0,0,0,0,0,0,0,0,0,0,0,0,0,0,0,0,0,0,0,0,0,0,0,0,0,0,0,0,0,0,0,0,0,0,0,0,0,0,0,0,0,0,0,0,0,0,0,0,0,0,0,0,0,0,0,0,0,0,0,0,0,0,0,0,0,0,0,0,0,0,0,0,0,0,0,0,0,0,0,0,0,0,0,0,0,0,0,0,0,0,0,0,1,0,0,0,0,0,0,0,0,0,0,0,0,0,0,0,0,0,0,0,0,0,1,0,0,0,0,0,0,0,0,0,0
49,BELARUS,Law,"BELARUS
Criminal Code

Article 130: Incitement to racial, national, religious or other social hostility or discord

1. Deliberate actions aimed at inciting racial, national, religious or other social enmity or hatred on the basis of racial, national, religious, linguistic or other social affiliation are punished with a fine, or arrest, or restraint of liberty for a term of up to five years, or imprisonment for the same term.

2. The same actions, combined with violence or committed by an official using his official powers are punished with imprisonment for a term of three to ten years.

3. The actions provided for in parts 1 or 2 of this article, committed by a group of persons or entailing, by negligence, the death of a person or other grave consequences, are punished with imprisonment for a term of five to twelve years",0,Belarus,0,0,0,0,0,0,0,0,0,0,0,0,0,0,0,0,1,1,0,0,0,1,0,0,0,0,1,0,1,0,0,0,0,0,0,0,0,0,0,0,0,0,0,0,0,0,0,0,0,0,0,0,0,0,0,0,0,0,0,0,0,0,0,0,0,0,0,0,0,0,0,0,0,0,0,0,0,0,0,0,0,0,0,0,1,0,0,0,0,0,0,0,0,0,0,0,0,0,0,0,0,0,1,0,0,0,0,0,0,0,0,0,0,0,0,0,0,0,0,0,0,0,0,0,0,0,0,0,0,0,0,0,0,0,0,0,0,0,0,0,0,0,0,0,0,0,0,0,0,0,1,0,0,0,0,0,0,0,0,0,0,0,0,0,0,0,0,0,0,0,0,0,0,0,0,0,0,0,0,0,0,0,0,0,0,0,0,0,0,0,0,0,0,0,0,0,0,0,0,0,0,0,0,0,0,0,0,0,0,0,0,1,0,0,0,0,0,1,0,0,0,0,0,0,0,0,0,0,0,0,0,0,0,0,0,0,0,0,0,0,0,1,0,0,0
50,BELGIUM,Law,"Constitution

Article 150: A jury is sworn in for all criminal matters, as well as for political and press offences, with the exception of press offences motivated by racism or xenophobia.

Anti-Discrimination Act 2007

Article 22: A person is punished by imprisonment from one month to one year and a fine of fifty Euros to a thousand Euros, or one of these penalties, if:

(1) In one of the circumstances referred to in Article 444 of the Penal Code, incites discrimination against a person because of his/her/their protected characteristics

(2) A person who, in one of the circumstances referred to in Article 444 of the Criminal Code, incites hatred or violence towards a person, because of one of his/her/their protected characteristics.

(3) Anyone who, in one of the circumstances referred to in Article 444 of the Criminal Code, incites discrimination or segregation against a group, community or their members due to their protected characteristics

(4) Anyone who, in one of the circumstances referred to in Article 444 of the Penal Code, incited hatred or violence towards a group, community or their members, because of one the protected criteria.

Note – Article 444 of the Penal Code provides:

The culprit will be punished with imprisonment of eight days to one year and a fine of twenty-six Euros to two hundred Euros, when the impugned actions occurred:

Either in meetings or public places;

Either in the presence of several individuals, in a non-public place, but open to a certain number of people having the right to assemble or frequent it;

Either in any place, in the presence of the offended person and in front of witnesses;

Either by printed or unpublished writings, images or emblems displayed, distributed or sold, offered for sale or displayed to the public;

Or finally by writings not made public, but addressed or communicated to several people",0,Belgium,0,0,0,0,0,0,0,0,0,0,0,0,0,0,0,0,1,0,0,0,0,0,1,0,0,0,1,0,0,0,0,0,0,0,0,1,0,0,0,0,0,0,0,0,0,0,0,0,0,0,0,0,0,0,0,0,0,0,0,0,0,0,0,0,0,0,0,0,0,0,0,0,0,0,0,0,0,0,0,0,0,0,0,0,0,0,0,1,0,0,0,0,0,0,0,0,0,0,0,0,0,0,0,0,0,0,0,0,0,0,0,0,0,0,0,0,0,0,0,0,0,0,0,0,0,0,0,0,0,0,0,0,0,0,0,0,0,0,0,0,0,0,0,0,0,0,0,0,0,0,0,0,0,0,0,0,0,0,0,0,0,0,0,0,0,0,0,0,0,0,0,0,0,0,0,0,0,0,0,0,0,0,0,0,0,0,0,0,0,0,0,0,0,0,0,0,0,0,0,0,0,0,0,0,0,0,0,0,0,0,0,0,0,0,0,0,0,0,0,0,0,0,0,0,0,0,0,0,0,0,0,0,0,0,0,0,0,0,0,0,0,1,0,0,0
51,BHUTAN,Law,"Constitution

Article 22: Notwithstanding the rights conferred by this Constitution, nothing in this Article shall prevent the State from subjecting reasonable restriction by law, when it concerns:

(d) Incitement to an offence on the grounds of race, sex, language, religion or region;

Criminal Code

Section 458: Promotion of civil unrest

A defendant shall be guilty of the offence of promotion of civil unrest, if the defendant: (a) Advocates national, racial, ethnic, linguistic, caste-based, or religious abhorrence constituting an incitement of violence; or

(b) Commits an act that is prejudicial to the maintenance of harmony between different nationalities, racial groups, castes, or religious groups and that disturbs the public tranquillity.

National Security Act, 1992

Section 9: Whoever:

a) by words either spoken or written, or by other means whatsoever, promotes or attempts to promote, on grounds of religion, race, language, caste or community, or on any other ground whatsoever, feelings of enmity or hatred between different religious, racial or language groups or castes and communities, or

b) commits any act which is prejudicial to the maintenance of harmony between different religious, racial or language groups or castes or communities, and which disturbs or is likely to disturb the public tranquillity.

c) Shall be punished with imprisonment which may extend to three years.",0,Bhutan,0,0,0,0,0,0,1,0,0,0,0,0,0,1,1,0,1,0,0,0,0,1,1,0,0,0,1,0,1,0,0,0,0,0,0,0,0,0,0,0,0,0,0,0,0,0,0,0,0,0,0,0,0,0,0,0,0,0,0,0,0,0,0,0,0,0,0,0,0,0,0,0,0,0,0,0,0,0,0,0,0,0,0,0,0,0,0,0,0,0,0,0,0,0,0,0,0,0,0,0,0,0,1,0,0,0,0,0,0,0,0,0,0,0,0,0,0,0,0,0,0,0,0,0,0,0,0,0,0,0,0,0,0,0,0,0,0,0,0,0,0,0,0,0,0,0,0,0,0,0,1,0,0,0,0,0,0,0,0,0,0,0,0,0,0,0,0,0,0,0,0,0,0,0,0,0,0,0,0,0,0,0,0,0,0,0,0,0,0,0,0,0,0,0,0,0,0,0,0,0,0,0,0,0,0,0,0,1,0,0,0,0,0,0,0,0,0,0,0,0,0,0,0,0,0,0,0,0,0,0,0,0,0,0,0,0,0,0,0,0,0,1,0,0,0
52,BOLIVIA,Law,"Law 045 against Racism and all Forms of Discrimination

Article 16: Mass Media of Communication

The medium of communication that authorizes and publishes racist and discriminatory ideas will be subject to economic sanctions and suspension of operating licence, subject to regulations.

Article 281 quarter: Dissemination and Incitement to Racism or to Discrimination

The person who by any means disseminates ideas based on superiority or racial hatred, or that promote and / or justify racism or all forms of discrimination, for the reasons described in Articles 281 bis and 281 ter, or incite to violence, or persecution, persons or groups of persons, based on racist or discriminatory motives, will be punished with imprisonment of one to five years.",0,Bolivia,0,0,0,0,0,0,0,0,0,0,0,0,0,0,0,0,1,0,0,0,0,0,0,0,0,0,1,0,0,0,0,0,0,0,0,0,0,0,0,0,0,0,0,0,0,0,0,0,0,0,0,0,0,0,0,0,0,0,0,0,0,0,0,0,0,0,0,0,0,0,0,0,0,0,0,0,0,0,0,0,0,0,0,0,0,0,0,1,1,0,0,0,0,0,0,0,0,0,0,0,0,0,0,0,0,0,0,0,0,0,0,0,0,0,0,0,0,0,0,0,0,0,0,0,0,0,0,0,0,0,0,0,0,0,0,0,0,0,0,0,0,0,0,0,0,0,0,0,0,0,0,0,0,0,0,0,0,0,0,0,0,0,0,0,0,0,0,0,0,0,0,0,0,0,0,0,0,0,0,0,0,0,0,0,0,0,0,0,0,0,0,0,0,0,0,0,0,0,0,0,0,0,0,0,0,0,0,0,0,0,0,0,0,0,0,0,0,0,0,0,0,0,0,0,0,0,0,0,0,0,0,0,0,0,0,0,0,0,0,0,0,1,0,0,0
53,BOSNIA AND HERZEGOVINA,Law,"Criminal Code (Republika SRPSKA) (2013)

Inciting National, Racial or Religious Hatred, Discord or Hostility

Article 294a:

(1) Whosoever incites and inflames national, racial or religious hatred, discord or hostility, or spreads ideas of superiority of one race or nation over another, shall be punished by a fine or imprisonment for a term of not more than two years.

(2) Whosoever commits an offence under paragraph 1 above by employing duress and torture, jeopardizing the safety of any person, exposing national, ethnic or religious symbols to derision, damaging other people’s belongings, desecrating monuments or graves, shall be punished by imprisonment for a term of between six months and five years.
(3) Where an offence under paragraphs 1 and 2 above results in riots, violence or any other serious consequence to the co-existence of the constituent peoples and others who live in the Republika Srpska, the offender shall be punished by imprisonment for a term of one to eight years.

Criminal Code (Brcko District)

Inducing National, Racial or Religious Hatred, Discord or Hostility

Article 160 (1): A person who incites or fans national, racial or religious hatred, discord or hostility between constitutional nations and other residents of the Brcko District, shall be sentenced to prison for one to five years.

(2) If the criminal offence referred to in Paragraph 1 of this Article has been committed by coercion, molestation, jeopardizing of safety, exposing to derision of national, ethnic or religious symbols, damaging belongings of another, desecrating monuments, memorials or graves, the perpetrator shall be sentenced to imprisonment for one to eight years.

(3) A person who commits the criminal offence referred to in Paragraph 2 of this Code, through the abuse of his position or authority, or if these offences resulted in disorder, violence, or other grave consequences for the joint life of constitutional nations and others living in the Brcko District, shall be sentenced to imprisonment of one to ten years. (4) Materials and objects containing the message from Paragraph 1 of this Article, as well as all means for their production, copying and distribution shall be confiscated",0,Bosnia and Herzegovina,1,1,0,0,0,0,0,0,0,0,0,0,1,1,0,0,1,1,0,0,0,1,0,0,0,0,1,0,1,0,0,0,0,0,0,0,0,0,0,0,0,0,0,0,0,0,0,0,0,0,0,0,0,0,0,0,0,0,0,0,0,0,0,0,0,0,0,0,0,0,0,0,0,0,0,0,0,0,0,0,0,0,0,0,1,0,0,0,0,0,0,0,0,0,0,0,0,0,0,0,0,0,0,0,0,0,0,0,0,0,0,0,0,0,0,0,0,0,0,0,0,0,0,0,0,0,0,0,0,0,0,0,0,0,0,0,0,0,0,0,0,0,0,0,0,0,0,0,0,0,0,0,0,0,0,0,0,0,0,0,0,0,0,0,0,0,0,0,0,0,0,0,0,0,0,0,0,0,0,0,0,0,0,0,0,0,0,0,0,0,0,0,0,0,0,0,0,0,0,0,0,0,0,0,0,0,0,0,0,0,0,0,0,0,0,0,0,0,0,0,0,0,0,0,0,0,0,0,0,0,0,0,0,0,0,0,0,0,0,0,0,1,0,0,0
54,BOTSWANA,Law,"Criminal Code

Article 92: Expressions of hatred, etc. of persons because of race, etc.

(1) Any person who utters any words or publishes any writing expressing or showing hatred, ridicule or contempt for any person or group of persons wholly or mainly because of his or their race, tribe, place of origin, colour or creed is guilty of an offence and liable to a fine not exceeding P500.

(2) No prosecution for an offence under this section shall be instituted without the written consent of the Director of Public Prosecutions.",0,Botswana,0,0,0,0,0,0,0,1,0,0,0,0,1,0,0,0,1,0,0,0,0,1,0,0,0,0,1,0,1,0,0,0,0,1,0,0,0,0,0,0,0,0,0,0,0,0,0,0,0,0,0,0,0,0,0,0,0,1,0,1,0,0,0,0,0,0,0,0,0,0,0,0,0,0,0,0,0,0,0,0,0,0,0,0,0,0,0,0,0,0,0,0,0,0,0,0,0,0,0,0,0,0,0,0,0,0,0,0,0,0,0,0,0,0,0,0,0,0,0,0,0,0,0,0,0,0,0,0,0,0,0,0,0,0,0,0,0,0,0,0,0,0,0,0,0,0,0,0,0,0,0,0,0,0,0,0,0,0,0,0,0,0,0,0,0,0,0,0,0,0,0,0,0,0,0,0,0,0,0,0,0,0,1,0,0,0,0,0,0,0,0,0,0,0,0,0,0,0,0,0,0,0,0,1,0,0,0,0,0,0,0,0,0,0,0,0,0,0,0,0,0,0,0,0,0,0,0,0,0,0,0,0,0,0,0,0,0,0,0,0,0,0,0,0,0
55,BRAZIL,Law,"Criminal Code

The penalty of the crime of insult is majored if the content related to hate speech, also applied in cyberspace.

Article 140: Insulting another, offending their dignity or decorum:

(3) If the insult consists of the use of elements referring to race, colour, ethnicity, religion, origin or the condition of an elderly person or person with a disability:

Penalty – imprisonment of one to three years and a fine.

Law No 7.716 1989

Article 20(1): To practise, promote or incite discrimination or prejudice against race, colour, ethnicity, religion or national origin.

Penalty: imprisonment from one to three years and a fine

(2) If any of the crimes provided for in the caput is committed through the media or publication of any nature.

Penalty: imprisonment for two to five years and fine",0,Brazil,0,0,1,0,0,0,0,1,0,0,1,0,0,1,0,0,0,0,0,1,0,1,1,0,0,0,1,0,1,0,0,0,0,0,0,0,0,0,0,0,0,0,0,0,0,0,0,0,0,0,0,0,0,0,0,0,0,0,0,0,0,0,0,0,0,0,0,0,0,0,0,0,0,0,0,0,0,0,0,0,0,0,0,0,0,0,0,1,0,0,0,0,0,0,0,0,0,0,0,0,0,0,0,0,0,0,0,0,0,0,0,0,0,0,0,0,0,0,0,0,0,0,0,0,0,0,0,0,0,0,0,0,0,0,0,0,0,0,0,0,0,0,0,0,0,0,0,0,0,0,0,0,0,0,0,0,0,0,0,0,0,0,0,0,0,0,0,0,0,1,0,0,0,0,0,0,0,0,0,0,0,0,0,0,0,0,1,0,0,0,0,0,0,0,0,0,0,0,0,0,0,0,0,0,0,0,0,0,0,0,0,0,0,0,0,0,0,0,0,0,0,0,0,0,0,0,0,0,0,0,0,0,0,0,0,0,0,0,0,0,0,0,0,0,0
56,BRUNEI DARUSSALAM,Law,"Criminal Code

Section 505: Statements conducting to public mischief

Whoever makes, publishes or circulates any statement, rumour or report —

(c) with intent to incite, or which is likely to incite, any class or community of persons to commit any offence against any other class or community, shall be punished with imprisonment for a term not exceeding 5 years and a fine.

Exception — It does not amount to an offence, within the meaning of this section, when the person making, publishing or circulating any such statement, rumour or report has reasonable grounds for believing that such statement, rumour or report is true and makes, publishes or circulates it without any such intent as aforesaid",0,Brunei Darussalam,0,0,0,0,0,0,0,0,0,0,0,0,0,0,0,0,0,0,0,0,0,0,1,0,0,0,0,0,0,0,0,0,0,0,0,0,0,0,0,0,0,0,0,0,0,0,0,0,0,0,0,0,0,1,0,0,0,0,0,0,0,0,0,0,0,0,0,0,0,0,0,0,0,0,0,0,0,0,0,0,0,0,0,0,0,0,0,0,0,0,0,0,0,0,0,0,0,0,0,0,0,0,0,0,0,0,0,0,0,0,0,0,0,0,0,0,0,0,0,0,0,0,0,0,0,0,0,0,0,0,0,0,0,0,0,0,0,0,0,0,0,0,0,0,0,0,0,0,0,0,0,0,0,0,0,0,0,0,0,0,0,0,0,0,0,0,0,0,0,0,0,0,0,0,0,0,0,0,0,0,0,0,0,0,0,0,0,0,0,0,0,0,0,0,0,0,0,0,0,0,0,0,0,0,0,0,0,0,0,0,0,0,0,0,0,0,0,0,0,0,0,0,0,0,0,0,0,0,0,0,0,0,0,0,0,0,0,0,0,0,0,0,0,0,0
57,BULGARIA,Law,"Criminal Code

Article 162 (1): Anyone who, by speech, press or other media, by electronic information systems or in another manner, propagates or incites discrimination, violence or hatred on the grounds of race, nationality or ethnic origin shall be punishable by imprisonment of one to four years and a fine from BGN 5,000 to 10,000, as well as public censure.

Article 164 (1): A person who propagates or instigates discrimination, violence or hatred on religious basis by speech, through the press or other mass media, through electronic information systems or in another way, shall be punished by imprisonment for up to four years or probation and a fine from BGN five thousand to ten thousand.",0,Bulgarian,0,0,0,0,0,0,0,0,0,0,0,0,0,1,0,0,1,0,0,0,0,1,0,0,0,0,1,0,1,0,0,0,0,0,0,0,0,0,0,0,0,0,0,0,0,0,0,0,0,0,0,0,0,0,0,0,0,0,0,0,0,0,0,0,0,0,0,0,0,0,0,0,0,0,0,0,0,0,0,0,0,0,0,0,0,0,0,1,1,0,0,0,0,0,0,0,0,0,0,0,0,0,0,0,0,0,0,0,0,0,0,0,0,0,0,0,0,0,0,0,0,0,0,0,0,0,0,0,0,0,0,0,0,0,0,0,0,0,0,0,0,0,0,0,0,0,0,0,0,0,0,0,0,0,0,0,0,0,0,0,0,0,0,0,0,0,0,0,0,0,0,0,0,0,0,0,0,0,0,0,0,0,0,0,0,0,0,0,0,1,0,0,0,0,0,0,0,0,0,0,0,0,0,0,0,0,0,0,0,0,0,0,0,0,0,0,0,0,0,0,0,0,0,0,0,0,0,0,0,0,0,0,0,0,0,0,0,0,0,0,0,1,0,0,0
58,CAMBODIA,Law,"Criminal Code:

Article 494: Existence of incitement

For the enforcement of this Section, the incitement is punishable when it is committed:

by speech of any kind, made in a public place or meeting;
by writing or picture of any kind, either displayed or distributed to the public;
by any audio-visual communication to the public.
Article 496: Incitement to discrimination

The direct incitement, by one of the means defined in Article 494 of this Code, to discrimination, to be malicious or violent against a person or a group of persons because of their membership or non-membership of a particular ethnicity, nationality, race or religion, shall be punishable by imprisonment from one to three years and a fine of two million to six million Riels, where the incitement was ineffective",0,Cambodia,0,0,0,0,0,0,0,0,0,0,0,0,0,1,0,0,0,0,0,0,0,1,0,0,0,0,1,0,1,0,0,0,0,0,0,0,0,0,0,0,0,0,0,0,0,0,0,0,0,0,0,0,0,0,0,0,0,0,0,0,0,0,0,0,0,0,0,0,0,0,0,0,0,0,0,0,0,0,0,0,0,0,0,0,0,0,0,1,0,0,0,0,0,0,0,0,0,0,0,0,0,0,0,0,0,0,0,0,0,0,0,0,0,0,0,0,0,0,0,0,0,0,0,0,0,0,0,0,0,0,0,0,0,0,0,0,0,0,0,0,0,0,0,0,0,0,0,0,0,0,0,0,0,1,0,0,0,0,0,0,0,0,0,0,0,0,0,0,0,0,0,0,0,0,0,0,0,0,0,0,0,0,0,0,0,0,0,0,0,0,0,0,0,0,0,0,0,0,0,0,0,0,0,0,0,0,0,0,0,0,0,0,0,0,0,0,0,0,0,0,0,0,0,0,0,0,0,0,0,0,0,0,0,0,0,0,0,0,0,0,0,1,0,0,0
59,CAMEROON,Law,"Criminal Code

Section 241: Contempt of Race or Religion

(1) Whoever commits contempt, within the meaning of section 152 of this Code, of the race or religion of a number of citizens or residents shall be punished with imprisonment for from six days to six months and with a fine of from CFAF five thousand to CFAF five hundred thousand.

(2) Where the offence is committed by means of the press or wireless the fine may extend to CFAF 20 000 000.

(3) Where the offence is committed with intent to arouse hatred or contempt between citizens, the penalties provided by the foregoing subsections shall be doubled",0,Cameroon,0,0,0,0,0,0,0,0,0,0,0,0,0,0,0,0,1,0,0,0,0,0,1,0,0,0,1,0,1,0,0,0,0,0,0,0,0,0,0,0,0,0,0,0,0,0,0,0,0,0,0,0,0,0,0,0,0,1,0,0,0,0,0,0,0,0,0,0,0,0,0,0,0,0,0,0,0,0,0,0,0,0,0,0,0,0,0,0,0,0,0,0,0,0,0,0,0,0,0,0,0,0,0,0,0,0,0,0,0,0,0,0,0,0,0,0,0,0,0,0,0,0,0,0,0,0,0,0,0,0,0,0,0,0,0,0,0,0,0,0,0,0,0,0,0,0,0,0,0,0,0,0,0,0,0,0,0,0,0,0,0,0,0,0,0,0,0,0,0,0,0,0,0,0,0,0,0,0,0,0,0,0,0,0,0,0,0,0,0,0,0,0,0,0,0,0,0,0,0,0,0,0,0,0,0,0,0,0,0,0,0,0,0,0,0,0,0,0,0,0,0,0,0,0,0,0,0,0,0,0,0,0,0,0,0,0,0,0,0,0,0,0,0,0,0
60,CANADA,Law,"Criminal Code

Public incitement of hatred

Article 319 (1) Everyone who, by communicating statements in any public place, incites hatred against any identifiable group where such incitement is likely to lead to a breach of the peace is guilty of:

(a) an indictable offence and is liable to imprisonment for a term not exceeding two years; or

(b) an offence punishable on summary conviction.

Willful promotion of hatred

(2) Everyone who, by communicating statements, other than in private conversation, willfully promotes hatred against any identifiable group is guilty of:

(a) an indictable offence and is liable to imprisonment for a term not exceeding two years; or

(b) an offence punishable on summary conviction.

Marginal note: Defenses

(3) No person shall be convicted of an offence under subsection (2)

(a) if he establishes that the statements communicated were true;

(b) if, in good faith, the person expressed or attempted to establish by an argument an opinion on a religious subject or an opinion based on a belief in a religious text;

(c) if the statements were relevant to any subject of public interest, the discussion of which was for the public benefit, and if on reasonable grounds he believed them to be true; or

(d) if, in good faith, he intended to point out, for the purpose of removal, matters producing or tending to produce feelings of hatred toward an identifiable group in Canada.

—–

(7) In this section, communicating includes communicating by telephone, broadcasting or other audible or visible means;

Identifiable group has the same meaning as in section 318.

Definition of identifiable group

Article 318(4) In this section, identifiable group means any section of the public distinguished by colour, race, religion, national or ethnic origin, age, sex, sexual orientation, gender identity or expression, or mental or physical disability.

public place includes any place to which the public have access as of right or by invitation, express or implied; (endroit public)

statements includes words spoken or written or recorded electronically or electro-magnetically or otherwise, and gestures, signs or other visible representations.",0,Canada,0,0,1,0,0,0,0,1,0,0,1,0,0,1,1,0,1,0,0,0,0,1,1,0,0,0,1,0,1,1,0,0,0,0,0,0,0,0,0,0,0,0,0,0,0,0,0,0,0,0,0,0,0,0,0,0,0,0,0,0,0,0,0,0,0,0,0,0,0,0,0,0,0,0,0,0,0,0,0,0,0,0,0,0,0,0,0,0,0,0,0,0,0,0,0,0,0,0,0,0,0,0,0,0,0,0,0,0,0,0,0,0,0,0,0,0,0,0,0,0,0,0,0,0,0,0,0,0,0,0,0,0,0,0,0,0,0,0,0,0,0,0,0,0,0,0,0,0,0,0,0,0,0,0,0,0,0,0,0,0,0,0,0,0,0,0,0,0,0,0,0,0,0,0,0,0,0,0,0,0,0,0,0,0,0,0,0,0,0,0,0,0,0,0,0,0,0,0,0,0,0,0,0,0,0,0,0,1,0,0,0,0,0,0,0,0,0,0,0,0,0,0,0,0,0,0,0,0,0,0,0,0,0,0,0,0,0,0,0,0,0,0,0,0,0
61,CENTRAL AFRICAN REPUBLIC,Law,"Criminal Code

Article 292: The dissemination, by any means whatsoever, of propaganda tending to inspire in citizens or inhabitants contempt for certain categories of persons or hate, to urge them to attack by violence, to revolt, to subvert, against the constitution, the legally established State powers, State officers and Judges carrying out their duties, the military, the collection of taxes, the economic and social structures of the nation, the distribution of real property and real property wealth, is prohibited. The dissemination of propaganda of such a kind as to harm the vital interests of the State and the nation is also prohibited. The offenders specified above shall be punished by a sentence of imprisonment of five to ten years and a fine of 500,000 to 10,000,000 Francs.

Article 293: Anyone who makes public statements or propaganda supporting racial, tribal, ethnic, regional segregation, genocide and any acts contrary to human conscience shall be punished by a sentence of imprisonment of two to five years and a fine of 100,002 to 1,000,000 Francs.",0,Central African Republic,0,0,0,0,0,0,0,0,0,0,0,0,0,1,0,0,1,0,0,0,0,1,0,0,0,0,1,0,0,0,0,0,0,1,0,0,0,0,0,0,0,0,0,0,0,0,0,0,0,0,0,0,0,0,0,0,0,1,0,0,0,0,0,0,0,0,0,0,0,0,0,0,0,0,0,0,0,0,0,0,0,0,0,0,0,0,0,0,0,0,0,0,0,0,0,0,0,0,0,0,0,0,0,0,0,0,0,0,0,0,0,0,0,0,0,0,0,0,0,1,0,0,0,0,0,0,0,0,0,0,0,0,0,0,0,0,0,0,0,0,0,0,0,0,0,0,0,0,0,0,0,0,0,0,0,0,0,0,0,0,0,0,0,0,0,0,0,0,0,0,0,0,0,0,0,0,0,0,0,0,0,0,0,0,0,0,0,0,0,1,0,0,0,0,0,0,0,0,1,0,0,0,1,0,0,0,0,0,0,0,0,0,0,0,0,0,0,0,0,0,0,0,0,0,0,0,0,0,1,0,0,0,0,0,0,0,0,0,0,0,0,1,0,0,0
62,CHAD,Law,"2010 Media Law No.17:

The law prohibits “inciting racial, ethnic, or religious hatred,” which is punishable by up to two years in prison and a fine of one to three million Central African (CFA) Francs.

Information taken from secondary source – US Department of State Report on Chad 2019.",0,Chad,0,0,0,0,0,0,0,0,0,0,0,0,0,1,0,0,1,0,0,0,0,0,0,0,0,0,1,0,1,0,0,0,0,0,0,0,0,0,0,0,0,0,0,0,0,0,0,0,0,0,0,0,0,0,0,0,0,0,0,0,0,0,0,0,0,0,0,0,0,0,0,0,0,0,0,0,0,0,0,0,0,0,0,0,0,0,0,0,0,0,0,0,0,0,0,0,0,0,0,0,0,0,0,0,0,0,0,0,0,0,0,0,0,0,0,0,0,0,0,0,0,0,0,0,0,0,0,0,0,0,0,0,0,0,0,0,0,0,0,0,0,0,0,0,0,0,0,0,0,0,0,0,0,0,0,0,0,0,0,0,0,0,0,0,0,0,0,0,0,0,0,0,0,0,0,0,0,0,0,0,0,0,0,0,0,0,0,0,0,0,0,0,0,0,0,0,0,0,0,0,0,0,0,0,0,0,0,0,0,0,0,0,0,0,0,0,0,0,0,0,0,0,0,0,0,0,0,0,0,0,0,0,0,0,0,0,0,0,0,0,0,0,0,0,0
63,CHILE,Law,"The Law on The Freedom of Opinion and Information and Journalism Practice

Article 31: Anyone who, by any means of social communication, makes publications or transmissions intended to promote hatred or hostility towards people or groups based on their race, sex, religion or nationality, will be punished with a fine of twenty-five to one hundred tax units monthly. In case of recidivism, the fine may be increased to two hundred monthly tax units",0,Chile,0,0,0,0,0,0,0,0,0,0,0,0,0,0,1,0,1,1,0,0,0,1,0,0,0,0,1,0,1,0,0,0,0,0,0,0,0,0,0,0,0,0,0,0,0,0,0,0,0,0,0,0,0,0,0,0,0,0,0,0,0,0,0,0,0,0,0,0,0,0,0,0,0,0,0,0,0,0,0,0,0,0,0,0,0,0,0,0,0,0,0,0,0,0,0,0,0,0,0,0,0,0,0,0,0,0,0,0,0,0,0,0,0,0,0,0,0,0,0,0,0,0,0,0,0,0,0,0,0,0,0,0,0,0,0,0,0,0,0,0,0,0,0,0,0,0,0,0,0,0,0,0,0,0,0,0,0,0,0,0,0,0,0,0,0,0,0,0,0,0,0,0,0,0,0,0,0,0,0,0,0,0,0,0,0,0,0,0,0,0,0,0,0,0,0,0,0,0,0,0,0,0,0,0,0,0,0,1,0,0,0,0,0,0,0,0,0,0,0,0,0,0,0,0,0,0,0,0,0,0,0,0,0,0,0,0,0,0,0,0,0,0,0,0,0
64,CHINA,Law,"Criminal Code

Article 249: Those provoking ethnic hatred or discrimination, if the case is serious, are to be sentenced to three years or less in prison, put under criminal detention or surveillance, or deprived of their political rights. If the case is especially serious, they are to be sentenced to three to 10 years in prison.

Article 250: Persons directly responsible for publishing materials that discriminate or insult minority nationalities, if the case is serious and results in grave consequences, are to be sentenced to three years or less in prison, or put under criminal detention or surveillance.

Law of the People’s Republic of China on Penalties for Administration of Public Security

Article 47: A person who incites national hatred or national discrimination, or publishes contents about national discrimination or humiliation in publications or computer information networks shall be detained for not less than 10 days and not more than 15 days and may, in addition, be fined not more than 1,000 Yuan",0,China,0,0,0,0,0,0,0,0,0,0,0,0,0,1,0,0,1,0,0,0,1,1,0,0,0,1,0,0,0,0,0,0,0,0,0,0,0,0,0,0,0,0,0,0,0,0,0,0,0,0,0,0,0,0,0,0,0,0,0,0,0,0,0,0,0,0,0,0,0,0,0,0,0,0,0,0,0,0,0,0,0,0,0,0,0,0,0,1,0,0,0,0,0,0,0,0,0,0,0,0,0,0,0,0,0,0,0,0,0,0,0,0,0,0,0,0,0,0,0,0,0,0,0,0,0,0,0,0,0,1,1,0,0,0,0,0,0,0,0,0,0,0,0,0,0,0,0,0,0,0,0,0,0,0,0,0,0,0,0,0,0,0,0,0,0,0,0,0,0,0,0,0,0,0,0,0,0,0,0,0,0,0,0,0,0,0,0,0,0,0,0,0,0,0,0,0,0,0,0,0,0,0,0,0,0,0,0,0,0,0,0,0,0,0,0,0,0,0,0,0,0,0,0,0,0,0,0,0,0,0,0,0,0,0,0,0,0,0,0,0,0,0,0,0,0
65,COLOMBIA,Law,"Criminal Code

Article 134a: Racist or Discriminatory Acts.

Anyone who arbitrarily prevents, obstructs or restricts the full exercise of the rights of persons on the grounds of race, nationality, sex or sexual orientation shall be liable to imprisonment of twelve (12) to thirty-six (36) months and to a fine of ten to fifteen times the statutory minimum monthly wage.

Article 134b: Harassment on the grounds of race, religion, political ideology, or national, ethnic or cultural origin

Any person who promotes or instigates acts, behaviour or conduct constituting harassment, aimed at causing physical or moral harm to a person, group of persons, community or people, on account of their race, ethnicity, religion, nationality, political or philosophical ideology, sex or sexual orientation, shall be imprisoned for twelve (12) to thirty-six (36) months and fined ten (10) to fifteen (15) times the statutory monthly minimum wage in force, unless the conduct constitutes an offence punishable by a greater penalty

Article 134c: Circumstances of punitive aggravation

The penalties provided for in the preceding articles shall be increased by one-third to one-half when: 1. The conduct is displayed in a public space, public establishment or place open to the public. 2. The conduct is displayed through the use of mass media. 3. The conduct is displayed by a public servant. 4. The conduct is exhibited for or in connection with the provision of a public service. 5. The conduct is directed against a child, an adolescent or a senior citizen. 6. The conduct is aimed at denying or restricting workers’ rights. (Colombia 2011, emphasis in original)",0,Colombia,0,0,0,0,0,0,0,0,0,0,0,0,0,1,1,1,0,0,0,0,0,1,0,0,1,0,1,0,1,1,0,0,0,0,0,0,0,0,0,0,0,0,0,0,0,0,0,0,0,0,0,0,0,0,0,0,0,0,0,0,0,0,1,0,0,0,0,0,0,0,0,0,0,0,0,0,0,0,0,0,0,0,0,0,0,0,0,1,0,0,0,0,0,0,0,0,0,0,0,0,0,0,0,0,0,0,0,0,0,0,0,0,0,0,0,0,0,0,0,0,0,1,0,1,0,0,0,0,0,0,0,0,0,0,0,0,0,0,0,0,0,0,0,0,0,0,0,0,0,0,0,0,0,0,0,0,0,0,0,0,0,0,0,0,0,0,1,0,0,0,0,0,0,0,0,0,1,0,0,0,0,0,0,0,0,0,0,0,0,0,0,0,0,0,0,0,0,0,0,0,0,0,0,0,0,0,0,1,0,0,0,0,0,0,0,0,0,0,0,0,0,0,0,0,0,0,0,0,0,0,0,0,0,0,0,0,0,0,0,0,0,0,0,0,0
66,COMOROS,Law,"Criminal Code

Article 260: Defamation against individuals through one of the means set out in Article 247 will be punished by imprisonment of one to six months and a fine of 15,000 to 75,000 Francs or one of these two sentences only. Defamation committed by the same means against a group of people due to their belonging to a race or a specific religion will be punished by imprisonment of two months to two years and a fine of 15,000 to 200,0000 Francs when the aim is to incite hatred between citizens and inhabitants.

Article 247: Broadcasting, television, cinema, press, display, exhibition, distribution of writings or images of all kinds, speeches, songs, shouts or threats uttered are considered as means of public dissemination. In public places or meetings and all spaces intended to reach the public",0,Comoros,0,0,0,0,0,0,0,0,0,0,0,0,0,0,0,0,1,0,0,0,0,0,0,0,0,0,1,0,1,0,0,0,0,0,0,0,0,0,0,0,0,0,0,0,0,0,0,0,0,0,0,0,0,0,0,0,0,0,0,0,0,0,0,0,0,0,1,0,0,0,0,0,0,0,0,0,0,0,0,0,0,0,0,0,0,0,0,0,0,0,0,0,0,0,0,0,0,0,0,0,0,0,0,0,0,0,0,0,0,0,0,0,0,0,0,0,0,0,0,0,0,0,0,0,0,0,0,0,0,0,0,0,0,0,0,0,0,0,0,0,0,0,0,0,0,0,0,0,0,0,0,0,0,0,0,0,0,0,0,0,0,0,0,0,0,0,0,0,0,0,0,0,0,0,0,0,0,0,0,0,0,0,0,0,0,0,0,0,0,0,0,0,0,0,0,0,0,0,0,0,0,0,0,0,0,0,0,0,0,0,0,0,0,0,0,0,0,0,0,0,0,0,0,0,0,0,0,0,0,0,0,0,0,0,0,0,0,0,0,0,0,0,0,0,0
67,CROATIA,Law,"Criminal Code

Article 325: Public Incitement to Violence and Hatred

Article 325 (1) Whoever in print, through radio, television, computer system or network, at a public gathering or in some other way publicly incites to or makes available to the public tracts, pictures or other material instigating violence or hatred directed against a group of persons or a member of such a group on account of their race, religion, national or ethnic origin, descent, colour, gender, sexual orientation, gender identity, disability or any other characteristics shall be punished by imprisonment not exceeding three years.

(2) The same punishment as referred to in paragraph 1 of this Article shall be inflicted on whoever publicly approves of, denies or grossly trivializes the crimes of genocide, crimes of aggression, crimes against humanity or war crimes, directed against a group of persons or a member of such a group on account of their race, religion, national or ethnic origin, descent or colour in a manner likely to incite to violence or hatred against such a group or a member of such a group.

(3) The attempt to carry out or commit criminal offences referred to in paragraph 1 and 2 of this Article shall be punishable

Anti-Discrimination Act

Article 25:

(1): Whoever, with the aim to intimidate another person or to create a hostile, degrading or offensive environment on the grounds of a difference in race, ethnic affiliation, colour, gender, language, religion, political or other belief, national or social origin, property, trade union membership, social status, marital or family status, age, health condition, disability, genetic origin, native identity or expression and sexual orientation, hurts another person’s dignity, shall be charged a fine for misdemeanour amounting from HRK 5,000.00 to HRK 30,000.00.

(2) The responsible person as a legal person, state body, legal person vested with public authority, and local and regional self-government unit shall be charged the fine for misdemeanour referred to in paragraph 1 of this Article. 10

(3) If a sole trader or a self-employed person performing any other independent activity commits the misdemeanour referred to in paragraph 1 of this Article in relation to his/her craft or activity, he/she shall be charged a fine of HRK 10,000 to HRK 200,000.00.

(4) A legal person shall be charged a fine of HRK 30,000.00 to HRK 300,000.00 for the misdemeanour referred to in paragraph 1 of this Article",0,Croatia,0,0,1,0,0,0,1,1,0,0,1,1,0,1,1,0,1,1,0,0,0,1,1,0,1,0,1,0,1,1,0,0,0,0,0,0,0,0,0,0,0,0,0,0,0,0,0,0,0,0,0,0,0,0,0,0,0,0,0,0,0,0,0,0,0,0,0,0,0,0,0,0,0,0,0,0,0,0,1,0,0,0,0,0,0,0,0,0,0,0,0,0,0,0,0,0,0,0,0,0,0,0,0,0,0,0,0,0,0,0,0,1,0,0,0,1,0,0,1,0,0,0,0,0,0,0,0,0,0,0,0,0,0,0,0,0,0,0,0,0,0,0,0,0,0,0,0,0,0,0,1,0,0,0,0,1,0,0,0,0,0,0,0,1,0,0,0,0,0,0,0,0,0,0,0,0,0,0,0,0,0,0,0,0,0,0,0,0,0,0,0,1,0,0,0,0,0,0,0,0,0,0,0,0,0,0,0,0,0,0,0,0,0,0,0,0,1,1,0,0,0,0,0,0,0,0,0,0,0,0,0,1,0,0,0,0,0,0,0,0,0,1,0,0,0
68,CYPRUS,Law,"Criminal Code

Article 99A: Incitement to violence or hatred due to sexual orientation or gender identity

(1) A person who intentionally, publicly and in a manner that is threatening or abusive or offensive in nature, promotes or incites, verbally or through the press or in written texts or illustrations or in any other way, violence or hatred directed against a group persons or a member of a group of persons identified on the basis of their sexual orientation or gender identity, is guilty of an offence and, if convicted, is subject to imprisonment not exceeding 3 years or to a fine not exceeding five thousand Euros or both.

(2) Criminal proceedings under this article shall be instituted only with the approval of the Attorney General of the Republic.

The Combatting of Certain Forms and Expressions of Racism and Xenophobia by means of Criminal Law 134 (I) of 2011

Article 3(1): A person who intentionally and publicly disseminates and incites, in any manner, violence or hate against a group of persons or its members determined according to race, colour, religion, descent or national or ethnic origin, in a manner which disrupts public order or which is threatening, abusive or insulting is subject to imprisonment which does not exceed 5 years or a fine that does not exceed€ 10 000 or both",0,Cyprus,0,1,0,0,1,0,1,1,0,0,0,0,0,1,1,0,1,0,0,1,0,1,1,0,0,0,1,0,1,1,0,0,1,0,0,1,0,0,0,0,0,0,0,0,0,0,0,0,0,0,0,0,0,0,0,0,0,0,0,0,0,0,0,0,0,0,0,0,0,0,0,0,0,0,0,0,0,0,1,0,0,0,0,0,0,0,0,0,0,0,0,0,0,0,0,0,0,0,0,0,0,0,0,0,0,0,0,0,0,0,0,0,0,0,0,0,0,0,0,0,0,0,0,0,0,0,0,0,0,0,0,0,0,0,0,0,0,0,0,0,0,0,0,0,0,0,0,0,0,0,0,0,0,0,0,0,0,0,0,0,0,0,0,0,0,0,0,0,0,0,0,0,0,0,0,0,0,0,0,0,0,0,0,0,0,0,0,0,0,0,0,0,0,0,0,0,0,0,0,0,0,0,0,0,0,0,0,0,0,0,0,0,0,0,0,0,0,0,0,0,0,0,0,0,0,0,0,0,0,0,0,0,0,0,0,0,0,0,0,0,0,1,0,0,0
69,CZECH REPUBLIC,Law,"Criminal Code

Section 355 Defamation of Nation, Race, Ethnic or other Group of People

1) Whoever publicly defames a) any nation, its language, any race or ethnic group, or b) a group of people for their true or presupposed race, belonging to an ethnic group, nationality, political or religious beliefs or because they are truly or supposedly without religion, shall be sentenced to imprisonment of up to two years.

(2) An offender shall be sentenced to imprisonment for up to two years, if he/she commits the act referred to in Sub-section (1) a) with at least two persons, or b) by press, film, radio, television, publicly accessible computer network or in another similarly effective way.

Section 356 Instigation of Hatred towards a Group of People or of Suppression of their Rights and Freedoms

(1) Whoever publicly instigates hatred towards any nation, race, ethnic group, religion, class or another group of people or instigates suppression of rights and freedoms of their members, shall be sentenced to imprisonment of up to two years.

(2) The same sentence shall be imposed on anyone who conspires or assembles to commit the act referred to in Sub-section (1).

(3) An offender shall be sentenced to imprisonment for six months to three years, if he/she a) commits the act referred to in Sub-section (1) by press, film, radio, television, publicly accessible computer network or in another similarly effective way, or b) actively participates in activities of a group, organization or association that promotes discrimination, violence or race, ethnical, class, religious or other hatred by such an act.",0,Czech Republic,0,0,0,0,0,0,1,0,0,0,0,0,0,1,0,0,1,0,0,0,0,1,0,0,1,0,1,0,1,0,0,0,0,0,0,0,0,0,0,0,0,0,0,0,0,0,0,0,0,0,0,0,0,1,0,0,0,0,0,0,0,0,0,0,0,0,1,0,0,0,0,0,0,0,0,0,0,0,0,0,0,0,0,0,0,0,0,1,0,0,0,0,0,0,0,0,0,0,0,0,0,0,0,0,0,0,0,0,0,0,0,0,0,0,0,0,0,0,0,0,0,0,0,0,0,0,0,0,0,0,0,0,0,0,0,0,0,0,0,0,0,0,0,0,0,0,0,0,0,0,1,0,0,0,0,0,0,0,0,0,0,0,0,0,0,0,0,0,0,0,0,0,0,0,0,0,0,0,0,0,0,0,0,0,0,0,0,0,0,0,0,0,0,0,0,0,0,0,0,0,0,0,0,0,0,0,0,0,0,0,0,0,0,0,0,0,0,0,0,0,0,0,0,0,0,0,0,0,0,0,0,0,0,0,0,0,0,0,0,0,0,1,0,0,0
70,DEMOCRATIC REPUBLIC OF THE CONGO,Law,"Law no. 96-002 Freedom of Press (1996)

Article 77: Those who incite to discrimination, hate or violence, against a person or group of persons due to their origin or belonging or non-belonging to an ethnic, national, racial group, ideology or religion are punished in accordance with Article 76.

Law No. 8-2001 on Freedom of Information and Communication (2001)

Article 188: Those who, by one of the means set out in article 187 of this law, have provoked discrimination, hatred or violence against a person or a group of people on the grounds of their origin or their belonging or not to an ethnic group, a nation, a race, a specific religion or a philosophical movement, will be punished with a fine of 150,000 CFA francs to 1,500,000 CFA francs when this provocation would have had no effect.

Means set out in Article 187: Speeches, cries or threats uttered in meetings or public places, or by writings, prints, drawings, engravings, paintings, emblems, images, or any other written, spoken or visual medium sold or distributed or exhibited in public places, either by placards or posters",0,Democratic Republic of Congo,0,0,0,0,0,0,0,0,0,0,0,0,0,1,0,0,1,0,0,0,0,1,0,0,0,0,1,0,1,0,0,0,1,0,0,0,0,0,0,0,0,0,0,0,0,0,0,0,0,0,0,0,0,0,0,0,0,0,0,0,0,0,0,0,0,0,0,0,0,0,0,0,0,0,0,0,0,0,0,0,0,0,0,0,0,0,0,1,0,0,0,0,0,0,0,0,0,0,0,0,0,0,0,0,0,0,0,0,0,0,0,0,0,0,0,0,0,0,0,0,0,0,0,0,0,0,0,0,0,0,0,0,0,1,0,0,0,0,0,0,0,0,0,0,0,0,0,0,0,0,0,0,0,0,0,0,0,0,0,0,0,0,0,0,0,0,0,0,0,0,0,0,0,0,0,0,0,1,0,0,0,0,0,0,0,0,0,0,0,0,0,0,0,0,0,0,0,0,0,0,0,0,0,0,0,0,0,0,0,0,0,0,0,0,0,0,0,0,0,0,0,0,0,0,0,0,0,0,0,0,0,0,0,0,0,0,0,0,0,0,0,1,0,0,0
71,DENMARK,Law,"Criminal Code

Article 266(b)

(1) Any person “who, publicly or with the intention of wider dissemination, makes a statement or imparts other information by which a group of people are threatened, insulted or degraded on account of their race, colour, national or ethnic origin, religion, or sexual inclination shall be liable to a fine or to imprisonment for any term not exceeding two years.

(2) In determining the punishment it shall be considered a particularly aggravating circumstance if the conduct is of a propagandistic nature.",0,Denmark,0,0,0,0,0,0,0,1,0,0,0,0,1,1,0,0,0,0,0,1,0,1,0,0,0,0,1,0,1,1,0,0,1,0,0,0,0,0,0,0,0,0,0,0,0,0,0,0,0,0,0,0,0,0,0,0,0,0,0,0,0,0,0,0,0,0,0,0,0,0,1,0,0,0,0,0,0,0,0,0,0,0,0,0,0,0,0,0,0,0,0,0,0,0,0,0,0,0,0,0,0,0,0,0,0,0,0,0,0,0,0,0,0,0,0,0,0,0,0,0,0,0,0,0,0,0,0,0,0,0,0,0,0,0,0,0,0,0,0,0,0,0,0,0,0,0,0,0,0,0,0,0,0,0,0,0,0,0,0,0,0,0,0,0,0,0,0,0,0,0,0,0,0,0,0,0,0,0,0,0,0,0,0,0,0,0,0,0,0,1,0,0,0,0,0,0,0,0,0,0,0,0,0,0,0,0,0,0,0,0,0,0,0,0,0,0,0,0,0,0,0,0,0,0,0,0,0,0,0,0,0,0,0,0,0,0,0,0,0,0,0,0,0,0,0
72,DJIBOUTI,Law,"An Act on cyber-crime promulgated in 2014 strengthens the Criminal Code provision on discrimination and defines “racist and xenophobic” as “any written, visual or other representation of ideas or theories that condone or encourage hatred, discrimination or violence against a person or group of persons based on their race, colour, ancestry or national, ethnic or religious background, to the extent that the latter leads to or incites the types of discrimination described herein.”

Information taken from a secondary source (UN).

Article 391 of the Criminal Code provides for a punishment of 400,000 Francs and 2 years’ imprisonment",0,Djibouti,0,0,0,0,0,0,1,1,0,0,0,0,0,1,0,0,1,0,0,0,0,1,0,0,0,0,1,0,1,0,0,0,0,0,0,1,0,0,0,0,1,0,0,0,0,0,0,0,0,0,0,0,0,0,0,0,0,0,0,0,0,0,0,0,0,0,0,0,0,0,0,0,0,0,0,0,0,0,0,0,0,0,0,0,0,0,0,1,0,0,0,0,0,0,0,0,0,0,0,0,0,0,0,0,0,0,0,0,0,0,0,0,0,0,0,0,0,0,0,0,0,0,0,0,0,0,0,0,0,0,0,0,0,0,0,0,0,0,0,0,0,0,0,0,0,0,0,0,0,0,0,0,0,0,0,0,0,0,0,0,0,0,0,0,0,0,0,0,0,0,0,0,0,0,0,0,0,0,0,0,0,0,0,0,0,0,0,0,0,0,0,0,0,0,0,0,0,0,0,0,0,0,0,0,0,0,0,0,0,0,0,0,0,0,0,0,0,0,0,0,0,0,0,0,0,0,0,0,0,0,0,0,0,0,0,0,0,0,0,0,0,1,0,0,0
73,DOMINICA,Law,"Nationality and Racial Offences Act

Article 6: A person is guilty of an offence if, with the intent to stir up hatred against any person or any section of the public in Dominica on the grounds of colour, race or ethnic or national origins –

He publishes or distributes written matter which is threatening, abusive or insulting;
He uses, in any public space, or at any meeting, words which are threatening, abusive or insulting or words likely to stir up hatred against that person or section of the public on grounds of colour, race or ethnic or national origins",0,,0,1,0,0,0,0,0,1,0,0,0,0,0,1,0,0,1,0,0,1,0,1,0,0,0,0,1,0,0,0,0,0,1,0,0,0,0,0,0,0,0,0,0,0,0,0,0,0,0,0,0,0,0,0,0,0,0,0,0,0,0,0,0,0,0,0,0,0,0,0,0,0,0,0,0,0,0,0,0,0,0,0,0,0,0,0,0,0,0,0,0,0,0,0,0,0,0,0,0,0,0,0,0,0,0,0,0,0,0,0,0,0,0,0,0,0,0,0,0,0,0,0,0,0,0,0,0,0,0,0,0,0,0,0,0,0,0,0,0,0,0,0,0,0,0,0,0,0,0,0,0,0,0,0,0,0,0,0,0,0,0,0,0,0,0,0,0,0,0,0,0,0,0,0,0,0,0,0,0,0,0,0,0,0,0,0,0,0,0,0,0,0,0,0,0,0,0,0,0,0,0,0,0,0,0,0,0,0,0,0,0,0,0,0,0,0,0,0,0,0,0,0,0,0,0,0,0,0,0,0,0,0,0,0,0,0,0,0,0,0,0,0,0,0,0
74,ERITREA,Law,"Criminal Code

Article 195: Defamation of or Interference with Religious and Ethnic Groups

A person who intentionally and publicly asserts fabricated or distorted facts, knowing them to be such, in order to cast disparagement upon any religion or ethnic group, or who unlawfully disrupts or attempts to obstruct a religious service or assembly, is guilty of defamation of or interference with religious and ethnic groups, a Class 1 petty offence, punishable with a definite term of imprisonment of not less than 6 months and not more than 12 months, or a fine of 20,001 – 50,000 Nakfas, to be set at intervals of 2,500 Nakfas.

Art. 196: Disturbance of Religious or Ethnic Feelings.

A person who intentionally and publicly disparages a ceremony or rite of any lawful religious group, or profanes a place, image or object used for such religious ceremonies or ceremonies relating to any ethnic group, is guilty of disturbance of religious or ethnic feelings, a Class 1 petty offence, punishable with a definite term of imprisonment of not less than 6 months and not more than 12 months, or a fine of 20,001 – 50,000 Nakfas, to be set at intervals of 2,500 Nakfas.

Article 302: Insulting Behaviour and Outrage

(1) A person who, by addressing himself to another person or by referring to another person, offends the honour of that other person by insult or injury by: (a) distastefully touching upon the latter’s physical or mental impairment, or the latter’s ethnic, religious or racial background; (b) use of grossly obscene words or utterances; (c) reference to the victim’s profession or (d) any other words or utterances of similar severity, is guilty of insulting behaviour and outrage, a Class 2 petty offence, punishable with a definite term of imprisonment of not less than 1 month and not more than 6 months, or a fine of 5,001 – 20,000 Nakfas, to be set at intervals of 1,000 Nakfas.

Proclamation No.90/1995: The Press Proclamation

Article 12: Matters not to be disseminated

All those participating in public or private press in general, and heads of press in particular, [illegible] chief editors and journalists, are prohibited from publishing and disseminating the following matters.

(1) any matter which vilifies or belittles humanitarian and religious beliefs…

(3) any matter which incites religious and sub-national differences, promotes the spirit of division and dissension among the people, vilifies the Eritrean people’s tradition of struggle and incites violence and terrorism",0,Eritrea,1,0,0,0,0,0,0,0,0,0,1,0,1,1,0,0,0,0,0,1,0,0,1,0,0,0,0,0,1,0,0,0,0,0,0,0,0,0,0,0,0,0,0,0,0,0,0,0,0,0,0,0,0,0,0,0,0,0,0,0,0,0,0,0,0,0,1,0,0,0,0,0,0,0,0,0,0,0,0,0,0,0,0,0,0,0,0,0,0,0,0,0,0,0,0,0,0,0,0,0,0,0,0,0,0,0,0,0,0,0,0,0,0,0,0,0,0,0,0,0,0,0,0,0,0,0,0,0,0,0,0,0,0,0,0,0,0,0,0,0,0,0,0,0,1,0,0,0,0,0,0,0,0,0,0,0,0,0,0,0,0,0,0,0,0,1,0,0,0,0,0,1,0,0,0,0,0,0,0,0,0,0,0,0,0,0,0,1,1,0,0,0,0,0,0,0,0,0,0,0,0,0,0,0,0,0,0,0,0,0,0,0,0,0,0,0,0,0,0,0,0,0,0,0,0,0,0,1,0,0,0,0,0,0,0,0,0,0,1,0,0,1,0,0,0
75,ESTONIA,Law,"Constitution

Article 12:  Incitement to ethnic, racial, religious or political hatred, violence or discrimination is prohibited and punishable by law. Incitement to hatred and violence between social classes or to discrimination against a social class is also prohibited and punishable by law.

Criminal Code

Article 151: Incitement of hatred

(1) Activities which publicly incite to hatred, violence or discrimination on the basis of nationality, race, colour, sex, language, origin, religion, sexual orientation, political opinion, or financial or social status, if this results in danger to the life, health or property of a person, is punishable by a fine of up to three hundred fine units or by detention.

(2) The same act if: 1) it causes the death of a person or results in damage to health or other serious consequences; or 2) it is committed by a person who has previously been punished by such act; or 3) is punishable by a pecuniary punishment or up to three years’ imprisonment.

(3) An act provided for in subsection (1) of this section, if committed by a legal person, is punishable by a fine of up to 3200 euros.

(4) An act provided for in subsection (2) of this section, if committed by a legal person, is punishable by a pecuniary punishment.",0,Estonia,0,0,0,0,0,0,0,1,0,0,0,0,0,1,1,0,1,0,0,0,0,1,0,0,1,0,1,0,1,1,0,0,0,0,0,0,0,0,0,0,0,0,0,0,0,0,0,0,0,0,0,0,0,1,0,0,0,0,0,0,0,0,0,0,0,0,0,0,0,0,0,0,0,0,0,0,0,0,0,0,0,0,1,0,0,0,0,1,0,0,0,0,0,0,0,0,0,0,0,0,0,0,0,0,0,0,0,0,0,0,0,0,0,1,0,0,0,0,0,0,0,0,0,0,0,0,0,0,0,0,0,0,0,0,0,0,0,0,0,0,0,0,0,0,0,0,0,0,0,0,1,0,0,0,0,0,0,0,0,0,0,0,0,0,0,0,0,0,0,1,0,0,0,0,0,0,0,0,0,0,0,0,0,0,0,0,0,0,0,0,0,0,0,0,0,0,0,0,0,0,0,0,0,0,0,0,0,1,0,0,0,0,1,0,0,0,0,1,0,0,0,0,0,0,0,0,0,0,0,0,0,0,0,0,0,0,0,0,0,0,0,1,0,0,0
76,ETHIOPIA,Law,"Hate Speech and Disinformation Prevention and Suppression Proclamation

Section 2: Definition

“Hate speech” means speech that deliberately promotes hatred, discrimination or attack against a person or a discernible group of identity, based on ethnicity, religion, race, gender or disability.

Section 3. Objectives

The objectives of the Proclamation are to:

1. Ensure that in their exercise of freedom of expression, individuals will not engage in speech that incites violence, is likely to cause public disturbance or promotes hatred and discrimination against a person or an identifiable group or community based on ethnicity, religion, race, gender or disability;

2. Promote tolerance, civil discourse and dialogue, mutual respect and understanding and strengthening of democratic governance;

3. Control and suppress the dissemination and proliferation of hate speech, disinformation and other related false and misleading information.

Section 4: Prohibition of Hate Speech

Any person disseminating hate speech by means of broadcasting, print or social media using text, image, audio or video is prohibited.",0,Ethiopia,0,0,0,0,1,0,0,0,0,0,1,0,0,1,1,0,1,0,0,0,0,0,0,0,0,0,1,0,1,0,0,0,0,0,0,0,0,0,0,0,0,0,0,0,0,0,0,0,0,0,0,0,0,0,0,0,0,0,0,0,0,0,0,0,0,0,0,0,0,0,0,0,0,0,0,0,0,0,0,0,0,0,0,0,0,0,0,1,0,0,1,0,0,0,0,0,0,0,0,0,0,0,0,0,0,0,0,0,0,0,0,0,0,0,0,0,0,0,0,0,0,0,0,0,0,0,0,0,0,0,0,0,0,0,0,0,0,0,0,0,0,0,0,0,0,0,0,0,0,0,0,0,0,0,0,0,0,0,0,0,0,0,0,0,0,0,0,0,0,0,0,0,0,0,0,0,0,0,0,0,0,0,0,0,0,0,0,0,0,0,0,0,0,0,0,0,0,0,0,0,0,0,0,0,0,0,0,0,0,0,0,0,0,0,0,0,0,0,0,0,0,0,0,0,0,0,0,0,0,0,0,0,0,0,0,0,0,0,0,0,0,1,0,0,0
77,FIJI,Law,"Constitution

Article 17: Freedom of speech, expression and publication:

(2) Freedom of speech, expression, thought, opinion and publication does not protect—

(a) propaganda for war; (b) incitement to violence or insurrection against this Constitution; or

(c) advocacy of hatred that—

(i) is based on any prohibited ground of discrimination listed or prescribed under section 26; and (ii) constitutes incitement to cause harm.

(3) To the extent that it is necessary, a law may limit, or may authorize the limitation of the rights and freedoms mentioned in subsection (1) in the interests of—

(b) the protection or maintenance of the reputation, privacy, dignity, rights or freedoms of other persons, including—

(i) the right to be free from hate speech, whether directed against individuals or groups; and

(d) preventing attacks on the dignity of individuals, groups of individuals or respected offices or institutions in a manner likely to promote ill will between ethnic or religious groups or the oppression of, or discrimination against, any person or group of persons;

(4) In this section, “hate speech” means an expression in whatever form that encourages, or has the effect of encouraging discrimination on a ground listed or prescribed under section 26.

Section 26:

(3) A person must not be unfairly discriminated against, directly or indirectly on the grounds of his or her—

(a) actual or supposed personal characteristics or circumstances, including race, culture, ethnic or social origin, colour, place of origin, sex, gender, sexual orientation, gender identity and expression, birth, primary language, economic or social or health status, disability, age, religion, conscience, marital status or pregnancy; or

(b) opinions or beliefs, except to the extent that those opinions or beliefs involve harm to others or the diminution of the rights or freedoms of others, or on any other ground prohibited by this Constitution",0,Fiji,0,0,1,0,1,0,0,1,0,0,1,1,0,1,1,1,1,0,0,0,0,1,0,0,0,0,1,0,1,1,0,0,0,0,0,0,0,0,0,0,0,0,0,0,0,0,0,1,0,0,0,0,0,0,0,0,0,0,0,0,0,0,1,0,0,0,0,0,0,0,0,0,0,0,0,0,0,0,0,0,0,0,0,0,0,0,0,1,0,0,0,0,0,0,0,0,0,0,0,1,0,0,0,0,0,0,0,0,0,0,0,0,0,1,0,1,0,0,0,0,0,0,0,0,0,0,0,0,0,0,0,0,0,0,0,0,0,0,0,0,0,0,0,0,0,0,0,0,0,0,1,0,0,0,0,1,0,0,0,0,0,0,0,0,0,0,0,0,0,0,0,0,0,0,0,0,0,0,0,0,0,0,0,0,0,1,0,0,0,1,0,0,0,0,0,0,0,0,0,0,0,0,0,0,0,0,0,1,0,0,0,0,0,0,0,0,1,0,0,0,0,0,0,0,0,0,0,0,0,0,0,0,0,0,0,0,0,0,0,0,0,1,0,0,0
78,FINLAND,Law,"Criminal Code

Section 10 – Ethnic agitation

A person who makes available to the public or otherwise spreads among the public or keeps available for public information, an expression of opinion or another message where a certain group is threatened, defamed or insulted on the basis of its race, skin colour, birth status, national or ethnic origin, religion or belief, sexual orientation or disability or a comparable basis, shall be sentenced for ethnic agitation to a fine or to imprisonment of a maximum of two years",0,Finland,0,0,0,0,0,0,0,1,0,0,1,0,1,1,0,0,0,0,0,1,0,1,0,0,0,0,1,0,1,1,0,0,1,0,0,0,0,0,0,0,0,0,0,0,0,1,0,1,0,0,0,0,0,0,0,0,0,0,0,0,0,0,0,0,0,0,1,0,1,0,0,0,0,0,0,0,0,0,0,0,0,0,0,0,0,0,0,0,0,0,0,0,0,0,0,0,0,0,0,0,0,0,0,0,0,0,0,0,0,0,0,0,0,0,0,0,0,0,0,0,0,0,0,0,0,0,0,0,0,0,0,0,0,0,0,0,0,0,0,0,0,0,0,0,0,0,0,0,0,0,0,0,0,0,0,0,0,0,0,0,0,0,0,0,0,0,0,0,0,0,0,0,0,0,0,0,0,0,0,0,0,0,0,0,0,0,0,0,0,0,0,0,0,0,0,0,0,0,0,0,0,0,0,0,0,0,0,0,0,0,0,0,0,0,0,0,0,0,0,0,0,0,0,0,0,0,0,0,0,0,0,0,0,0,0,0,0,0,0,0,0,0,0,0,0
79,FRANCE,Law,"Criminal Code

Article 222-18-1:

Where threats contrary to the first paragraph of article 222-17 are committed because of the victim’s membership or non-membership, true or supposed, of any given ethnic group, nation, race or religion, they are punishable by two years’ imprisonment and by a fine of Euros 30,000. Threats contrary to the second paragraph of that article or contrary to the first paragraph of article 222-18 are punishable by five years’ imprisonment and by a fine of Euros 75,000, and those contrary to the second paragraph of article 222-18 are punishable by seven years’ imprisonment and a fine of Euros 100, 000. The same penalties are incurred where the threats were made because of the victim’s true or supposed sexual orientation.

Law of 29 July 1881 on the Freedom of the Press

Article 23: Those who, either by speeches, cries or threats uttered in public places or meetings, or by writings, prints, drawings, engravings, paintings, emblems, images or any other, will be punished as accomplices of an action qualified as a crime or misdemeanor. Support for writing, speech or image sold or distributed, offered for sale or exhibited in public places or meetings, either by placards or posters exposed to the public, or by any means of communication to the public by electronic means, will have directly provoked the author or the authors to commit the said action, if the provocation has been followed.

This provision will also be applicable when the provocation has only been followed by an attempted crime provided for in article 2 of the penal code.

Article 24: Those who, by one of the means set out in article 23, have incited discrimination, hatred or violence against a person or a group of persons on the grounds of their origin or of their belonging or not belonging to an ethnic group, a nation, a race or a specific religion, will be punished with one year of imprisonment and a fine of 45,000 euros or one of these two penalties.

Note: Article 23 refers to, inter alia, public speeches, engravings, paintings, emblems, images and threats.
The same penalties as above are given to those who, by these same means, have incited hatred or violence towards a person or a group of persons on the grounds of their sex, their sexual orientation or gender identity or their disability or have caused them discrimination provided for by articles 225-2 and 432-7 of the penal code.

Law No. 2004-575 of 21 June 2004 on confidence in the digital economy

Section 3: Non-public provocation, defamation and insults of a racist or discriminatory nature.

Article R625-8-1:

Non-public insult committed against a person or a group of persons because of their origin of their membership or non-membership, true or supposed, of a specific ethnic group, nation, alleged race or religion is punished by the fine provided for 5th class offences.

A non-public insult against a person or a group of persons because of their sex, sexual orientation or gender identity, or their disability is punishable by the same penalty.

Article R625-7:

Non-public provocation to discrimination, hatred or violence against a person or a group of persons on account of their origin or their membership or non-membership, real or supposed of a particular ethnic group, nation, alleged race or religion is punishable by the fine provided for 5th class offences.

Non-public provocation to hatred or violence against a person or group of persons on the grounds of their sex, sexual orientation or gender identity or their disability as well as non-public provocation, with regard to these same persons, of the discrimination provide for in Articles 225-2 and 432-7, is punishable by the same penalty.",0,France,0,0,0,0,0,0,0,0,0,0,1,0,0,1,1,0,1,0,0,1,0,1,0,0,0,0,1,0,1,1,0,0,1,0,0,0,0,0,0,0,0,0,0,0,0,0,0,0,0,0,0,0,0,0,0,0,0,0,0,0,0,0,0,0,0,0,1,0,0,0,0,0,0,0,0,0,0,0,0,0,0,0,0,0,0,0,0,1,0,0,0,0,0,0,0,0,0,0,0,0,0,0,0,0,0,0,0,0,0,0,0,0,0,0,0,0,0,0,0,0,0,0,0,0,0,0,0,0,0,0,0,0,0,0,0,0,0,0,0,0,0,0,0,0,0,0,0,0,0,0,0,0,0,0,0,0,0,0,0,0,0,0,0,0,0,0,0,0,0,0,0,0,0,0,0,0,0,0,0,0,0,0,0,0,0,0,0,0,0,0,0,0,0,1,0,0,0,0,0,0,0,0,0,0,0,0,0,1,0,0,0,0,0,0,0,0,0,0,0,0,0,0,0,0,0,0,0,0,0,0,0,0,0,0,0,0,0,0,0,0,0,1,0,0,0
80,GABON,Law,"Criminal Code

Article 222: Whoever participates, in any way whatsoever, in any written or oral propaganda tending to disturb public order, to incite revolt against the authorities of the State, to undermine the Republic in the prestige of its institutions, to provoke the disunity of its citizens, to create racial, religious or tribal hatred and, in general, to harm the vital interests of the State and the Nation, is punished by imprisonment of up to five years and a fine of 5,000,000 FCFA at most.

Article 444: Any offensive expression, contempt or insult that does not include the attribution of any fact is an insult…The maximum prison sentence is one year if the insult has been committed against a group of people due to their origin, religion, ethnicity or race with the aim of inciting hatred between citizens or inhabitants",0,Gabon,0,0,0,0,0,0,0,0,0,0,0,0,0,1,0,1,1,0,0,1,0,0,1,0,0,0,1,0,1,0,0,0,0,1,0,0,0,0,0,0,0,0,0,0,0,0,0,0,0,0,0,0,0,0,0,0,0,1,0,0,0,0,0,0,0,0,0,0,0,0,0,0,0,0,0,0,0,0,0,0,0,0,0,0,0,0,0,0,0,0,0,0,0,0,0,0,0,0,0,0,0,0,0,0,0,0,0,0,0,0,0,0,0,0,0,0,0,0,0,0,0,0,0,0,0,0,0,0,0,0,0,0,0,0,0,0,0,0,0,0,0,0,0,0,0,0,0,0,0,0,0,0,0,0,0,0,0,0,0,0,0,0,0,0,0,0,0,0,0,1,0,0,0,0,0,0,0,0,0,0,0,0,0,0,0,0,0,0,0,1,0,0,0,0,0,0,0,0,0,0,0,0,1,0,0,0,0,0,0,0,0,0,0,0,0,0,0,0,0,0,0,0,0,0,0,0,0,0,0,0,0,0,0,0,0,0,0,0,0,0,0,0,0,0,0
81,GEORGIA,Law,"Criminal Code

Article 142: Racial discrimination

1. Racial discrimination, i.e. an act committed to incite national or racial rivalry or discord in order to humiliate national honour and dignity, as well as direct or indirect restriction of human rights or giving advantage to the person based on race, colour, national or ethnic belonging, which has substantially breached his/her right, shall be punished by imprisonment of up to three years.

2. The same act committed:

using violence or threat of violence dangerous for life or health,
by abusing the official position; shall be punished by imprisonment for a term of two to five years.
3. The act provided for by paragraph 1 or 2 of this article which:

a) has been committed by an organised group;
b) has caused the death of the victim or resulted in other grave consequences, – shall be punished by imprisonment for a term of four to seven years",0,Georgia,0,0,0,0,0,0,0,1,0,0,0,0,0,1,0,0,0,0,0,0,0,1,0,0,0,0,1,0,0,0,0,0,1,0,0,0,0,0,0,0,0,0,0,0,0,0,0,0,0,0,0,0,0,0,0,0,0,0,0,0,0,0,0,0,0,0,0,0,0,0,0,0,0,0,0,0,0,0,0,0,0,0,0,0,1,0,0,1,0,0,0,0,0,0,0,0,0,0,0,0,0,0,0,0,0,0,0,0,0,0,0,0,0,0,0,0,0,0,0,0,0,0,0,0,0,0,0,0,0,1,0,0,0,0,0,0,0,0,0,0,0,0,0,0,0,0,0,0,0,0,0,0,0,0,0,0,0,0,0,0,0,0,0,0,0,0,0,0,0,0,0,0,0,0,0,0,0,0,0,0,0,0,0,0,0,0,0,0,0,0,0,0,0,0,0,0,0,0,0,0,0,0,0,0,0,0,0,0,0,0,0,0,0,0,0,0,0,0,0,0,0,0,0,0,0,0,0,0,0,0,0,0,0,0,0,0,0,0,0,0,0,1,0,0,0
82,GERMANY,Law,"Criminal Code

Section 130: Incitement of masses

(1) Whoever, in a manner which is suitable for causing a disturbance of the public peace,

1.  incites hatred against a national, racial, religious group or a group defined by their ethnic origin, against sections of the population or individuals on account of their belonging to one of the aforementioned groups or sections of the population, or calls for violent or arbitrary measures against them or

2.  violates the human dignity of others by insulting, maliciously maligning or defaming one of the aforementioned groups, sections of the population or individuals on account of their belonging to one of the aforementioned groups or sections of the population

incurs a penalty of imprisonment for a term of between three months and five years.

(2) Whoever:

1.  Disseminates material (section 11 (3)) or makes it available to the public, or offers, supplies or makes available to a person under 18 years of age material (section 11 (3)) which:

a)   incites hatred against one of the groups referred to in subsection (1) no. 1, sections of the population or individuals on account of their belonging to one of the groups referred to in subsection (1) no. 1, or sections of the population;

b)  calls for violent or arbitrary measures against one of the persons or bodies of persons referred to in letter (a); or

c)  attacks the human dignity of one of the persons or bodies of persons referred to in letter (a) by insulting, maliciously maligning or defaming them.

2.   Makes content referred to in no. 1 (a) to (c) available to a person under 18 years of age or to the public through broadcasting or telemedia services or

3.   Produces, purchases, supplies, stocks, offers, advertises or undertakes to import or export material (section 11 (3)) of such content referred to in no. 1 (a) to (c) in order to use it or parts obtained from it within the meaning of no. 1 or 2 or to facilitate such use by another incurs a penalty of imprisonment for a term not exceeding three years or a fine.

(3) Whoever publicly or in a meeting approves of, denies or downplays an act committed under the rule of National Socialism of the kind indicated in section 6 (1) of the Code of Crimes against International Law in a manner which is suitable for causing a disturbance of the public peace incurs a penalty of imprisonment for a term not exceeding five years or a fine.

(4) Whoever publicly or in a meeting disturbs the public peace in a manner which violates the dignity of the victims by approving of, glorifying or justifying National Socialist tyranny and arbitrary rule incurs a penalty of imprisonment for a term not exceeding three years or a fine.

(5) Subsection (2) no. 1 and no. 3 also applies to material (section 11 (3)) of such content referred to in subsections (3) and (4). Whoever makes content referred to in subsections (3) and (4) available to a person under 18 years of age or available to the public through broadcasting or telemedia services incurs the same penalty specified in subsection (2) no. 2.

(6) In the cases under subsection (2) nos. 1 and 2, also in conjunction with subsection (5), the attempt is punishable.

(7) In the cases under subsection (2), also in conjunction with subsection (5), and in the cases under subsections (3) and (4), section 86 (3) applies accordingly.

Section 130a: Instructions for committing criminal offences

(1) Whoever disseminates or makes available to the public material (section 11 (3)) which is of such a nature as to serve as instructions for committing one of the unlawful acts referred to in section 126 (1) and whose content is intended to encourage or cause others to commit such an act incurs a penalty of imprisonment for a term not exceeding three years or a fine.

(2) Whoever:

1.  Disseminates or makes available to the public material (section 11 (3)) which is of such a nature as to serve as instructions for one of the unlawful acts referred to in section 126 (1) or

2.  gives instructions for one of the unlawful acts referred to in section 126 (1) either publicly or in a meeting in order to encourage or cause others to commit such an act incurs the same penalty.

(3) Whoever makes content specified in subsection (1) or subsection (2) no. 1 available to the public through broadcasting or telemedia services incurs the penalty under subsection (1).

(4) Section 86 (3) applies accordingly.

Network Enforcement Act

Article 1(3): Unlawful content shall be content within the meaning of subsection (1) which fulfils the requirements of the offences described in sections 86, 86a, 89a, 91, 100a, 111, 126, 129 to 129b, 130, 131, 140, 166, 184b in connection with 184d, 185 to 187, 241 or 269 of the Criminal Code and which is not justified.

Section 3(1)(2):

(2) The procedure shall ensure that the provider of the social network:

1. takes immediate note of the complaint and checks whether the content reported in the complaint is unlawful and subject to removal or whether access to the content must be blocked.

2. removes or blocks access to content that is manifestly unlawful within 24 hours of receiving the complaint; this shall not apply if the social network has reached agreement with the competent law enforcement authority on a longer period for deleting or blocking any manifestly unlawful content, removes or blocks access to all unlawful content immediately, this generally being within 7 days of receiving the complaint",0,Germany,1,0,0,0,0,0,0,0,0,0,0,0,0,1,0,0,1,0,0,1,0,1,0,0,0,0,1,0,1,0,0,0,0,0,1,0,0,0,0,0,0,0,0,0,0,0,0,0,0,0,0,0,0,0,0,0,0,0,0,0,0,0,0,0,0,0,1,0,0,0,0,0,0,0,0,0,0,0,0,0,0,0,0,0,0,0,0,0,0,0,0,0,0,0,0,0,0,0,0,0,0,0,0,0,0,0,0,0,0,0,0,0,0,0,0,0,0,0,0,0,0,0,0,0,0,0,0,0,0,0,0,0,0,0,0,0,0,0,0,0,0,0,0,0,0,0,0,0,0,0,0,0,0,1,0,0,0,0,0,0,0,0,0,0,0,0,0,0,0,0,0,0,0,0,0,0,0,0,0,0,0,0,0,0,0,0,0,0,0,0,0,0,0,0,0,0,0,0,0,0,0,0,0,0,0,0,0,0,0,0,0,0,0,0,0,0,0,0,0,0,0,0,0,0,0,0,0,0,0,0,0,0,0,0,0,0,0,0,0,0,0,0,0,0,0
83,GHANA,Law,"Constitution

Article 21: 1. All persons shall have the right to

(a) Freedom of speech and expression, which shall include freedom of the press and other media.

4. Nothing in, or done under the authority of, a law shall be held to be inconsistent with, or in contravention of, this article to the extent that the law in question makes provision-

(e) That is reasonably required for the purpose of safeguarding the people of Ghana against the teaching or encourages disrespect for the nationhood of Ghana, the national symbols and emblems, or incites hatred against other members of the community except so far as that provision or, as the case may be, the thing done under the authority of that law is shown not to be reasonably justifiable in terms of the spirit of this Constitution",0,Ghana,1,0,0,0,0,0,0,0,0,0,0,0,0,0,0,0,1,0,0,0,0,0,0,0,0,0,0,0,0,0,0,0,0,0,0,0,0,0,0,0,0,0,0,0,0,0,0,0,0,0,0,0,0,0,0,0,0,0,0,0,0,0,0,0,0,0,0,0,0,0,0,0,0,0,0,0,0,0,0,0,0,0,0,0,0,0,0,0,0,0,0,0,0,0,0,0,0,0,0,0,0,0,0,0,0,0,0,0,0,0,0,0,0,0,0,0,0,0,0,0,0,0,0,0,0,0,0,0,0,0,0,0,0,0,0,0,0,0,0,0,0,0,0,0,0,0,0,0,0,0,0,0,0,0,0,0,0,0,0,0,0,0,0,0,0,0,0,0,0,0,0,0,0,0,0,0,0,0,0,0,0,0,0,0,0,0,0,0,0,0,0,0,0,0,0,0,0,0,0,0,0,0,0,0,0,0,0,0,0,0,0,0,0,0,0,0,0,0,0,0,0,0,0,0,0,0,0,0,0,0,0,0,0,0,0,0,0,0,0,0,0,0,0,0,0
84,GREECE,Law,"Law No 927/1797 on Punishing Acts or Activities aimed at Racial Discrimination

Article 1: Incitement to violence or hatred

(1) “Anyone, who publicly incites, provokes, or stirs up, either orally or through the press, the Internet, or any other means, acts of violence or hatred against a person or group of persons or a member of such a group defined by reference to race, color, religion, descent or national or ethnic origin, sexual orientation, gender identity, or disability, in a manner that endangers the public order and exposes the life, physical integrity, and freedom of persons defined above to danger, will be punished by imprisonment of from three months to three years and a fine of Euros 5,000 to 20,000.

(2) Anyone, who publicly incites, provokes, or stirs, either orally or through the press, the Internet, or any other means, acts of destruction against the assets of a person or group of persons defined by reference to race, color, religion, descent or national or ethnic origin, sexual orientation, gender identity, or disability, in a manner that endangers the public order and exposes the life, physical integrity, and freedom of persons defined above to danger, will be punished by imprisonment of from three months to three years and a fine of Euros 5,000 to 20,000",0,Greece,0,0,0,0,0,0,0,1,0,0,1,0,0,1,1,0,1,0,0,0,0,1,0,0,0,1,1,0,1,1,0,0,0,0,0,0,0,0,0,0,0,0,0,0,0,0,0,0,0,0,0,0,0,0,0,0,0,0,0,0,0,0,0,0,0,0,0,0,0,0,0,0,0,0,0,0,0,0,1,0,0,0,0,0,0,0,0,1,0,0,0,0,0,0,0,0,0,0,0,0,0,0,0,0,0,0,0,0,0,0,0,0,0,0,0,0,0,0,0,0,0,0,0,0,0,1,0,0,0,0,0,0,0,0,0,0,0,0,0,0,0,0,0,0,0,0,0,0,0,0,0,0,0,0,0,0,0,0,0,0,0,0,0,0,0,0,0,0,0,0,0,0,0,0,0,0,0,0,0,0,0,0,0,0,0,0,0,0,0,0,0,0,0,0,0,0,0,0,0,0,0,0,0,0,0,0,0,0,0,0,0,0,0,0,0,0,0,0,0,0,0,0,0,0,0,0,0,0,0,0,0,0,0,0,0,0,0,0,0,0,0,1,0,0,1
85,GUINEA,Law,"Criminal Code

Article 963: Non-public incitement to discrimination, hatred or violence

The non-public provocation to discrimination, hate or violence against a person or a group of persons on the ground of their origin or on their belonging or not, real or assumed, to a given ethnic group, nation, race or religion is punishable by a fine foreseen for contravention of the 5th class.

Non-public incitement to hatred or violence against a person or a group of persons by reason of their gender or their disability, as well as non-public provocation, towards these same people, to discrimination provided for in Articles 315 and 646 is punishable with the same penalty.

Persons guilty of the contraventions provided for in this article incur following additional penalties:

1. the prohibition to hold or carry, for a period of 3 years at most, a weapon;

2. the confiscation of one or more weapons of which the convicted person is the owner or of which he has free disposal of;

3.the confiscation of the object used or was intended to be used to commit the offense;

4. community service for a period of 20 to 120 hours.

Legal persons declared criminally liable, under the conditions provided for by Article 16 incur, in addition to the fine, the penalty of confiscation of the object used or was intended to commit the offense",0,Guinea,0,0,0,0,0,0,0,0,0,0,1,0,0,1,1,0,1,0,0,0,0,1,0,0,1,1,1,0,1,0,0,0,0,0,0,0,0,0,0,0,0,0,0,0,0,0,0,0,0,0,0,0,0,0,0,0,0,0,0,0,0,0,0,0,0,0,0,0,0,0,0,0,0,0,0,0,0,0,0,0,0,0,0,0,0,0,0,1,0,0,0,0,0,0,0,0,0,0,0,0,0,0,0,0,0,0,0,0,0,0,0,0,0,0,0,0,0,0,0,0,0,0,0,0,0,0,0,0,0,0,0,0,0,0,0,0,0,0,0,0,0,0,0,0,0,0,0,0,0,0,0,0,0,0,0,0,0,0,0,0,0,0,0,0,0,0,0,0,0,0,0,0,0,0,0,0,0,0,0,0,0,0,0,0,0,0,0,0,0,0,0,0,0,0,0,0,0,0,0,0,0,0,0,0,0,0,0,0,0,0,0,0,0,0,0,0,0,0,0,0,0,0,0,0,0,0,0,0,0,0,0,0,0,0,0,0,0,0,0,0,0,1,0,0,0
86,GUINEA BISSAU,Law,"Criminal Code

Article 103:

1. Whoever:

a) founds or establishes an organization or develops organized propaganda activities that incite or encourage racial discrimination, hatred or violence; or

b) participates in the organization of activities referred to in the previous paragraph or provides assistance including their financing is punished with imprisonment of one year.

2. Whoever, in a public meeting, in a publication intended for dissemination or through any means of social communication, intends to incite racial discrimination or encourage or provoke acts of violence against a person or group of people because of their race or ethnic origin is punished with imprisonment of one to five years",0,Guinea Bissau,0,0,0,0,0,0,0,0,0,0,0,0,0,1,0,0,1,0,0,0,0,0,0,0,0,1,1,0,0,0,0,0,0,0,0,0,0,0,0,0,0,0,0,0,0,0,0,0,0,0,0,0,0,0,0,0,0,0,0,0,0,0,0,0,0,0,0,0,0,0,0,0,0,0,0,0,0,0,0,0,0,0,0,0,0,0,0,1,0,0,0,0,0,0,0,0,0,0,0,0,0,0,0,0,0,0,0,0,0,0,0,0,0,0,0,0,0,0,0,0,0,0,0,0,0,0,0,0,0,0,0,0,0,0,0,0,0,0,0,0,0,0,0,0,0,0,0,0,0,0,0,0,0,0,0,0,0,0,0,0,0,0,0,0,0,0,0,0,0,0,0,0,0,0,0,0,0,0,0,0,0,0,0,0,0,0,0,0,0,1,0,0,0,0,0,0,0,0,0,0,0,0,0,0,0,0,0,0,0,0,0,0,0,0,0,0,0,0,0,0,0,0,0,0,0,0,0,0,0,0,0,0,0,0,0,0,0,0,0,0,0,1,0,0,0
87,GUYANA,Law,"(1) A person shall be guilty of an offence if he willfully excites or attempts to excite hostility or ill-will against any section of the public or against any person on the grounds of their or his race-

by means of words spoken by him in a public place or spoken by him and transmitted for general reception by wireless telegraphy or telegraph; or
by causing words spoken by him or by some other person to be reproduced in a public place from a record; or
by means of written (included printed) matter or pictorial matter published by him.
(3) Any person guilty of an offence under this section shall be liable on summary conviction to a fine of sixty-five thousand dollars and to imprisonment for two years.

(4) For the purpose of this section, the proprietor, printer, publisher or editor of any newspaper or the printer of any other printed document, in which any particular matter has been published, shall be presumed himself to have so published that matter unless he proves that such publication was made without his authority, consent or knowledge and did not arise from want of due care on his part",0,Guyana,0,0,0,0,0,0,0,0,0,0,0,0,0,0,0,0,0,1,0,0,0,0,1,0,0,0,1,0,0,0,0,0,0,0,0,0,0,0,0,0,0,0,0,0,0,0,0,0,0,0,0,0,0,0,0,0,0,0,0,0,0,0,0,0,0,0,0,0,0,0,0,0,0,0,0,0,0,0,0,0,0,0,0,0,0,0,0,0,0,0,0,0,0,0,0,0,0,0,0,0,0,0,0,0,0,0,0,0,0,0,0,0,0,0,0,0,0,0,0,0,0,0,0,0,0,0,0,0,0,0,0,0,0,0,1,0,0,0,0,0,0,0,0,0,0,0,0,0,0,0,0,0,0,0,0,0,0,0,0,0,0,0,0,0,0,0,0,0,0,0,0,0,0,0,0,0,0,0,0,0,0,0,0,0,0,0,0,0,0,0,0,0,0,0,0,0,0,0,0,0,0,0,0,0,0,0,0,0,0,0,0,0,0,0,0,0,0,0,0,0,0,0,0,0,0,0,0,0,0,0,0,0,0,0,0,0,0,0,0,0,0,0,0,0,0
88,HAITI,Law,"Criminal Code

Article 5: Imprisonment of six months to two years or a fine of 5,000 to 25,000 Gourdes will be received by:

2) Anyone who encourages or supports racial discrimination practised by a person or

any organization.

3) Anyone who engages in or participates in any propaganda or any organizations inspired by ideas or theories based on the superiority of a race or group of people

of a certain colour or of a certain ethnic origin",0,Haiti,0,0,0,0,0,0,0,1,0,0,0,0,0,1,0,0,0,0,0,0,0,0,0,0,0,0,1,0,0,0,0,0,0,0,0,0,0,0,0,0,0,0,0,0,0,0,0,0,0,0,0,0,0,0,0,0,0,0,0,0,0,0,0,0,0,0,0,0,0,0,0,0,0,0,0,0,0,0,0,0,0,0,0,0,0,0,0,1,0,0,0,0,0,0,0,0,0,0,0,0,0,0,0,0,0,0,0,0,0,0,0,0,0,0,0,0,0,0,0,0,0,0,0,0,0,0,0,0,0,0,0,0,0,0,0,0,0,0,0,0,0,0,0,0,0,0,0,0,0,0,0,0,0,0,0,0,0,0,0,0,0,0,0,0,0,0,0,0,0,0,0,0,0,0,0,0,0,0,0,0,0,0,0,0,0,0,0,0,0,0,0,0,0,0,0,0,0,0,0,0,0,0,0,0,0,0,0,0,0,0,0,0,0,0,0,0,0,0,0,0,0,0,0,0,1,0,0,0,0,0,0,0,0,0,0,0,0,0,0,0,0,0,0,0,0
89,HUNGARY,Law,"Criminal Code

Section 332A: Incitement against a community

A person who, in front of a large audience, incites to violence or hatred against a) the Hungarian nation, b) a national, ethnic, racial or religious group or a member of such a group, or c) certain groups of society or a member of such groups, particularly with regard to any disability, sexual identity or sexual orientation, is guilty of a felony and shall be punished by imprisonment for up to three years.",0,Hungary,0,0,0,0,0,0,0,0,0,0,1,0,0,1,1,0,1,0,0,0,0,1,0,0,0,0,1,0,1,1,0,0,0,0,0,0,0,0,0,0,0,0,0,0,0,0,0,0,0,0,0,0,0,0,0,0,0,0,0,0,0,0,0,0,0,0,0,0,0,0,0,0,0,0,0,0,0,0,0,0,0,0,0,0,0,0,0,0,0,0,0,0,0,0,0,0,0,0,0,0,0,0,0,0,0,0,0,0,0,0,0,0,0,0,0,0,0,0,0,0,0,0,0,0,0,0,0,0,0,0,0,0,0,0,0,0,0,0,0,0,0,0,0,0,0,0,0,0,0,0,0,0,0,0,0,0,0,0,0,0,0,0,0,0,0,0,0,0,0,0,0,0,0,0,0,0,0,0,0,0,0,0,0,0,0,0,0,0,0,0,0,0,0,0,0,0,0,0,0,0,0,0,0,0,0,0,0,0,0,0,0,0,0,0,0,0,0,0,0,0,0,0,0,0,0,0,0,0,0,0,0,0,0,0,0,0,0,0,0,0,0,1,0,0,0
90,ICELAND,Law,"Criminal Code

Article 233a: Anyone who publicly mocks, defames, denigrates or threatens a person or group of persons by comments or expressions of another nature, for example by means of pictures or symbols, for their nationality, colour, race, religion, sexual orientation or gender identity, or disseminates such materials, shall be fined or imprisoned for up to 2 years.",0,Iceland,1,0,0,0,0,0,0,1,0,0,0,0,0,0,1,0,0,0,0,0,0,1,1,0,0,0,1,0,1,1,0,0,1,0,0,0,0,0,0,0,0,0,0,0,0,0,0,0,0,0,0,0,0,0,0,0,0,0,0,0,0,0,0,0,0,0,1,0,1,0,0,0,0,0,1,0,0,0,0,0,0,0,0,0,0,0,0,0,0,0,0,0,0,0,0,0,0,0,0,0,0,0,0,0,0,0,0,0,0,0,0,0,0,0,0,0,0,0,0,0,0,0,0,0,0,0,0,0,0,0,0,0,0,0,0,0,0,0,0,0,0,0,0,0,0,0,0,0,0,0,0,0,0,0,0,0,0,0,0,1,0,0,0,0,0,0,0,0,0,0,0,0,0,0,0,0,0,0,0,0,0,0,0,0,0,0,0,0,0,0,0,0,0,0,0,0,0,0,0,0,0,0,0,0,0,0,0,0,0,0,0,0,0,0,0,0,0,0,0,0,0,0,0,0,0,0,0,0,0,0,0,0,0,0,0,0,0,0,0,0,0,0,0,0,0
91,INDIA,Law,"Criminal Code

Section 153A: Promoting enmity between different groups on grounds of religion, race, place of birth, residence, language, etc., and doing acts prejudicial to maintenance of harmony.

(1) Whoever:

(a) by words, either spoken or written, or by signs or by visible representations or otherwise, promotes or attempts to promote, on grounds of religion, race, place of birth, residence, language, caste or community or any other ground whatsoever, disharmony or feelings of enmity, hatred or ill-will between different religious, racial, language or regional groups or castes or communities, or

(b) commits any act which is prejudicial to the maintenance of harmony between different religious, racial, language or regional groups or castes or communities, and which disturbs or is likely to disturb the public tranquillity, shall be punished with imprisonment which may extend to three years, or with fine, or with both.

Section 153B: Imputations, assertions prejudicial to national integration

(1) Whoever, by words either spoken or written or by signs or by visible representations or otherwise:

(a) makes or publishes any imputation that any class of persons cannot, by reason of their being members of any religious, ra­cial, language or regional group or caste or community, bear true faith and allegiance to the Constitution of India as by law established or uphold the sovereignty and integrity of India, or

(b) asserts, counsels, advises, propagates or publishes that any class of persons shall, by reason of their being members of any religious, racial, language or regional group or caste or commu­nity, be denied or deprived of their rights as citizens of India, or

(c) makes or publishes any assertion, counsel, plea or appeal concerning the obligation of any class of persons, by reason of their being members of any religious, racial, language or region­al group or caste or community, and such assertion, counsel, plea or appeal causes or is likely to cause disharmony or feelings of enmity or hatred or ill-will between such members and other persons, shall be punished with imprisonment which may extend to three years, or with fine, or with both.

(2) Whoever commits an offence specified in sub-section (1), in any place of worship or in any assembly engaged in the perform­ance of religious worship or religious ceremonies, shall be punished with imprisonment which may extend to five years and shall also be liable to fine.

Section 505: Statements conducing to public mischief:

(1) Whoever makes, publishes or circulates any statement, rumour or report,

(c) with intent to incite, or which is likely to incite, any class or community of persons to commit any offence against any other class or community, shall be punished with imprisonment which may extend to 6[three years], or with fine, or with both.

(2) Statements creating or promoting enmity, hatred or ill-will between classes

Whoever makes, publishes or circulates any statement or report containing rumour or alarming news with intent to create or promote, or which is likely to create or promote, on grounds of religion, race, place of birth, residence, language, caste or community or any other ground whatsoever, feelings of enmity, hatred or ill-will between different reli­gious, racial, language or regional groups or castes or communi­ties, shall be punished with imprisonment which may extend to three years, or with fine, or with both.

(3) Offence under sub-section (2) committed in place of worship, etc.

Whoever commits an offence specified in sub-section (2) in any place of worship or in an assembly engaged in the performance of religious worship or religious ceremonies, shall be punished with imprisonment which may extend to five years and shall also be liable to fine",0,India,0,0,0,0,0,0,1,0,0,0,0,0,0,0,0,0,1,0,0,0,0,1,1,0,0,0,1,0,1,0,0,0,0,0,0,0,0,0,0,0,0,0,0,0,0,0,0,0,0,0,0,0,0,0,0,0,0,0,0,0,0,0,0,0,0,0,0,0,0,0,0,0,0,0,0,0,0,0,0,0,0,0,0,0,0,0,0,0,0,1,0,0,0,0,0,0,0,0,0,0,0,0,1,0,0,0,0,0,0,0,0,0,0,0,0,0,0,0,0,0,0,0,0,0,0,0,0,0,0,0,0,0,0,0,1,0,0,0,0,0,0,0,0,0,0,0,0,0,0,0,1,0,0,0,0,0,0,0,0,0,0,0,0,0,0,0,0,0,0,0,0,0,0,0,0,0,0,0,0,0,0,1,0,0,0,0,0,0,0,0,0,0,0,0,0,0,0,0,0,0,0,1,0,0,0,0,0,0,0,0,0,0,0,0,0,0,0,0,0,0,0,0,0,0,0,0,0,0,0,0,0,0,0,0,0,0,0,0,0,0,0,0,0,0,0
92,INDONESIA,Law,"Criminal Code

Article 156: The person who publicly gives expression to feelings of hostility, hatred or contempt against one or more groups of the population of Indonesia, shall be punished by a maximum imprisonment of four years or a maximum fine of three hundred Rupiahs.

The term ‘group’ in this and in the following article, shall be understood as each part of the population of Indonesia that distinguishes itself from one or more other parts of that population by race, country of origin, religion, origin, descent, nationality or constitutional condition.

Article 157: Any person who disseminates, openly demonstrates or puts up a writing or portrait where feelings of hostility, hatred or contempt against or among groups of the population of Indonesia are expressed, with intent to give publicity to the contents or to enhance the publicity thereof, shall be punished by a maximum imprisonment of two years and six months or a maximum fine of three hundred Rupiahs.

Law No 40 of 2008 on The Elimination of Racial and Ethnic Discrimination:

Any person who publicly gives expression to feelings of hostility or hatred against people due to racial and ethnic differences by:

1. Making any posts or drawings to be placed, affixed, or disseminated in public places or other places with intent to give publicity to the contents or to enhance the publicity thereof;

2. Delivering or expressing speeches or certain words in public places or other places with intent to give publicity to the contents or to enhance the publicity thereof;

3. Wearing something on himself in the form of objects, words, or pictures in public places or other places with intent to give publicity to the contents or to enhance the publicity thereof shall be punished by a maximum imprisonment of five years or a maximum fine of IDR 500,000,000 (five million Rupiahs).

Information taken from secondary source (Institute for Criminal Justice Reform)

Law No.11 of 2008 on Information and Electronic Transaction as amended by Law No.19 of 2016 on the Amendment to Law No.11 of 2008 on Information and Electronic Transaction:

Any Person who deliberately and without authority disseminates information with intention of inflicting hatred or dissension on individuals and/or certain groups of the community based on ethnic groups, religions, races, and inter-groups (SARA) shall be punished by a maximum imprisonment of six years or a maximum fine of IDR 1,000,000,000 (one trillion Rupiahs)

Information taken from secondary source (Institute for Criminal Justice Reform)

Digital Platform Law no 71/2019 on the Government Regulation on the Implementation of Electronic and Transaction System: The law obliges entities such as social media companies to control content and preserve user data. Article 5 of the law provides that social media companies must ensure that their platforms do not contain or facilitate the spread of “restricted content.” This term contains a list of different forms of speech such as “false news”, “hate speech” and “blasphemy” online",0,Indonesia,0,0,0,0,0,0,0,1,0,0,0,0,0,1,0,0,1,1,0,0,0,1,0,0,0,0,1,0,1,0,0,0,0,0,0,0,0,0,0,0,0,0,0,0,0,0,0,0,0,0,0,0,0,0,0,0,1,1,0,0,0,0,0,0,0,0,0,0,0,0,0,0,0,0,0,0,0,0,1,0,0,0,0,0,0,0,0,0,0,0,0,0,0,0,0,0,0,0,0,0,0,0,0,0,0,0,0,0,0,0,0,0,0,0,0,0,0,0,0,0,0,0,0,0,0,0,0,0,0,0,0,0,0,0,0,0,0,0,0,0,0,0,0,0,0,0,0,0,0,0,0,0,0,0,0,0,0,0,0,0,0,0,0,0,0,0,0,0,0,0,0,0,0,0,0,0,0,0,0,0,0,0,0,0,0,0,0,0,0,0,0,0,0,0,0,0,0,0,0,0,0,0,0,0,0,0,0,0,0,0,0,0,0,0,0,0,0,0,0,0,0,0,0,0,0,0,0,0,0,0,0,0,0,0,0,0,0,0,0,0,0,0,0,0,0
93,IRAN (Islamic Republic of),Law,"Press Law

Article 2:

The Press’s responsibility in the Islamic Republican system consists of:

c) Endeavoring to eliminate false and divisive boundaries and not establishing differences between social layers on the basis of race, language, customs, local traditions, etc.

Article 6:

The print media are permitted to publish news items except in cases when they violate Islamic principles and codes and public rights as outlined in this chapter:

(4) Creating discord between and among social walks of life specially by raising ethnic and racial issues",0,Iran,0,0,0,0,0,0,0,0,0,0,0,0,0,1,0,0,0,0,0,0,0,0,0,0,0,0,1,0,0,0,0,0,0,0,1,0,0,0,0,0,0,0,0,0,0,0,0,0,0,0,0,0,0,0,0,0,0,0,0,0,0,0,0,1,0,0,0,0,0,0,0,0,0,0,0,0,0,0,0,0,0,0,0,0,1,0,0,0,0,0,0,0,0,0,0,0,0,0,0,0,0,0,0,0,0,0,0,0,0,0,0,0,0,0,0,0,0,0,0,0,0,0,0,0,0,0,0,0,0,0,0,0,0,0,0,0,0,0,0,0,0,0,0,0,0,0,0,0,1,0,1,0,0,0,0,0,0,0,0,0,0,0,0,0,0,0,0,0,0,0,0,0,0,0,0,0,0,0,0,0,0,0,0,0,0,0,0,0,0,0,0,0,0,0,0,0,0,0,0,0,0,0,0,0,0,0,0,0,0,0,0,0,0,0,0,0,0,0,0,0,0,0,0,0,0,0,0,0,0,0,0,0,1,0,0,0,0,0,0,0,0,0,0,0,0
94,IRAQ,Law,"Constitution

Section 1: Article 7

No entity or program, under any name, may adopt racism, terrorism, the calling of others infidels, ethnic cleansing, or incite, facilitate, glorify, promote, or justify thereto, especially the Saddamist Baath in Iraq and its symbols, regardless of the name that it adopts. This may not be part of the political pluralism in Iraq. This shall be regulated by law.

Criminal Code

Paragraph 202: Any person who publicly insults the Arab community or the Iraqi people or any section of the population or the national flag or the State emblem is punishable by a term of imprisonment not exceeding 10 years or by detention.

Paragraph 215: Any person who produces, imports, exports or obtains a picture, written material or sign with intent to trade, distribute, display or exhibit such material, which, by its nature, endangers the public security or brings the country into disrepute unless he was acting in good faith is punishable by detention plus a fine not exceeding 300 dinars or by one of those penalties.

Paragraph 372:

The following persons are punishable by a period of detention not exceeding 3 years or by a fine:

(1) Any person who attacks the creed of a religious minority or pours scorn on its religious practices.

(2) Any person who willfully disrupts a religious ceremony, festival or meeting of a religious minority or who willfully prevents or obstructs the performance of such ritual.

(3) Any person who wrecks, destroys, defaces or desecrates a building set aside for the ceremonies of a religious minority or symbol or anything that is sacred to it.

(4) Any person who prints or publishes a book sacred to a religious minority and deliberately misspells the texts so that the meaning of the text is altered or who makes light of its tenets or teachings.

(5) Any person who publicly insults a symbol or a person who constitutes an object of sanctification, worship or reverence to a religious minority.

(6) Any person who publicly imitates a religious ceremony or celebration with intent to deceive.",0,Iraq,0,0,0,0,0,0,0,0,0,0,0,0,0,0,0,0,0,0,0,1,1,1,0,0,0,0,1,0,1,0,0,0,0,0,0,0,0,0,0,0,0,0,0,0,0,0,0,0,0,0,0,0,0,0,0,0,0,0,0,0,0,0,0,0,0,0,0,0,0,0,0,0,0,0,0,0,0,0,0,0,0,0,0,0,0,0,0,0,0,0,0,0,0,0,0,0,0,0,0,0,0,0,0,1,0,0,0,0,0,0,0,0,0,0,0,0,0,0,0,0,0,0,0,0,0,0,0,0,0,0,0,0,0,0,0,0,0,0,0,0,0,0,0,0,0,0,0,0,0,0,0,0,0,0,0,0,0,0,0,0,0,0,0,0,0,0,0,0,0,0,0,0,0,0,0,0,0,0,0,0,0,0,0,0,0,0,0,0,0,0,0,0,0,0,0,0,0,0,0,0,0,0,0,0,0,0,0,0,0,0,0,0,0,0,0,0,0,0,0,0,0,0,0,0,0,0,0,1,0,0,0,0,0,0,0,0,0,0,0,0,0,0,0,0,0
95,IRELAND,Law,"The Prohibition of Incitement to Hatred Act 1989

Section 2(1) It shall be an offence for a person

to publish or distribute written material,
to user words, behave or display written material –
(i) in any place other than inside a private residence, or
(ii) inside a private residence so that the words, behaviour or material are heard or seen by persons outside the residence,
or
(c) to distribute, show or play a recording of visual images or sounds,
if the written material, words, behaviour, visual images or sounds, as the case may be, are threatening, abusive or insulting and are intended or, having regard to all the circumstances, are likely to stir up hatred.
(2) (a) In proceedings for an offence under subsection (1), if the accused person is not shown to have intended to stir up hatred, it shall be a defence for him to prove that he was not aware of the content of the material or recording concerned and did not suspect, and had no reason to suspect, that the material or recording was threatening, abusive or insulting.
(b) In proceedings for an offence under subsection (1) (b), it shall be a defence for the accused person—
(i) to prove that he was inside a private residence at the relevant time and had no reason to believe that the words, behaviour or material concerned would be heard or seen by a person outside the residence, or
(ii) if he is not shown to have intended to stir up hatred, to prove that he did not intend the words, behaviour or material concerned to be, and was not aware that they might be, threatening, abusive or insulting.
(3) In this section “private residence” means any structure (including a tent, caravan, vehicle, vessel or other temporary or moveable structure) or part of such a structure used as a dwelling but does not include any part not so used or any part in which a public meeting is being held; and in this definition “public meeting” means a meeting at which the public are entitled to be present, on payment or otherwise and as of right or by virtue of an express or implied permission.
Section 4 (1) It shall be an offence for a person

(a) to prepare or be in possession of any written material with a view to its being distributed, displayed, broadcast or otherwise published, in the State or elsewhere, whether by himself or another, or
(b) to make or be in possession of a recording of sounds or visual images with a view to its being distributed, shown, played, broadcast or otherwise published, in the State or elsewhere, whether by himself or another,
if the material or recording is threatening, abusive or insulting and is intended or, having regard to all the circumstances, including such distribution, display, broadcasting, showing, playing or other publication thereof as the person has, or it may reasonably be inferred that he has, in view, is likely to stir up hatred.
(2) In proceedings for an offence under this section, if the accused person is not shown to have intended to stir up hatred, it shall be a defence for him to prove that he was not aware of the content of the material or recording concerned and did not suspect, and had no reason to suspect, that the material or recording was threatening, abusive or insulting.
(3) In proceedings for an offence under this section, where it is proved that the accused person was in possession of material or a recording such as is referred to in subsection (1) and it is reasonable to assume that the material or recording was not intended for the personal use of the person, he shall be presumed, until the contrary is proved, to have been in possession of the material or recording in contravention of subsection (1).
Summary convictions are available under the Prohibition of Incitement to Hatred Act 1989 with fines up to €1,270 or a term of imprisonment up to six months. A conviction following an indictment allows fines up to €12,700 and custodial sentences of up to 2 years",0,Ireland,0,1,0,0,0,0,0,0,0,0,0,0,0,0,0,0,1,0,0,1,0,0,1,0,0,0,0,0,0,0,0,0,1,0,0,0,0,0,0,0,0,0,0,0,0,0,0,0,0,0,0,0,0,0,0,0,0,0,0,0,0,0,0,0,0,0,0,0,0,0,0,0,0,0,0,0,0,0,0,0,0,0,0,0,0,0,0,0,0,0,0,0,0,0,0,0,0,0,0,0,0,0,0,0,0,0,0,0,0,0,0,0,0,0,0,0,0,0,0,0,0,0,0,0,0,0,0,0,0,0,0,0,0,0,0,0,0,0,0,0,0,0,0,0,0,0,0,0,0,0,0,0,0,0,0,0,0,0,0,0,0,0,0,0,0,0,0,0,0,0,0,0,0,0,0,0,0,0,0,0,0,0,0,0,0,0,0,0,0,0,0,0,0,0,0,0,0,0,0,0,0,0,0,0,0,0,0,0,0,0,0,0,0,0,0,0,0,0,0,0,0,0,0,0,0,0,0,0,0,0,0,0,0,0,0,0,0,0,0,0,0,0,0,0,0
96,ISRAEL,Law,"Criminal Code

Article One “A”: Racism

Definitions

Article 144A:

In this Article: “racism” – persecution, humiliation, degradation, a display of enmity, hostility or violence, or causing violence against a public or parts of the population, all because of their colour, racial affiliation or national ethnic origin.

Publication of racist incitement is prohibited

Article 144B:

(a) If a person publishes anything in order to incite to racism, then he is liable to five years imprisonment.

(b) For the purposes of this section, it does not matter whether the publication did cause racism, and whether or not it is true.

Article 144C: Permissible publication

(a) Publication of a true and fair report of an act said in section 144B shall not be deemed an offense under that section, on condition that it was not intended to cause racism.

(b) Publication of quotes from religious scriptures or prayer books or the observance of a religious ritual shall not be deemed an offence under section 144B, on condition that it was not intended to cause racism.

Article 144D: Possession of racist publication

If a person holds a publication prohibited under section 144B for distribution, in order to cause racism, then he is liable to one-year imprisonment, and the publication shall be confiscated.",0,Israel,0,0,0,0,0,0,0,1,0,0,0,0,0,1,0,0,0,1,0,0,0,1,0,0,0,0,1,0,1,0,0,0,0,0,0,0,0,0,0,0,0,0,0,0,0,0,0,0,0,0,0,0,0,0,0,0,0,0,0,0,0,0,0,0,0,0,0,0,0,1,0,0,0,0,0,0,0,0,0,0,0,0,0,0,0,0,0,0,0,0,0,0,0,0,0,0,0,0,0,0,0,0,1,0,0,0,0,0,0,0,0,0,0,0,0,0,0,0,0,0,0,0,0,0,0,0,0,0,0,1,1,0,0,0,0,0,0,0,0,0,0,0,0,0,0,0,0,0,0,0,0,0,0,0,0,0,0,0,0,0,0,0,0,0,0,0,0,0,0,0,0,0,0,1,0,0,0,0,0,0,0,0,0,0,0,0,0,0,0,0,0,0,0,0,0,0,0,0,0,0,0,0,0,0,0,0,0,0,0,0,0,0,0,0,0,0,0,0,0,0,0,0,0,0,0,0,0,0,0,0,0,0,0,0,0,0,0,0,0,0,0,1,0,0,0
97,ITALY,Law,"Criminal Code

Article 604 bis: Propaganda and incitement to commit crimes for reasons of racial, ethnic and religious discrimination.

I. Unless the fact constitutes a more serious offence, the following are punished:

a) with imprisonment of up to one year and six months or with a fine of up to 6,000 euros for propaganda based on ideas of superiority or ideas of racial or ethnic hatred, or propaganda which instigates to commit or commits acts of discrimination on the grounds of racial, ethnic, national or religious grounds;

b) Imprisonment of six months to four years for a person who in any way, instigates to commit or commits violence or acts of provocation to violence for racial, ethnic, national or religious reasons.

Law 654/1975 on the Ratification and Execution of the International Convention on the Elimination of All Forms of Racial Discrimination:

Article 3:

I. Unless the fact constitutes a more serious offence, the following are punished:

a) with imprisonment of up to one year and six months or with a fine of up to 6,000 euros for propaganda based on ideas of superiority or ideas of racial or ethnic hatred, or propaganda which instigates to commit or commits acts of discrimination on the grounds of racial, ethnic, national or religious grounds;

b) Imprisonment of six months to four years for a person who in any way, instigates to commit or commits violence or acts of provocation to violence for racial, ethnic, national or religious.

Law 167/2017: Full Implementation of EU Framework Decision 2008/913/HAD

This law, amongst others modifies Law 654/1975:

The main relevant Italian Law is Law 205/1993 which makes it a crime to “propagate ideas based on racial superiority or racial or ethnic hatred, or to instigate to commit or commit acts of discrimination for racial, ethnic, national or religious motives.” The law also punishes those who “instigate in any way or commit violence or acts of provocation to violence for racist, ethnic, national or religious motives.",0,Italy,0,0,0,0,0,0,0,0,0,0,0,0,0,1,0,0,1,0,0,0,0,1,1,0,0,1,1,0,1,0,0,0,0,0,0,0,0,0,0,0,0,0,0,0,0,0,0,0,0,0,0,0,0,0,0,0,0,0,0,0,0,0,0,0,0,0,0,0,0,0,0,0,0,0,0,0,0,0,0,0,0,0,0,0,0,0,0,1,0,0,0,0,0,0,0,0,0,0,0,0,0,0,0,0,0,0,0,0,0,0,0,0,0,0,0,0,0,0,0,0,0,0,0,0,0,0,0,0,0,0,0,0,0,0,0,0,0,0,0,0,0,0,0,0,0,0,0,0,0,0,0,0,0,0,0,0,0,0,0,0,0,0,0,0,0,0,0,0,0,0,0,0,0,0,0,0,0,0,0,0,0,0,0,0,0,0,0,0,0,1,0,0,0,0,0,0,0,0,0,0,0,0,0,0,0,0,0,0,0,0,0,0,0,0,0,0,0,0,0,0,0,0,0,0,1,0,0,0,0,0,0,0,0,0,0,0,0,0,0,0,0,1,0,0,0
98,JAPAN,Law,"Act No.68 on the Promotion of Efforts to Eliminate Unfair Discriminatory Speech and Behaviour Against Persons Originating from Outside Japan (Anti-Discriminatory Speech Act) 2016

Article 2: In this Act, “unfair discriminatory speech and behavior against persons originating from outside Japan” shall mean unfair discriminatory speech and behavior to incite the exclusion of persons originating exclusively from a country or region other than Japan or their descendants and who are lawfully residing in Japan (hereinafter referred to in this Article as “persons originating from outside Japan”) from the local community by reason of such persons originating from a country or region other than Japan, such as openly announcing to the effect of harming the life, body, freedom, reputation or property of, or to significantly insult, persons originating from outside Japan with the objective of encouraging or inducing discriminatory feelings against such persons originating from outside Japan.",0,Japan,0,0,0,0,0,0,0,0,0,0,0,0,0,0,0,1,0,0,0,1,0,1,0,0,0,0,0,0,0,0,0,0,0,0,0,0,0,0,0,0,0,0,0,0,0,0,0,0,0,0,0,0,0,0,0,0,0,0,0,0,0,0,0,0,0,0,0,0,0,0,0,0,0,0,0,0,0,0,0,0,0,0,0,0,0,0,0,1,0,0,0,0,0,0,0,0,0,0,0,0,0,0,0,0,0,0,1,0,0,0,0,0,0,0,0,0,0,0,0,0,0,0,0,0,0,0,0,0,0,0,0,0,0,0,0,0,0,0,0,0,0,0,0,0,0,0,0,0,0,0,0,0,0,0,0,0,0,0,0,0,0,0,0,0,0,0,0,0,0,0,0,0,0,0,0,0,0,0,0,0,0,0,0,0,0,0,0,0,0,0,0,0,0,0,0,0,0,0,0,0,0,0,0,0,0,0,0,0,0,0,0,0,0,0,0,0,0,0,0,0,0,0,0,0,0,0,0,0,0,0,0,0,0,0,0,0,0,0,0,0,0,0,0,0,0
99,JORDAN,Law,"Criminal Code

Section 5: Crimes Harming National Unity and the Coexistence between the Nation’s Elements

Article 150: Any writing or speech aims at or results in stirring sectarian or racial prejudices or the incitement of conflict between different sects or the nation’s elements, such act shall be punished by imprisonment for no less than six months and no more than three years and a fine not to exceed five hundred dinars (JD500).

Audiovisual Media Law

Article 20(l)(2) prohibits licensed broadcasters from broadcasting hateful, terrorist, violent or seditious material or from promoting religious, sectarian or ethnic strife",0,Jordan,0,0,0,0,0,0,0,0,0,0,0,0,0,1,0,1,1,0,0,0,0,1,0,0,0,0,1,0,1,0,0,0,0,0,0,0,0,0,0,0,0,0,0,0,0,0,0,0,0,0,0,0,0,0,0,1,0,0,0,0,0,0,0,0,0,0,0,0,0,0,0,0,0,0,0,0,0,0,0,0,0,0,0,0,0,0,0,0,0,0,0,0,0,0,0,0,0,0,0,0,0,0,0,0,0,0,0,0,0,0,0,0,0,0,0,0,0,0,0,0,0,0,0,0,0,0,0,0,0,0,0,0,0,0,0,0,0,0,0,0,0,0,0,0,0,0,0,0,0,0,0,0,0,0,0,0,0,0,0,0,0,0,0,0,0,0,0,0,0,0,0,0,0,0,0,0,0,0,0,0,0,0,0,0,0,0,1,0,0,0,0,0,0,0,0,0,0,0,0,0,0,0,0,0,0,0,1,0,0,0,0,0,0,0,0,0,0,0,0,0,0,0,0,0,0,0,0,1,0,0,0,0,0,0,0,0,0,0,0,0,0,1,0,0,0
100,KENYA,Law,"Constitution

Article 33(1): Every person has the right to freedom of expression, which includes— (a) freedom to seek, receive or impart information or ideas; (b) freedom of artistic creativity; and (c) academic freedom and freedom of scientific research.

(2) The right to freedom of expression does not extend to— (a) propaganda for war; (b) incitement to violence; (c) hate speech; or (d) advocacy of hatred that— (i) constitutes ethnic incitement, vilification of others or incitement to cause harm; or (ii) is based on any ground of discrimination specified or contemplated in Article 27 (4).

(3) In the exercise of the right to freedom of expression, every person shall respect the rights and reputation of others.

Criminal Code

Article 96: Incitement to violence and disobedience of the law

Any person who, without lawful excuse, the burden of proof whereof shall lie upon him, utters, prints or publishes any words, or does any act or thing, indicating or implying that it is or might be desirable to do, or omit to do, any act the doing or omission of which is calculated— (a) to bring death or physical injury to any person or to any class, community or body of persons; or (b) to lead to the damage or destruction of any property; or (c) to prevent or defeat by violence or by other unlawful means the execution or enforcement of any written law or to lead to defiance or disobedience of any such law, or of any lawful authority, is guilty of an offence and is liable to imprisonment for a term not exceeding five years.

National Cohesion and Integration Act 2008

Article 13: Hate speech

(1) A person who— (a) uses threatening, abusive or insulting words or behaviour, or displays any written material; (b) publishes or distributes written material; (c) presents or directs the performance the public performance of a play; (d) distributes, shows or plays, a recording of visual images; or (e) provides, produces or directs a programme, which is threatening, abusive or insulting or involves the use of threatening, abusive or insulting words or behaviour commits an offence if such person intends thereby to stir up ethnic hatred, or having regard to all the circumstances, ethnic hatred is likely to be stirred up. (2) Any person who commits an offence under this section shall be liable to a fine not exceeding one million shillings or to imprisonment for a term not exceeding three years or to both. (3) In this section, “ethnic hatred” means hatred against a group of persons defined by reference to colour, race, nationality (including citizenship) or ethnic or national origins.

Guidelines on Prevention of Dissemination of Undesirable Bulk and Premium Rate Political Messages and Political Social Media Content via Electronic Communications Networks (2017)

Article 5.1.6: “Hate Message” means a message designed to degrade, intimidate or incite to violence or prejudicial action against a person or group of people based on their race, gender, ethnicity, nationality, religion, political affiliation, language, ability or appearance.

Article 13.1: Language and Tone All political social media content shall be written in a language that avoids a tone and words that constitute hate speech, ethnic contempt, and incitement to violence, harassment, abuse, violence, defamatory or intimidating.

Article 13.4: Hate Speech Political content shall only be published on social media in adherence to the Constitution, NCI Act and other relevant laws with regards to hate speech",0,Kenya,0,1,0,1,0,0,0,1,0,0,0,0,0,1,1,1,1,0,0,1,0,1,0,0,1,0,1,0,1,0,0,0,1,0,0,0,0,0,1,0,0,0,0,0,0,0,0,0,0,0,0,0,0,1,0,0,0,1,0,0,0,0,0,0,0,0,1,0,0,0,1,0,0,0,0,0,0,0,0,0,0,0,0,0,0,0,0,1,0,0,0,0,0,0,0,0,0,0,0,0,0,0,0,0,0,0,0,0,0,0,0,0,0,0,0,0,0,0,0,0,0,0,0,1,0,1,0,0,0,0,0,0,0,0,0,0,0,0,0,0,0,0,0,0,0,1,0,0,0,0,1,0,0,0,0,0,0,0,0,0,0,0,0,0,0,0,0,0,0,0,0,0,0,0,0,0,0,0,0,0,0,0,0,0,0,0,1,0,0,1,0,0,0,0,0,0,0,0,0,0,0,0,0,0,0,0,0,0,0,0,0,0,0,0,0,0,0,0,0,0,0,0,0,0,0,0,0,0,0,0,0,0,0,0,0,0,0,0,1,0,0,1,0,0,0
101,KYRGYZSTAN,Law,"Criminal Code

Article 299: Incitement of National, Racial, or Religious Enmity:

(1) Actions aimed at the incitement of national, racial, or religious enmity, abasement of human dignity, and also propaganda of the exceptionality, superiority, or inferiority of individuals by their attitude to religion, national, or racial belonging, if these acts have been committed in public or with the use of mass media, shall be punishable by a fine in the amount of one hundred to five hundred minimum monthly wages or by arrest for a term of up to six months, or by deprivation of liberty for a term of one to three years.

(2) The same acts committed: 1) with the use of violence or with the threat of its use; 2) by a person through his official position; 3) by an organized group, shall be punishable by deprivation of liberty for a term of three to five years.",0,Kyrgyzstan,0,0,0,0,0,0,0,0,0,0,0,0,0,0,0,0,0,0,0,0,0,1,0,0,0,1,1,0,1,0,0,0,1,0,0,0,1,0,0,0,0,0,0,0,0,0,0,0,0,0,0,0,0,0,0,0,0,0,0,0,0,0,0,0,0,0,0,0,0,0,0,0,0,0,0,0,0,0,0,0,0,0,0,0,0,0,0,0,0,0,0,0,0,0,0,0,0,0,0,0,0,0,1,0,0,1,0,0,0,0,0,0,0,0,0,0,0,0,0,0,0,0,0,0,0,0,0,0,0,0,0,0,0,0,0,0,0,0,0,0,1,0,0,0,0,0,0,0,0,0,0,0,0,0,0,0,0,0,0,0,0,0,0,0,0,0,0,0,0,0,0,0,0,0,0,0,0,0,0,0,0,0,0,0,0,0,0,0,0,1,0,0,0,0,0,0,0,0,0,0,0,0,0,0,0,0,0,0,0,0,0,0,0,0,0,0,0,0,0,0,0,0,0,0,1,0,0,0,0,0,0,0,0,0,0,0,0,0,0,0,0,1,0,0,0
102,LATVIA,Law,"Criminal Code

Section 78: Triggering of National, Ethnic and Racial Hatred

(1) For a person who commits acts directed towards triggering national, ethnic, racial or religious hatred or enmity, the applicable punishment is the deprivation of liberty for a period of up to three years or temporary deprivation of liberty, or community service, or a fine.

(2) For a person who commits the same acts, if they have been committed by a group of persons or a public official, or a responsible employee of an undertaking (company) or organization, or if they have been committed using an automated data processing system, the applicable punishment is the deprivation of liberty for a period of up to five years or temporary deprivation of liberty, or community service, or a fine.

3) For committing the act provided for in Paragraph one of this Section, if it is related to violence or threats or if it is committed by an organized group, the applicable punishment is the deprivation of liberty for a period of up to ten years, with or without probationary supervision for a period of up to three years.

Section 150: Incitement of Social Hatred and Enmity

(1) For a person who commits an act oriented towards inciting hatred or enmity depending on the gender, age, disability of a person or any other characteristics, if substantial harm has been caused thereby, the applicable punishment is the deprivation of liberty for a period of up to one year or temporary deprivation of liberty, or community service, or a fine.

(2) For the criminal offence provided for in Paragraph one of this Section, if it has been committed by a public official, or a responsible employee of an undertaking (company) or organisation, or a group of persons, or if it is committed using an automated data processing system, the applicable punishment is the deprivation of liberty for a period of up to three years or temporary deprivation of liberty, or community service, or a fine.

(3) For the act provided for in Paragraph one of this Section, if it is related to violence or threats, or the criminal offence provided for in Paragraph one of this Section, if it has been committed by an organized group, the applicable punishment is the deprivation of liberty for a period of up to four years or temporary deprivation of liberty, or community service, or a fine",0,Latvia,0,0,1,0,0,0,0,0,0,0,1,0,0,1,1,1,1,0,0,0,0,1,0,0,0,1,1,0,1,0,0,0,1,0,0,0,1,0,0,0,0,0,0,0,0,0,0,0,0,0,0,0,0,0,0,0,0,0,0,0,0,0,0,0,0,0,0,0,0,0,0,0,0,0,0,0,0,0,0,0,0,0,0,0,0,0,0,0,0,0,0,0,0,0,0,0,0,0,0,0,0,0,1,0,0,0,0,0,0,0,0,0,0,0,0,0,0,0,0,0,0,0,0,0,0,0,0,0,0,0,0,0,0,0,0,0,0,0,0,0,0,0,0,0,0,0,0,0,0,0,0,0,0,0,0,0,0,0,0,0,0,0,0,0,0,0,0,0,0,0,0,0,0,0,0,0,0,0,0,0,0,0,0,0,0,0,0,0,0,1,0,0,0,0,0,0,0,0,0,0,0,0,0,0,0,0,0,0,0,0,0,0,0,0,0,0,0,0,0,0,0,0,0,0,0,0,0,0,0,0,0,0,0,0,0,0,0,0,0,0,0,1,0,0,0
103,LESOTHO,Law,"Lesotho Criminal Code

Article 78: Expression of hatred or contempt

A person who utters any words or publishes any writing expressing ha­tred, ridicule or contempt for any person or group of persons, wholly or mainly, because of the person’s or group of persons’ race, ethnic affiliations, gender, dis­ability or colour, commits an offence.

Lesotho Telecommunications Authority (Broadcasting) Rules 2004

Part III

Community Standards

Article 6: A licensee shall not broadcast content which, measured by contemporary community standards:

(f) is likely to incite or perpetuate hatred against or gratuitously vilifies any person or section of the community on account of race, ethnicity, nationality, gender, marital status, sexual preference, age, physical or mental disability, religion or culture",0,Lesotho,0,0,1,0,0,0,0,1,0,0,11,0,1,1,1,0,1,0,0,0,0,1,1,0,0,1,1,0,1,1,0,0,0,0,0,0,0,0,0,0,0,0,0,0,0,0,0,0,0,0,0,0,0,0,0,0,0,1,0,0,0,0,1,0,0,0,0,0,0,0,0,0,0,0,0,0,0,0,0,0,0,0,0,0,0,0,0,0,0,0,0,0,0,0,0,0,0,0,0,0,0,0,0,0,0,0,0,0,0,0,0,0,0,0,0,0,0,0,0,0,0,0,0,0,0,0,0,0,0,0,0,0,0,0,0,0,0,0,0,0,0,0,0,0,0,0,0,0,0,0,0,0,0,0,0,1,0,0,0,0,0,0,0,0,0,0,0,0,0,0,0,0,0,0,0,0,0,0,0,0,0,0,0,0,0,0,0,0,0,0,0,0,0,0,0,0,0,0,0,0,0,0,0,1,0,0,0,0,0,0,0,0,0,0,0,0,0,0,0,0,0,0,0,0,0,0,0,0,0,0,0,0,0,0,0,0,0,0,1,0,0,0,0,0,0
104,98. LAO PEOPLE’S DEMOCRATIC REPUBLIC,Law,"Article 66: stipulates that any person who makes a division or causes resentment between the ethnic groups and social strata with the intention of undermining national solidarity, shall be punished by one year to five years of imprisonment and shall be fined.

Article 176: provides that any person divides, separates from, or prevents or restricts other persons from participating in activity or discrimination against other persons based on ethnic reasons shall be punished by imprisonment from one year to three years and shall be fined",0,Lao,0,0,0,0,0,0,0,0,0,0,0,0,0,1,0,0,0,0,0,0,0,0,0,0,0,0,0,0,0,0,0,0,0,0,0,0,0,0,0,0,0,0,0,0,0,0,0,0,0,0,0,0,0,0,0,0,0,0,0,0,0,0,0,0,0,0,0,0,0,0,0,0,0,0,0,0,0,0,0,0,0,0,0,0,0,0,0,0,0,0,0,0,0,0,0,0,0,0,1,0,0,0,0,0,0,0,0,0,0,0,0,0,0,0,0,0,0,0,0,0,0,0,0,0,0,0,0,0,0,0,0,0,0,0,0,0,0,0,0,0,0,0,0,0,0,0,0,0,0,0,0,0,0,0,0,0,0,0,0,0,0,0,0,0,0,0,0,0,0,0,0,0,0,0,0,0,0,0,0,0,0,0,0,0,0,0,0,0,0,0,0,0,0,0,0,0,0,0,0,0,1,0,0,0,0,0,0,0,0,0,0,0,1,0,0,0,0,0,0,0,0,0,0,0,0,0,0,0,0,0,0,0,0,1,0,0,0,0,0,0,0,0,0,0,0
105,100. LITHUANIA,Law,"Constitution

Article 25:

Freedom to express convictions and to impart information shall be incompatible with criminal actions—incitement of national, racial, religious, or social hatred, violence and discrimination, with slander and disinformation.

Criminal Code

Article 170: Incitement against Any National, Racial, Ethnic, Religious or Other Group of Persons

1. A person who, for the purposes of distribution, produces, acquires, sends, transports or stores the items ridiculing, expressing contempt for, urging hatred of or inciting discrimination against a group of persons or a person belonging thereto on grounds of age, sex, sexual orientation, disability, race, nationality, language, descent, social status, religion, convictions or views or inciting violence, a physical violent treatment of such a group of persons or the person belonging thereto or distributes them shall be punished by a fine or by restriction of liberty or by arrest or by a custodial sentence for a term of up to one year.

2. A person who publicly ridicules, expresses contempt for, urges hatred of or incites discrimination against a group of persons or a person belonging thereto on grounds of age, sex, sexual orientation, disability, race, nationality, language, descent, social status, religion, convictions or views shall be punished by a fine or by restriction of liberty or by arrest or by a custodial sentence for a term of up to two years.

3. A person who publicly incites violence or a physical violent treatment of a group of persons or a person belonging thereto on grounds of age, sex, sexual orientation, disability, race, nationality, language, descent, social status, religion, convictions or views or finances or otherwise supports such activities shall be punished by a fine or by restriction of liberty or by arrest or by a custodial sentence for a term of up to three years.

4. A legal entity shall also be held liable for the acts provided for in this Article",0,Lithuania,0,0,1,0,0,0,0,0,0,0,1,0,0,1,1,0,1,0,0,0,0,1,0,0,0,1,1,0,1,1,0,0,0,0,0,0,0,0,0,0,0,0,0,0,0,0,0,0,0,0,0,0,0,0,0,0,0,0,0,0,0,0,0,0,0,0,0,0,0,0,0,0,0,0,0,0,0,0,1,0,0,0,0,0,0,0,0,1,0,0,0,0,0,0,0,0,0,0,0,0,0,0,0,0,0,0,0,0,0,0,0,0,0,1,0,0,0,0,0,0,0,0,0,0,0,0,0,0,0,0,0,0,0,0,0,0,0,0,0,0,0,0,0,0,0,0,0,0,0,0,1,0,0,0,0,0,0,0,1,0,0,0,0,0,0,0,0,0,0,0,0,0,0,0,0,0,0,0,0,0,0,0,0,0,0,0,0,0,0,0,0,0,0,0,0,0,0,0,0,0,0,0,0,1,0,0,0,1,0,1,0,0,0,0,0,0,0,1,0,0,0,0,0,0,0,0,0,0,0,0,0,0,0,0,0,0,0,0,0,0,0,1,0,0,0
106,101. LUXEMBOURG,Law,"Criminal Code

Article 457-1:

A punishment of eight days to two years and a fine of Euro 251 to Euro 25,000 or one of these penalties only is given to:

1) anyone who, either, through speech, cries or threats uttered in public places or meetings or by writing, prints, drawing, engravings, paintings, emblems, images or any other written medium of speech or image sold or distributed, offered for sale or exhibited in public places or meetings, either by placards or posters exposed to the public eye, or by any means of audio-visual communication, incites acts provided for in article 455, hatred or violence towards a person, a group or a community based on one of the characteristics referred to in section 454;

3) whoever prints, manufactures, holds, transports, imports, exports, put into circulation in Luxembourg, sends from Luxembourg, delivers to the post office or to another professional responsible for delivering mail on Luxembourg territory, makes transit through Luxembourg, writings, printed matter, drawings, prints, paintings, posters, photographs, cinematographic films, emblems, images or any other support of writing, speech or image, likely to incite the acts provided for in Article 455, hatred or violence against a person, a group or a community based on one of the characteristics referred to in Article 454.

The confiscation of the objects listed above will be pronounced in all cases.

Note: Elements referred to in Article 454 are: origin, skin colour, sex, sexual orientation, sex change, gender identity, family situation, age, health, disability, customs, political or philosophical opinion, trade union activities, belonging or non-belonging, real or supposed to an ethnic, national, racial or religious group.

Article 457-3:

Whoever, either by speeches, shouts or threats made in public places or meetings, or by writings, prints, drawings, engravings, paintings, emblems, images or any other written, spoken or pictorial material sold or distributed, offered for sale or exhibited in public places or meetings, or by placards or posters displayed in public view, or by any means of audiovisual communication, has disputed, minimised, justified or denied the existence of one or more crimes against humanity or war crimes as defined in Article 6 of the Statute of the International Military Tribunal annexed to the London Agreement of 8 August 1945 and which were committed either by members of an organisation declared criminal under Article 9 of that Statute, or by a person convicted of such crimes by a Luxembourg, foreign or international court is punishable by imprisonment from eight days to two years and a fine of 251 euros to 25. 000 euros or of one of these penaltie",0,Luxembourg,0,0,1,0,0,0,0,1,0,0,1,1,0,1,1,0,1,0,0,0,0,1,0,0,1,0,1,0,1,1,0,0,1,0,0,0,0,0,0,0,0,0,0,0,0,0,0,0,0,0,0,0,0,0,0,0,0,0,0,0,0,0,0,1,0,0,0,0,0,0,0,0,0,0,0,0,0,0,0,0,0,0,0,0,0,0,0,0,0,0,0,0,0,0,0,0,0,0,0,0,0,0,0,0,0,0,0,0,0,0,1,0,0,0,0,0,0,0,0,0,0,0,0,0,0,0,1,0,0,0,0,0,0,0,0,0,0,0,0,0,0,0,0,0,0,0,0,0,0,0,0,0,0,0,0,0,0,0,0,0,0,0,0,0,0,0,0,0,0,1,0,0,0,0,0,0,0,0,1,0,0,0,0,0,0,0,0,0,0,0,0,0,0,0,0,0,0,0,0,0,0,0,0,0,0,0,0,1,1,0,0,0,0,0,0,0,0,0,0,0,0,0,0,0,0,0,0,0,0,0,1,0,0,0,0,0,0,0,0,0,0,1,0,0,0
107,104. MALAYSIA,Law,"Criminal Code

Uttering words, etc., with deliberate intent to wound the religious feelings of any person

Article 298: Whoever, with deliberate intention of wounding the religious feelings of any person, utters any word or makes any sound in the hearing of that person, or makes any gesture in the sight of that person, or places any object in the sight of that person, shall be punished with imprisonment for a term which may extend to one year or with a fine or with both.

Causing, etc., disharmony, disunity, or feelings of enmity, hatred or ill will, or prejudicing, etc., the maintenance of harmony or unity, on grounds of religion

Article 298A (1): Whoever by words, either spoken or written, or by signs, or by visible representations, or by any act, activity or conduct, or by organizing, promoting or arranging, or assisting in organizing, promoting or arranging, any activity, or otherwise in any other manner— (a) causes, or attempts to cause, or is likely to cause disharmony, disunity, or feelings of enmity, hatred or ill will; or (b) prejudices, or attempts to prejudice, or is likely to prejudice, the maintenance of harmony or unity, on grounds of religion, between persons or groups of persons professing the same or different religions, shall be punished with imprisonment for a term of not less than two years and not more than five years",0,Malaysia,0,0,0,0,0,0,0,0,0,0,0,0,0,0,0,1,1,0,0,0,0,0,0,0,0,0,0,0,1,0,0,0,0,0,0,0,0,0,0,0,0,0,0,0,0,0,0,0,0,0,0,0,0,0,0,0,0,0,0,0,0,0,0,0,0,0,0,0,0,0,0,0,0,0,0,0,0,0,0,0,0,0,0,0,0,0,0,0,0,1,0,0,0,0,0,0,1,0,0,0,0,0,1,0,0,0,0,0,0,0,0,0,0,0,0,0,0,0,0,0,0,0,0,0,0,0,0,0,0,0,0,0,0,0,1,0,0,0,0,0,0,0,0,0,0,0,0,0,0,0,0,0,0,0,0,0,0,0,0,0,0,0,0,0,0,0,0,0,0,0,0,0,0,0,0,0,0,0,0,0,0,0,0,0,0,0,1,0,0,0,0,0,0,0,0,0,0,0,0,0,0,0,0,0,0,0,0,0,0,0,0,0,0,0,0,0,0,0,0,0,0,0,0,0,0,0,0,0,0,0,0,0,0,0,0,0,0,0,0,0,0,0,0,0,1
108,107. MALTA,Law,"Criminal Code

Article 82A (1) Whosoever uses any threatening, abusive or insulting words or behaviour, or displays any written or printed material which is threatening, abusive or insulting, or otherwise conducts himself in such a manner, with intent thereby to stir up violence or racial hatred or whereby violence or racial hatred is likely, having regard to all the circumstances, to be stirred up shall, on conviction, be liable to imprisonment for a term of six to eighteen months.

(2) For the purposes of the foregoing subarticle “violence or racial hatred” means violence or hatred against a group of persons in Malta defined by reference to colour, race, religion, descent, nationality (including citizenship) or ethnic or national origins or against a member of such a group.",0,Malta,0,1,0,0,0,0,0,1,0,0,0,0,0,1,0,0,1,0,0,1,0,1,0,0,0,0,1,0,1,0,0,0,1,0,0,0,0,0,0,0,0,0,0,0,0,0,0,0,0,0,0,0,0,0,0,0,0,0,0,0,0,0,0,0,0,0,0,0,0,0,0,0,0,0,0,0,0,0,1,0,0,0,0,0,0,0,0,0,0,0,0,0,0,0,0,0,0,0,0,0,0,0,0,0,0,0,0,0,0,0,0,0,0,0,0,0,0,0,0,0,0,0,0,0,0,0,0,0,0,0,0,0,0,0,0,0,0,0,0,0,0,0,0,0,0,0,0,0,0,0,0,0,0,0,0,0,0,0,0,0,0,0,0,0,0,0,0,0,0,0,0,0,0,0,0,0,0,0,0,0,0,0,0,0,0,0,0,0,0,0,0,0,0,0,0,0,0,0,0,0,0,0,0,0,0,0,0,0,0,0,0,0,0,0,0,0,0,0,0,0,0,0,0,0,0,0,0,0,0,0,0,0,0,0,0,0,0,0,0,0,0,1,0,0,0
109,111. MEXICO,Law,"The Federal Law to Prevent and Eliminate Discrimination 2003

Article 4: For the purposes of this Law, discrimination shall be understood to be any distinction, exclusion or restriction that, based on ethnic or national origin, sex, age, disability, social or economic status, health, pregnancy, language, religion, opinions, sexual preferences, marital or any other status.

Article 9: Any discriminatory practice that is intended to prevent or nullify the recognition or exercise of rights and real equality of opportunities. For the purposes of the above, the following are considered discriminatory behaviours:

(27): Inciting hatred, violence, rejection, mockery, defamation, insult, persecution or exclusion",0,Mexico,1,0,1,0,0,0,0,0,0,0,1,1,0,1,1,0,1,0,0,1,0,1,0,0,0,0,1,0,1,1,0,0,0,0,0,0,0,0,0,0,0,0,0,0,0,0,0,0,0,0,0,0,0,1,0,0,0,0,0,0,0,0,0,0,0,0,1,0,0,0,0,0,0,0,0,0,0,0,0,0,0,0,0,0,0,0,0,1,0,0,0,0,0,0,0,0,0,0,0,1,0,0,0,0,0,0,1,0,0,0,0,0,0,0,0,0,0,0,0,0,0,0,0,0,0,0,1,0,0,0,0,0,0,0,0,0,0,0,0,0,0,0,0,0,0,0,0,0,0,0,1,0,0,0,0,1,0,0,0,0,0,0,0,0,0,0,0,0,1,0,0,0,0,1,0,0,0,0,0,0,0,0,0,0,0,1,0,0,0,0,0,0,0,0,0,0,0,0,0,1,0,0,0,0,0,0,0,1,0,0,0,0,0,0,0,1,0,1,0,0,0,0,0,0,0,0,0,0,0,0,0,0,0,0,0,0,0,0,0,0,0,1,0,0,0
110,113. MOLDOVA,Law,"Criminal Code

Article 346. Deliberate Actions Aimed at Inciting National, Racial, or Religious Hostility or Discord

Deliberate actions, public calls including through mass media either printed or electronic aimed at inciting national, racial, or religious hostility or discord, the humiliation of national honour and dignity, direct or indirect limitations of rights, or that offer direct or indirect advantages to citizens based on their national, racial, or religious affiliations shall be punished by a fine of up to 250 conventional units or by community service for 180 to 240 hours or by imprisonment of up to 3 years",0,Moldova,0,0,0,0,0,0,0,0,0,0,0,0,0,0,0,0,0,1,0,0,0,1,0,0,0,0,1,0,1,0,0,0,0,0,0,0,0,0,0,0,0,0,0,0,0,0,0,0,0,0,0,0,0,0,0,0,0,0,0,0,0,0,0,0,0,0,0,0,0,0,0,0,0,0,0,0,0,0,0,0,0,0,0,0,1,0,0,0,0,0,0,0,0,0,0,0,0,0,0,0,0,0,0,0,0,0,0,0,0,0,0,0,0,0,0,0,0,0,0,0,0,0,0,0,0,0,0,0,0,1,1,0,0,0,0,0,0,0,0,0,0,0,0,0,0,0,0,0,0,0,0,0,1,0,0,0,0,0,0,0,0,0,0,0,0,0,0,0,0,0,0,0,0,0,0,0,0,0,0,0,0,0,0,0,0,0,0,0,0,0,0,0,0,0,0,0,0,0,0,0,0,0,0,0,0,0,0,0,0,0,0,0,0,0,0,0,0,0,0,0,0,0,0,0,0,0,0,0,0,0,0,0,0,0,0,0,0,0,0,0,0,0,0,0,0
111,114. MONACO,Law,"Law No. 1.299 of 15 July 2005 on the freedom of public expression.

Article 16: The same penalties shall be imposed on those who, by any of the means set out in Article 15, provoke hatred or violence against a person or group of persons on account of their origin, membership or non-membership of a particular ethnic group, nation, race or religion, or on account of their real or supposed sexual orientation.

Article 25: Insult committed, by the same means, against the bodies or persons designated by Articles 22 and 23 of the present law, shall be punishable by imprisonment of six days to six months and the fine provided for in Article 26, paragraph 3 of the Criminal Code, or by one of these two penalties only.

Insult committed in the same manner against private individuals, where it has not been preceded by provocation, shall be punishable by imprisonment for a term of six days to two months and the fine provided for in Article 26(2) of the Criminal Code, or by one of these two penalties only.

Insult committed by the same means against a person or a group of persons on account of their origin or membership, real or supposed, or non-membership of a particular ethnic group, nation, race or religion, or on account of their sexual orientation, real or supposed, shall be punishable by imprisonment for six days to six months and the fine provided for in Article 26(3) of the Criminal Code, or by one of these two penalties only.

In the event of a conviction for one of the acts provided for in this article, it may in addition be ordered, under the conditions provided for in article 16, that the decision pronounced, in whole or in part or in the form of a communiqué, be posted or disseminated at the expense of the convicted person",0,Monaco,0,0,0,0,0,0,0,0,0,0,0,0,0,1,0,0,1,0,0,1,0,1,0,0,0,1,1,0,1,1,0,0,0,0,0,0,0,0,0,0,0,0,0,0,0,0,0,0,0,0,0,0,0,0,0,0,0,0,0,0,0,0,0,0,0,0,0,0,0,0,0,0,0,0,0,0,0,0,0,0,0,0,0,0,0,0,0,0,0,0,0,0,0,0,0,0,0,0,0,0,0,0,0,0,0,0,0,0,0,0,0,0,0,0,0,0,0,0,0,0,0,0,0,0,0,0,0,0,0,0,0,0,0,0,0,0,0,0,0,0,0,0,0,0,0,0,0,0,0,0,0,0,0,0,0,0,0,0,0,0,0,0,0,0,0,0,0,0,0,1,0,0,0,0,0,0,0,0,0,0,0,0,0,0,0,0,0,0,0,0,0,0,0,0,0,0,0,0,0,0,0,0,0,0,0,0,0,0,0,0,0,0,0,0,0,0,0,0,0,0,0,0,0,0,0,0,0,0,0,0,0,0,0,0,0,0,0,0,0,0,0,1,0,0,0
112,98. NEPAL,Law,"Constitution

Article 17: Right to Freedom

No person shall be deprived of his or her personal liberty except in accordance with law.

(2) Every citizen shall have the following freedoms:

freedom of opinion and expression,
freedom to assemble peaceably and without arms,
freedom to form political parties,
freedom to form unions and associations,
freedom to move and reside in any part of Nepal,
freedom to practice any profession, carry on any occupation, and establish and operate any industry, trade and business in any part of Nepal.
Provided that:

(3) Nothing in sub-clause (c) shall be deemed to prevent the making of an Act to impose reasonable restrictions on any act which may undermine the sovereignty, territorial integrity, nationality and independence of Nepal, constitute an espionage against the nation or divulge national secrecy or on any act of rendering assistance to any foreign state, organization or representative in a manner to undermine the security of Nepal or on an act of treason or on any act which may undermine the harmonious relations between the Federal Units or on any act of incitement to caste-based or communal hatred or on any act which may undermine the harmonious relations between various castes, tribes, religions and communities, or on any act of acquisition of, or restriction on, membership of any political party on the basis solely of tribe, language, religion, community or sex or on any act of formation of a political party with discrimination between citizens or on (11) incitement to violent acts or on any act which may be contrary to public morality.

(4) Nothing in sub-clause (d) shall be deemed to prevent the making of an Act to impose reasonable restrictions on any act which may undermine the sovereignty, territorial integrity, nationality and independence of Nepal, or on any act which may constitute espionage against the nation or on any act of divulgence of national secrecy or on any act assisting any foreign state, organization or representative in a manner to undermine the security of Nepal or on an act of treason or on any act which may undermine the harmonious relations between the Federal Units or on any act of incitement to caste based or communal hatred or on any act which may undermine the harmonious relations between various castes, tribes, religions and communities or on incitement to violent acts or on any act which may be contrary to public morality.

Article 19: Right to communication

(1) No publication and broadcasting or dissemination or printing of any news item, editorial, feature article or other reading, audio and audio-visual material through any means whatsoever including electronic publication, broadcasting and printing shall be censored. Provided that nothing shall be deemed to prevent the making of Acts to impose reasonable restrictions on any act which may undermine the sovereignty, territorial integrity, nationality of Nepal or the harmonious relations between the Federal Units or the harmonious relations between various castes, tribes, religions or communities, or on any act of treason, defamation or contempt of court or incitement to an offence, or on any act which may be contrary to public decency or morality, on any act of hatred to labour and on any act of incitement to caste-based untouchability as well as gender discrimination.

Article 24: Right against untouchability and discrimination.

(3) No act purporting to demonstrate any person or community as superior or inferior on grounds of origin, caste, tribe or physical condition or justifying social discrimination on grounds of caste, tribe or untouchability or propagating ideology based on untouchability and caste based superiority or hatred or encouraging caste-based discrimination in any manner whatsoever shall be allowed.

Criminal Code

Section 49: Prohibition of undermining sovereignty, integrity or national unity:

(4) No person shall commit, or cause to be committed, any act that gives rise to hatred, enmity or contempt on grounds of class, race, religion, region, community or similar other ground, which is likely to jeopardize the sovereignty, geographical or territorial integrity, nationality, national unity, independence, dignity, or harmonious relations between federal units, of Nepal or attempt to commit, or abet the commission of, or make conspiracy to commit, such act, or undermine or cause to be undermined the cordial relations subsisting between different castes, races or communities.

(5) A person who commits, or causes to be committed, the offence referred to in this Section shall be sentenced to the following punishment:

(c) Imprisonment for a term not exceeding five years and a fine not exceeding fifty thousand rupees in the case of the offence referred to in sub-section (4).

Electronic Transactions Act (2008)

Section 47: Publication of illegal materials in electronic form:

(1) If any person publishes or displays any material in the electronic media including computer, internet which are prohibited to publish or display by the prevailing law or which may be contrary to the public morality or decent behavior or any types of materials which may spread hate or jealousy against anyone or which may jeopardize the harmonious relations subsisting among the peoples of various castes, tribes and communities shall be liable to the punishment with the fine not exceeding One Hundred Thousand Rupees or with the imprisonment not exceeding five years or with both.

(2) If any person commit an offence referred to in Sub-section (1) time to time he/she shall be liable to the punishment for each time with one and one half percent of the punishment of the previous punishment.

Press and Publications Act (1991)

Section 14: Restriction on publication:

The following matters shall not be allowed to be published in any book or magazine:

(d) Creating enmity among the people of the various castes, tribes, religions, classes, regions, communities and spreading communal disharmony;

and (e) Hurting decency, morals and social honour of the people generally.

National Broadcasting Act (1993)

Section 15: Prohibition on broadcasting of advertisement:

(1) Notwithstanding anything contained in Section 14, no one shall broadcast, or cause to be broadcast, any advertisement of the following matters:-

(f) Materials misinterpreting disregarding, insulting and devaluing any tribe, language, religion and culture",0,Nepal,0,0,0,0,0,0,1,0,0,0,0,1,0,0,1,0,1,0,1,1,0,1,1,0,1,0,1,0,1,0,0,0,0,1,0,0,0,0,0,0,0,0,0,0,0,0,0,0,0,0,0,0,0,1,0,0,0,1,0,0,0,0,1,0,0,0,0,0,0,0,1,0,0,0,0,0,0,0,0,0,1,0,0,0,0,0,0,1,0,0,0,0,0,0,0,0,0,0,0,0,0,0,1,0,0,0,0,0,0,0,0,0,0,0,0,0,0,0,0,0,0,0,0,0,0,0,0,0,0,0,0,0,0,0,0,0,0,0,0,0,0,0,0,0,0,0,0,0,0,0,1,0,0,0,0,0,0,0,0,0,0,0,0,0,0,0,0,0,0,1,0,0,0,0,0,0,0,0,0,1,0,0,0,0,0,0,0,0,0,0,0,0,0,0,0,0,0,0,0,0,0,0,0,0,0,0,0,1,0,0,0,0,0,0,0,0,0,0,0,0,0,0,0,0,1,0,0,0,0,0,0,0,0,0,0,0,0,0,0,0,0,1,0,0,0
113,99. THE NETHERLANDS,Law,"Criminal Code

Article 137(c):

1. Any person who in public, either verbally or in writing or through images, intentionally makes an insulting statement about a group of persons because of their race, religion or beliefs, their hetero or homosexual orientation or their physical, mental or intellectual disability, shall be liable to a term of imprisonment not exceeding one year or a fine of the third category.

2. If the offence is committed by a person who makes a profession or habit of it or by two or more persons in concert, a term of imprisonment not exceeding two years or a fine of the fourth category shall be imposed.

Section 137(d):

1. Any person who publicly, either verbally or in writing or through images, incites hatred of or discrimination against persons or violence against their person or property because of their race, religion or beliefs, their sex, their hetero or homosexual orientation or their physical, mental or intellectual disability, shall be liable to a term of imprisonment not exceeding one year or a fine of the third category.

2. If the offence is committed by a person who makes a profession or habit of it or by two or more persons in concert, a term of imprisonment not exceeding two years or a fine of the fourth category shall be imposed.

Section 137e:

1. Any person who, for any reason other than the provision of factual information: 1°. makes public a statement which he knows or should reasonably suspect to be insulting to a group of persons because of their race, religion or beliefs, their hetero- or homosexual orientation or their physical, mental or intellectual disability, or incites hatred of or discrimination against persons or violence against their person or property because of their race, religion or beliefs, their sex, their hetero or homosexual orientation or their physical, mental or intellectual disability; 2° sends or distributes, without request, an object which he knows or should reasonably suspect to contain such a statement to another person, or has such object in store for public disclosure or distribution; shall be liable to a term of imprisonment not exceeding six months or a fine of the third category.

2. If the offence is committed by a person who makes a profession or habit of it or by two or more persons in concert, a term of imprisonment not exceeding one year or a fine of the fourth category shall be imposed",0,The Netherlands,0,0,0,0,0,0,0,0,0,0,1,0,0,0,1,0,1,0,0,1,0,0,0,0,0,0,1,0,1,1,0,0,0,0,0,0,0,0,0,0,0,0,0,0,0,1,0,0,0,0,0,0,0,0,0,0,0,0,0,0,0,0,0,0,0,0,0,0,0,0,0,0,0,0,0,0,0,0,0,0,0,0,0,0,0,0,0,1,0,0,0,0,0,0,0,0,0,0,0,0,0,0,0,0,0,0,0,0,0,0,0,0,0,0,0,0,0,0,0,0,0,0,0,0,0,0,0,0,0,0,0,0,0,0,0,0,0,0,0,0,0,0,0,0,0,0,0,0,0,0,0,0,0,0,0,0,0,0,0,0,0,0,0,0,0,0,0,0,0,0,0,0,0,0,0,0,0,0,0,0,0,0,0,0,0,0,0,0,0,0,0,0,0,0,0,0,0,0,0,0,0,0,0,0,0,0,0,0,0,0,0,0,0,0,0,0,0,0,0,0,0,0,0,0,0,0,0,0,0,0,0,0,0,0,0,0,0,0,0,0,0,1,0,0,0
114,100. NEW ZEALAND,Law,"Human Rights Act 1993

Section 61: Racial disharmony

(1) It shall be unlawful for any person—

(a) to publish or distribute written matter which is threatening, abusive, or insulting, or to broadcast by means of radio or television or other electronic communication words which are threatening, abusive, or insulting; or

(b) to use in any public place as defined in section 2(1) of the Summary Offences Act 1981, or within the hearing of persons in any such public place, or at any meeting to which the public are invited or have access, words which are threatening, abusive, or insulting; or

(c) to use in any place words which are threatening, abusive, or insulting if the person using the words knew or ought to have known that the words were reasonably likely to be published in a newspaper, magazine, or periodical or broadcast by means of radio or television, being matter or words likely to excite hostility against or bring into contempt any group of persons in or who may be coming to New Zealand on the ground of the colour, race, or ethnic or national origins of that group of persons.

(2) It shall not be a breach of subsection (1) to publish in a newspaper, magazine, or periodical or broadcast by means of radio or television or other electronic communication a report relating to the publication or distribution of matter by any person or the broadcast or use of words by any person, if the report of the matter or words accurately conveys the intention of the person who published or distributed the matter or broadcast or used the words.

(3) For the purposes of this section, newspaper means a paper containing public news or observations on public news, or consisting wholly or mainly of advertisements, being a newspaper that is published periodically at intervals not exceeding 3 months

publishes or distributes means publishes or distributes to the public at large or to any member or members of the public written matter includes any writing, sign, visible representation, or sound recording.

Section 131 Inciting racial disharmony

(1) Every person commits an offence and is liable on conviction to imprisonment for a term not exceeding 3 months or to a fine not exceeding $7,000 who, with intent to excite hostility or ill-will against, or bring into contempt or ridicule, any group of persons in New Zealand on the ground of the colour, race, or ethnic or national origins of that group of persons:

(a) publishes or distributes written matter which is threatening, abusive, or insulting, or broadcasts by means of radio or television words which are threatening, abusive, or insulting; or

(b) uses in any public place (as defined in section 2(1) of the Summary Offences Act 1981), or within the hearing of persons in any such public place, or at any meeting to which the public are invited or have access, words which are threatening, abusive, or insulting,—

being matter or words likely to excite hostility or ill-will against, or bring into contempt or ridicule, any such group of persons in New Zealand on the ground of the colour, race, or ethnic or national origins of that group of persons.

(2) For the purposes of this section, publishes or distributes and written matter have the meaning given to them in section 61.

The Films, Videos and Publications Classification Act 1993

Section 3: Meaning of objectionable

(3) In determining, for the purposes of this Act, whether or not any publication (other than a publication to which subsection (2) applies) is objectionable or should in accordance with section 23(2) be given a classification other than objectionable, particular weight shall be given to the extent and degree to which, and the manner in which, the publication—

(e) represents (whether directly or by implication) that members of any particular class of the public are inherently inferior to other members of the public by reason of any characteristic of members of that class, being a characteristic that is a prohibited ground of discrimination specified in section 21(1) of the Human Rights Act 1993",0,New Zealand,0,1,0,0,0,0,0,1,0,0,0,0,0,1,0,0,0,1,0,1,0,1,0,0,0,0,1,0,0,0,0,0,1,0,0,0,0,0,0,0,0,0,0,0,0,0,0,0,0,0,0,0,0,0,0,0,0,1,0,0,0,0,0,0,0,0,0,0,0,0,0,0,0,0,0,0,0,0,0,0,0,0,0,0,0,0,0,1,0,1,0,0,0,0,0,0,0,0,0,0,0,0,0,0,0,0,0,0,0,0,0,0,0,0,0,0,0,0,0,0,0,0,0,0,0,0,0,0,0,0,0,0,0,0,1,0,0,0,0,0,0,0,0,0,0,0,0,0,0,0,0,0,0,0,0,0,0,0,0,0,0,0,0,0,0,0,0,0,0,0,0,0,0,0,0,0,0,0,0,0,0,0,0,0,0,0,0,0,0,0,0,0,0,0,0,0,0,0,0,0,0,0,0,1,0,0,0,0,0,0,0,0,0,0,0,0,0,0,0,0,0,0,0,0,0,0,0,0,0,0,0,0,0,0,0,0,0,0,0,0,0,0,0,0,0
115,105. NORWAY,Law,"Criminal Code

Section 185: Hate speech

A penalty of a fine or imprisonment for a term not exceeding three years shall be applied to any person who with intent or gross negligence publicly makes a discriminatory or hateful statement. «Statement» includes the use of symbols. Any person who in the presence of others, with intent or gross negligence, makes such a statement to a person affected by it, see paragraph two, is liable to a penalty of a fine or imprisonment for a term not exceeding one year.

«Discriminatory or hateful statement» means threatening or insulting a person or promoting hate of, persecution of or contempt for another person based on his or her

a)	skin colour or national or ethnic origin,
b)	religion or life stance,
c)	homosexual orientation, or
d)	reduced functional capacity",0,Norway,0,0,0,0,0,0,0,1,0,0,1,0,0,1,0,0,1,0,0,1,0,1,0,0,0,0,0,0,1,1,0,0,1,0,0,0,0,0,0,0,0,0,0,0,0,0,0,0,0,0,0,0,0,0,0,0,0,1,0,0,0,0,0,0,0,0,0,0,0,0,0,0,0,0,0,0,0,0,0,0,0,0,0,0,0,0,0,1,0,0,0,0,0,0,0,0,0,0,0,0,0,0,0,0,0,0,0,0,0,0,0,0,0,0,0,0,0,0,0,0,0,0,0,0,0,0,0,0,0,0,0,0,0,0,0,0,0,0,0,0,0,0,0,0,0,0,0,0,0,0,0,1,0,0,0,0,0,0,0,0,0,0,0,0,0,0,0,0,0,0,0,0,1,1,0,0,0,0,0,0,0,0,0,0,0,0,0,0,0,0,0,0,0,0,0,0,0,0,0,0,0,0,0,0,0,0,0,0,0,0,0,0,0,0,0,0,0,0,0,0,0,0,0,0,0,0,0,0,0,0,0,0,0,0,0,0,0,0,0,0,0,0,0,0,0
116,106. OMAN,Law,"Criminal Code

Article 108:

Whoever promotes religious and sectarian tensions or commotions, prompts the feeling of hatred, detestation, or division between the population of the State, or incites it, shall be punished by imprisonment for a period no less than (3) three years and not exceeding (10) ten years.

Whoever holds a meeting, symposium, or conference relating to the objectives stipulated in the preceding Paragraph, or knowingly participates in any of them, shall be punished by the same punishment.",0,Oman,0,0,0,0,0,0,0,0,0,0,0,0,0,0,0,0,1,0,0,0,0,0,0,0,0,0,0,0,1,0,0,0,0,0,0,0,0,0,0,0,0,0,0,0,0,0,0,0,0,0,0,0,0,0,1,0,0,0,0,0,0,0,0,0,0,0,0,0,0,0,0,0,0,0,0,0,0,0,0,1,0,0,0,0,0,0,0,0,0,0,0,0,0,0,0,0,0,0,1,0,0,0,0,0,0,0,0,0,0,0,0,0,0,0,0,0,0,0,0,0,0,0,0,0,0,0,0,0,0,0,0,0,0,0,0,0,0,0,0,0,0,0,0,0,0,0,0,0,0,0,0,0,0,0,0,0,0,0,0,0,0,0,0,0,0,0,0,0,0,0,0,0,0,0,0,0,0,0,0,0,0,0,0,0,0,0,0,0,0,0,0,0,0,0,0,0,0,0,0,0,0,0,0,0,0,0,0,0,0,0,0,0,0,0,0,0,0,0,0,0,0,0,0,0,0,0,0,0,0,0,0,0,0,0,0,0,0,0,0,0,0,0,0,0,0
117,107. PAKISTAN,Law,"Criminal Code 

Article 153(a) Promoting enmity between different groups, etc:

Whoever:

(a)	by words, either spoken or written, or by signs, or by visible representations or otherwise, promotes or incites, or attempts to promote or incite, on grounds of religion, race, place of both, residence. language, caste or community or any other ground whatsoever, disharmony or feelings of enmity, hatred or ill-will between different religious, racial, language or regional groups or castes or communities; or
(b)	commits, or incites any other person to commit, any act which is prejudicial to the maintenance of harmony between different religious, racial, language or regional groups or castes or communities or any group of persons identifiable as such on any ground whatsoever and which disturbs or is likely to disturb public tranquillity; or
(c)	organizes, or incites any other person to organize, and exercise, movement, drill or other similar activity intending that the participants in any such activity shall use or be trained to use criminal force or violence or knowing it to be likely that the participants in any such activity will use or be trained to use criminal force or violence or participates, or incites any other person to participate, in any such activity intending to use or be trained to use criminal force or violence or knowing it to be likely that the participants in any such activity will use or be trained, to use criminal force or violence, against any religious, racial, language or regional group or caste or community or any group of persons identifiable as such on any ground whatsoever and any such activity for any reason whatsoever cause or is likely to cause fear or alarm or a feeling of insecurity amongst members of such religious, racial, language or regional group or caste or community. shall be punished with imprisonment for a term which may extend to five years and with a fine.
Explanation: It does not amount to an offence within the meaning of this section to point out, without malicious intention and with an honest view to their removal, matters which are producing, or have a tendency to produce, feelings of enmity or hatred between different religious, racial, language or regional groups or castes or communities",0,Pakistan,0,0,0,0,0,0,1,0,0,0,0,0,0,0,0,0,1,0,0,0,0,1,1,0,0,0,1,0,1,0,0,0,0,0,0,0,0,0,0,0,0,0,0,0,0,0,0,0,0,0,0,0,0,0,0,0,0,0,0,0,0,0,0,0,0,0,0,0,0,0,0,0,0,0,0,0,0,0,0,0,0,0,0,0,0,0,0,0,0,1,0,0,0,0,0,0,0,0,0,0,0,0,1,0,0,0,0,0,0,0,0,0,0,0,0,0,0,0,0,0,0,0,0,0,0,0,0,0,0,0,0,0,0,0,1,0,0,0,0,0,0,0,0,0,0,0,0,0,0,0,1,0,0,1,0,0,0,0,0,0,0,0,0,0,0,0,0,0,0,0,0,0,0,0,0,0,0,0,0,0,0,1,0,0,0,0,1,0,0,0,0,0,0,0,0,0,0,0,0,0,0,1,0,0,0,0,0,0,0,0,0,0,0,0,0,0,0,0,0,0,0,0,0,0,0,0,0,0,0,0,0,0,0,0,0,0,0,0,0,0,0,1,0,0,0
118,114. POLAND,Law,"Criminal Code

Article 256:

1. Whoever publicly promotes a fascist or other totalitarian system of state or incites hatred against the background of differences in nationality, ethnic, racial, or religious affiliation or because of the lack of religious beliefs shall be subject to a fine, restriction of liberty or imprisonment of up to 2 years.

2. The same penalty shall be applied to a person who in order to disseminate produces, records or brings, acquires, holds, owns, shows, transports or transmits a printed, recorded or other item, with a content described in paragraph 1 or containing the symbols of fascist, communist or other totalitarian regimes.

3. An offence specified in paragraph 2 should be considered as non-committed if the described actions were performed in the view of artistic, educational, scientific, or collecting purpose.

4. In the event of a conviction for an offence referred to in paragraph 2, the court shall order the seizure of objects referred to in paragraph 2, even when the objects were not in the property of a perpetrator",0,Poland,0,0,0,0,0,0,0,0,0,0,0,0,0,1,0,0,1,0,0,0,0,1,0,0,0,0,1,0,1,0,0,0,0,0,0,0,0,0,0,0,0,0,0,0,0,0,0,0,0,0,0,0,0,0,0,0,0,0,0,0,0,0,0,0,0,0,0,0,0,0,0,0,0,0,0,0,0,0,0,0,0,0,0,0,0,0,0,0,0,0,0,0,0,0,0,0,0,0,0,0,0,0,0,0,0,0,0,0,0,0,0,0,0,0,0,0,0,0,0,0,0,0,0,0,0,0,0,0,0,0,0,0,0,0,0,0,0,0,0,0,0,0,0,0,0,0,0,0,0,0,0,0,0,0,0,0,0,0,0,0,0,0,0,0,0,0,0,0,0,0,0,0,0,0,0,0,0,0,0,0,0,0,0,0,0,0,0,0,0,0,0,0,0,0,0,0,0,0,0,0,0,0,0,0,0,0,0,0,0,0,0,0,0,0,0,0,0,0,0,0,0,0,0,0,0,0,0,0,0,0,0,0,0,0,0,0,0,0,0,0,0,0,0,0,0
119,115. PORTUGAL,Law,"Criminal Code

Article 240: Racial, religious or sexual discrimination

2. Whoever, in a public meeting, by writing aimed to disclose or through any media or informatics system aimed to disclose:

a) Gives rise to violence against a person or group of persons due to their race, colour, ethnic or national origin, religion, sex or sexual orientation; or

b) Defames or insults a person or group of persons due to their race, colour, ethnic or national origin, religion, sex or sexual orientation, namely though the denial of war crimes or against peace and humanity; or

c) Threatens a person or group of persons due to their race, colour, ethnic or national origin, religion, sex or sexual orientation;

with the intent to incite to racial, religious or sexual discrimination, or to encourage it, is punished with a sentence of imprisonment from six months to five years.",0,Portugal,0,0,0,0,0,0,0,1,0,0,0,0,0,1,1,0,0,0,0,1,0,1,0,0,0,0,1,0,1,1,0,0,1,0,0,0,0,0,0,0,0,0,0,0,0,0,0,0,0,0,0,0,0,0,0,0,0,0,0,0,0,0,0,0,0,0,1,0,0,0,0,0,0,1,0,0,0,0,0,0,0,0,0,0,0,0,0,1,0,0,0,0,0,0,0,0,0,0,0,0,0,0,0,0,0,0,0,0,0,0,0,0,0,0,0,0,0,0,0,0,0,0,0,0,0,0,0,0,0,0,0,0,0,0,0,0,0,0,0,0,0,0,0,0,0,0,0,0,0,0,0,0,0,0,0,0,0,0,0,0,0,0,0,0,0,0,0,0,0,0,0,0,0,0,0,0,0,0,0,0,0,0,0,0,0,0,0,0,0,0,0,0,0,0,0,0,0,0,0,0,0,0,0,0,0,0,0,1,0,0,0,0,0,0,0,0,0,0,0,0,0,0,0,0,0,0,0,0,0,0,0,0,0,0,0,0,0,0,0,0,0,1,0,0,0
120,118. ROMANIA,Law,"Criminal Code

Article 369: Incitement to hatred or discrimination

Inciting the public, by any means, hatred or discrimination against a class of persons shall be punished with imprisonment of six months to three years or a fine.

Article 77: Aggravating circumstances

h) an offence for reasons of race, nationality, ethnicity, language, religion, gender, sexual orientation, opinion or political affiliation, wealth, social origin, age, disability, noncontagious disease or HIV / AIDS or other circumstances",0,Romania,0,0,1,0,0,0,0,0,0,0,1,1,0,1,1,0,1,0,0,0,0,1,0,0,1,0,1,0,1,1,0,0,0,0,0,0,0,0,0,0,0,0,0,0,0,0,0,0,0,0,0,0,0,0,0,0,0,0,0,0,0,0,0,0,0,0,0,0,0,0,0,0,0,0,0,0,0,0,0,0,0,0,0,0,0,0,0,1,0,0,0,0,0,0,0,0,0,0,0,0,0,0,0,0,0,0,0,0,0,0,0,0,0,0,0,0,0,0,0,0,0,0,0,0,0,0,0,0,0,0,0,0,0,0,0,0,0,0,0,0,0,0,0,0,0,0,0,0,0,0,1,0,0,0,0,0,0,0,0,0,0,0,0,0,0,0,0,0,0,0,0,0,0,0,0,0,0,0,0,0,0,0,0,0,0,0,0,0,0,0,0,0,0,0,0,0,0,0,0,0,0,0,0,0,0,0,0,0,0,0,0,0,0,0,0,0,1,0,0,0,0,0,0,0,0,0,0,0,0,0,0,0,0,0,0,0,0,0,0,0,0,0,1,0,0
121,119. RUSSIAN FEDERATION,Law,"Federal Criminal Code

Article 282. Incitement of Hatred or Enmity, as Well as Abasement of Human Dignity

1. Actions aimed at the incitement of hatred or enmity, as well as abasement of dignity of a person or a group of persons on the basis of sex, race, nationality, language, origin, attitude to religion, as well as affiliation to any social group, if these acts have been committed in public or with the use of mass media, shall be punishable with a fine in the amount of 100 thousand to 300 thousand Roubles, or in the amount of a wage/salary or any other income of the convicted person for a period of one to two years, or with deprivation of the right to hold specified offices or to engage in specified activities for a term of up to three years, or with obligatory labour for a term of up to 360 hours, or with corrective labour for a term of up to one year, or with compulsory labour for a term of up to two years, or with deprivation of liberty for the same term.

2. The same deeds committed: a) with the use of violence or with the threat of its use; b) by a person through his official position; c) by an organized group, – shall be punishable with a fine in the amount of 100 thousand to 500 thousand Roubles, or in the amount of a wage/salary or any other income of the convicted person for a period of one to three years, or with deprivation of the right to hold specified offices or to engage in specified activities for a term of up to five years, or with obligatory labour for a term of up to 480 hours, or with corrective labour for a term of one to two years, or with compulsory labour for a term of up to five years, or with deprivation of liberty for the same term",0,Russian Federation,0,0,0,0,0,0,0,0,0,0,0,0,0,0,1,0,1,0,0,0,0,1,0,0,0,0,1,0,1,0,0,0,1,0,0,0,1,0,0,0,0,0,0,0,0,0,0,0,0,0,0,0,0,0,0,0,0,0,0,0,0,0,0,0,0,0,0,0,0,0,0,0,0,0,0,0,0,0,0,0,0,0,0,0,0,0,0,0,0,0,0,0,0,0,0,0,0,0,0,0,0,0,1,0,0,0,0,0,0,0,0,0,0,0,0,0,0,0,0,0,0,0,0,0,0,0,0,0,0,0,0,0,0,0,0,0,0,0,0,0,0,0,0,0,0,0,0,0,0,0,1,0,0,0,0,0,0,0,0,0,0,0,0,0,0,0,0,0,0,1,0,0,0,0,0,0,0,0,0,0,0,0,0,0,0,0,0,0,0,0,0,0,0,0,0,0,0,0,0,0,0,0,0,0,0,0,0,1,0,0,0,0,0,0,0,0,0,0,0,0,0,0,0,0,0,0,0,0,0,0,0,0,0,0,0,0,0,0,0,0,0,1,0,0,0
122,120. RWANDA,Law,"Law No.68/2018 of 30/08/2018 Determining Offences and Penalties in General

Article 164: Crime of instigating divisions A person who makes use of speech, writing, or any other act which divide people or may set them against each other or cause civil unrest on the basis of discrimination, commits an offence. A person convicted of committing one of the acts referred to under paragraph one of this Article is liable to imprisonment for a term of not less than five years but not more than seven years and a fine of not less than five hundred thousand Rwandan Francs but not more than one million Rwandan Francs",0,Rwanda,0,0,0,0,0,0,0,0,0,0,0,0,0,0,0,0,0,0,0,0,0,0,0,0,0,0,0,0,0,0,0,0,0,0,0,0,0,0,0,0,0,0,0,0,0,0,0,0,0,0,0,0,0,0,0,0,0,0,0,0,0,0,0,0,0,0,0,0,0,0,0,0,0,0,0,0,0,0,0,0,0,0,0,0,0,0,0,1,0,0,0,0,0,0,0,0,0,1,1,0,0,0,0,0,0,0,0,0,0,0,0,0,0,0,0,0,0,0,0,0,0,0,0,0,0,0,0,0,0,0,0,0,0,0,0,0,0,0,0,0,0,0,0,0,0,0,0,0,0,0,0,0,0,0,0,0,0,0,0,0,0,0,0,0,0,0,0,0,0,0,0,0,0,0,0,0,0,0,0,0,0,0,0,0,0,0,0,0,0,0,0,0,0,0,0,0,0,0,0,0,0,0,0,0,0,0,0,0,0,0,0,0,0,0,0,0,0,0,0,0,0,0,0,0,0,0,0,0,0,0,0,0,0,0,0,0,0,0,0,0,0,0,0,0,0
123,124. STATE OF PALESTINE,Law,"The Criminal Code of Jordan is applied in the West Bank:

Section 5: Crimes Harming National Unity and the Coexistence between the Nation’s Elements

Article 150: Any writing or speech aims at or results in stirring sectarian or racial prejudices or the incitement of conflict between different sects or the nation’s elements, such act shall be punished by imprisonment for no less than six months and no more than three years and a fine not to exceed five hundred Dinars.

Palestinian Press and Publications Law

Article 8 (d): states that it is incumbent on everyone who works in the press, in accordance with ethical standards, to refrain from publishing anything that might fuel violence, intolerance or hatred, or to issue calls for racism and sectarianism.

Article 37: of the Law contains a long list of prohibitions on what newspapers may publish. Among other things, it bans the publication of articles which would offend against national unity, incite others to commit crimes or sow hatred and discord among members of society.

Article 47: provides that for violations of Article 37, the competent authority for making an administrative decision has the right to order the seizure and confiscation of all of the copies of a newspaper published on a given day. The court may also order the suspension of a newspaper for a period of up to three months for such violations, in addition to any other punishment.

Information taken from secondary source (MedMedia)

Presidential Decree on the Consecration of National Unity and Prevention of Incitement

Article 1: of this Decree prohibits acts of incitement to discrimination, encouragement of violence, directing insults at different religions and inciting violence that harms relations with other countries",0,State of Palestine,0,0,0,0,0,0,0,0,0,0,0,0,0,0,0,1,1,0,0,1,0,0,0,0,0,0,1,0,1,0,0,0,0,0,0,0,0,0,0,0,0,0,0,0,0,0,0,0,0,0,0,0,0,0,0,0,0,0,0,0,0,0,0,0,0,0,0,0,0,0,0,0,0,0,0,0,0,0,0,0,0,0,0,0,0,0,0,0,0,0,0,0,0,0,0,0,0,0,0,0,0,0,0,0,0,0,0,0,0,0,0,0,0,0,0,0,0,0,0,0,0,0,0,0,0,0,0,0,0,0,0,0,0,0,0,0,0,0,0,0,0,0,0,0,0,0,0,1,0,0,0,0,0,0,0,0,0,0,0,0,0,0,0,0,0,0,0,0,0,0,0,0,0,0,0,0,0,0,0,0,0,0,0,0,0,0,1,0,0,0,0,0,0,0,0,0,0,0,0,0,0,0,0,0,0,1,0,0,0,0,0,0,0,0,0,0,0,0,0,0,0,0,0,0,0,0,0,0,0,0,0,0,0,0,0,0,0,0,0,0,0,1,0,0,0
124,129. SENEGAL,Law,"Criminal Code

Article 262: The maximum penalty of imprisonment will be six months and a fine of 500,000 Francs if the insult was directed to a group of persons due to their origin, race, or determined religion, with the purpose of arousing hatred between citizens or inhabitant",0,Senegal,0,0,0,0,0,0,0,0,0,0,0,0,0,0,0,0,1,0,0,1,0,0,0,0,0,0,1,0,1,0,0,0,0,0,0,0,0,0,0,0,0,0,0,0,0,0,0,0,0,0,0,0,0,0,0,0,0,0,0,0,0,0,0,0,0,0,0,0,0,0,0,0,0,0,0,0,0,0,0,0,0,0,0,0,0,0,0,0,0,0,0,0,0,0,0,0,0,0,0,0,0,0,0,0,0,0,0,0,0,0,0,0,0,0,0,0,0,0,0,0,0,0,0,0,0,0,0,0,0,0,0,0,0,0,0,0,0,0,0,0,0,0,0,0,0,0,0,0,0,0,0,0,0,0,0,0,0,0,0,0,0,0,0,0,0,0,0,0,0,1,0,0,0,0,0,0,0,0,0,0,0,0,0,0,0,0,0,0,0,0,0,0,0,0,0,0,1,0,0,0,0,0,0,0,0,0,0,0,0,0,0,0,0,0,0,0,0,0,0,0,0,0,0,0,0,0,0,0,0,0,0,0,0,0,0,0,0,0,0,0,0,0,0,0,0
125,130. SERBIA,Law,"Criminal Code

Article 317: Instigating national, racial and religious hatred and intolerance

(1) Whoever provokes or incites ethnic, racial or religious hatred or intolerance among the peoples or ethnic communities living in Serbia, shall be punished by imprisonment of six months to five years.

(2) If the offence referred to in paragraph 1 of this Article is committed by coercion, maltreatment, compromising of security, exposure to derision of national, ethnic or religious symbols, damage to other person’s goods, desecration of monuments, memorials or graves, the offender shall be punished by imprisonment of one to eight years.

(3) Whoever commits the offence referred to in paragraphs 1 and 2 of this Article by abuse of power or authority, or if these offences result in riots, violence or other grave consequences to the co-existence of peoples, national minorities or ethnic groups living in Serbia, shall be punished for the offence referred to in paragraph 1 of this Article by imprisonment of one to eight years, and for the offence referred to in paragraph 2 of this Article by imprisonment of two to ten years",0,Serbia,0,0,0,0,0,0,0,0,0,0,0,0,0,1,0,0,1,0,0,0,1,1,0,0,0,1,1,0,1,0,0,0,0,0,0,0,0,0,0,0,0,0,0,0,0,0,0,0,0,0,0,0,0,0,0,0,0,0,0,0,0,0,0,0,0,0,0,0,0,0,0,0,0,0,0,0,0,0,0,0,0,0,0,0,0,0,0,0,0,0,0,0,0,0,0,0,0,0,0,0,0,0,0,0,0,0,0,0,0,0,0,0,0,0,0,0,0,0,0,0,0,0,0,0,0,0,0,0,0,0,0,0,0,0,0,0,0,0,0,0,0,0,0,0,0,0,0,1,0,0,0,0,0,0,0,0,0,0,0,0,0,0,0,0,0,0,0,0,0,0,0,0,0,0,0,0,0,0,0,0,0,0,0,0,0,0,0,0,0,0,0,0,0,0,0,0,0,0,0,0,0,0,0,0,0,0,0,0,0,0,0,0,0,0,0,0,0,0,0,0,0,0,0,0,0,0,0,0,0,0,0,0,0,0,0,0,0,0,0,0,0,1,0,0,0
126,132. SIERRA LEONE,Law,"Public Order Act 1965

Article 37: ‘Seditious intention’ includes an intention –

v. to encourage or promote feelings of ill-will and hostility between different tribes or nationalities or between persons of different religious faiths in Sierra Leone;",0,Sierra Leone,0,0,0,0,0,0,0,0,0,0,0,0,0,0,0,0,0,1,0,0,0,1,0,0,0,0,0,0,1,0,0,0,0,1,0,0,0,0,0,0,0,0,0,0,0,0,0,0,0,0,0,0,0,0,0,0,0,0,0,0,0,0,0,0,0,0,0,0,0,0,0,0,0,0,0,0,0,0,0,0,0,0,0,0,0,0,0,0,0,0,0,0,0,0,0,0,0,0,0,0,0,0,0,0,0,0,0,0,0,0,0,0,0,0,0,0,0,0,0,0,0,0,0,0,0,0,0,0,0,0,0,0,0,0,1,0,0,0,0,0,0,0,0,0,0,0,0,0,0,0,0,0,0,0,0,0,0,0,0,0,0,0,0,0,0,0,0,0,0,0,0,0,0,0,0,0,0,0,0,0,0,0,0,0,0,0,0,0,0,0,0,0,0,0,0,0,0,0,0,0,0,0,0,0,0,0,0,0,0,0,0,0,0,0,0,0,0,0,0,0,0,0,0,0,0,0,0,0,0,0,0,0,0,0,0,0,0,0,0,0,0,0,0,0,0
127,133. SINGAPORE,Law,"Criminal Code

Uttering words, etc., with deliberate intent to wound the religious or racial feelings of any person.

Section 298: Whoever, with deliberate intention of wounding the religious or racial feelings of any person, utters any word or makes any sound in the hearing of that person, or makes any gesture in the sight of that person, or places any object in the sight of that person, or causes any matter however represented to be seen or heard by that person, shall be punished with imprisonment for a term which may extend to 3 years, or with a fine, or with both.

Promoting enmity between different groups on grounds of religion or race and carrying out acts prejudicial to maintenance of harmony.

Section 298A.

Whoever —

(a)                  by words, either spoken or written, or by signs or by visible representations or otherwise, knowingly promotes or attempts to promote, on grounds of religion or race, disharmony or feelings of enmity, hatred or ill-will between different religious or racial groups; or

(b)                  commits any act which he knows is prejudicial to the maintenance of harmony between different religious or racial groups and which disturbs or is likely to disturb the public tranquility,

shall be punished with imprisonment for a term which may extend to 3 years, or with a fine, or with both.",0,Singapore,0,0,0,0,0,0,0,0,0,0,0,0,0,0,0,1,0,0,0,0,0,0,0,0,0,0,1,0,1,0,0,0,0,0,0,0,0,0,0,0,0,0,0,0,0,0,0,0,0,0,0,0,0,0,0,0,0,0,0,0,0,0,0,0,0,0,0,0,0,0,0,0,0,0,0,0,0,0,0,0,0,0,0,0,0,0,0,0,0,0,0,0,0,0,0,0,0,0,0,0,0,0,1,0,0,0,0,0,0,0,0,0,0,0,0,0,0,0,0,0,0,0,0,0,0,0,0,0,0,0,0,0,0,0,0,0,0,0,0,0,0,0,0,0,0,0,0,0,0,0,0,0,0,0,0,0,0,0,0,0,0,0,0,0,0,0,0,0,0,0,0,0,0,0,0,0,0,0,0,0,0,0,0,0,0,0,1,0,0,0,0,0,0,0,0,0,0,0,0,0,0,0,0,0,0,0,0,0,0,0,0,0,0,0,0,0,0,0,0,0,0,0,0,0,0,0,0,0,0,0,0,0,0,0,0,0,0,0,0,0,0,0,0,0,1
128,134. SLOVAKIA,Law,"Constitution

Article 63: Prohibition of Incitement to Discrimination and Intolerance and Prohibition of Incitement to Violence and War

Any incitement to national, racial, religious, or other discrimination, and the inflaming of national, racial, religious, or other hatred and intolerance are unconstitutional.

Criminal Code

Article 297: Public Incitement to Hatred, Violence or Intolerance Article 297

(1) Whoever publicly provokes or stirs up ethnic, racial, religious or other hatred, strife or intolerance, or provokes any other inequality on the basis of physical or mental deficiencies or sexual orientation, shall be punished by imprisonment of up to two years.

(2) The same sentence shall be imposed on a person who publicly disseminates ideas on the supremacy of one race over another, or provides aid in any manner for racist activity or denies, diminishes the significance of, approves, disregards, makes fun of, or advocates genocide, holocaust, crimes against humanity, war crime, aggression, or other criminal offences against humanity.

(3) If the offence under preceding paragraphs has been committed by publication in mass media, the editor or the person acting as the editor shall be sentenced to the punishment, by imposing the punishment referred to in paragraphs 1 or 2 of this Article, except if it was a live broadcast and he was not able to prevent the actions referred to in the preceding paragraphs.

(4) If the offence under paragraphs 1 or 2 of this Article has been committed by coercion, maltreatment, endangering of security, desecration of national, ethnic or religious symbols, damaging the movable property of another, desecration of monuments or memorial stones or graves, the perpetrator shall be punished by imprisonment of up to three years.

(5) If the acts under paragraphs 1 or 2 of this Article have been committed by an official by abusing their official position or rights, he shall be punished by imprisonment of up to five years.

(6) Material and objects bearing messages from paragraph 1 of this Article, and all devices intended for their manufacture, multiplication and distribution, shall be confiscated, or their use disabled in an appropriate manner.

The Protection against Discrimination Act 2016

Article 7: Other forms of discrimination

Discrimination shall also include:

-incitement to discrimination

Article 10 (Inciting discrimination)

(1) Inciting discrimination is any incitement of other persons to carry out actions the result of which is, was or could be discrimination as per the provisions of this Act. Prohibited severe conduct particularly includes delivering or disseminating racist, religious, national and sexually discriminatory appeals, inducing, abetting or inciting hatred and discrimination, and broader public haranguing which promotes discrimination.

(2) The public justification for neglecting or despising persons or groups of people due to personal circumstances under Article 1 of this Act is also prohibited as discrimination, including justifying ideas of the supremacy or superiority of a person or a group of people with certain characteristics which arise from the aforementioned personal circumstances and which are supposedly superior to those who are not part of such group.",0,Slovakia,0,0,0,0,0,0,0,0,0,0,1,0,0,1,1,0,1,0,0,0,0,1,0,0,0,1,1,0,1,1,0,0,0,0,0,0,0,0,0,0,0,0,0,0,0,0,0,0,0,0,0,0,0,0,0,0,0,0,0,0,0,0,0,0,0,0,0,0,0,0,0,0,0,0,0,0,0,0,0,0,0,0,0,0,0,0,0,1,0,0,0,0,0,0,0,0,0,0,0,0,0,0,0,0,0,0,0,0,0,0,0,0,0,0,0,0,0,0,0,0,0,0,0,0,0,0,0,0,0,0,0,0,0,0,0,0,0,0,0,0,0,0,0,0,0,0,0,1,0,0,0,0,0,0,0,0,0,0,0,0,0,0,0,0,0,0,0,0,0,0,0,0,0,0,0,0,0,0,0,0,0,0,0,0,0,0,0,0,0,0,0,0,0,0,0,0,0,0,0,0,0,0,0,0,0,0,0,0,0,0,0,0,0,0,0,0,0,0,0,0,0,0,0,0,1,1,0,0,0,0,0,0,0,0,0,0,0,0,0,0,0,1,0,0,0
129,137. SOMALIA,Law,"Criminal Code

Article 451: Insult

1. Whoever offends the honour or dignity of a person by words or act in presence, or by writing or drawing or by telephonic or telegraphic communications to that person, shall be punished on the complaint of the injured party, with imprisonment of up to one year or with a fine of up to SOS 1,000.

2. The punishment will be increased up to double:

c) where the insult is also directed to the nationality, ethnic community or family to which the injured party belongs;

3. The prosecution of the offence shall be initiated by the State where any of the circumstances referred to in letter (c) or (d) of the preceding paragraph is present.",0,Somalia,0,0,0,0,0,0,0,0,0,0,0,0,0,1,0,0,0,0,0,1,0,1,1,0,0,0,0,0,0,0,0,0,0,0,0,0,0,0,0,0,0,0,0,0,0,0,0,0,0,0,0,0,0,0,0,0,0,0,0,0,0,0,0,0,0,0,0,0,0,0,0,0,0,0,0,0,0,0,0,0,0,0,0,0,0,0,0,0,0,0,0,0,0,0,0,0,0,0,0,0,0,0,0,0,0,0,0,0,0,1,0,0,0,0,0,0,0,0,0,0,0,0,0,0,0,0,0,0,0,0,0,0,0,0,0,0,0,0,0,0,0,0,0,0,0,0,0,0,0,0,0,0,0,0,0,0,0,0,0,0,0,0,0,0,0,0,0,0,0,0,0,0,0,0,0,0,0,0,0,0,0,0,0,0,0,0,0,0,0,0,0,0,0,0,0,0,0,0,0,0,0,0,0,0,0,0,0,0,0,0,0,0,0,0,0,0,0,0,0,0,0,0,0,0,0,0,0,0,0,0,0,0,0,0,0,0,0,0,0,0,0,0,0,0,0
130,138. SOUTH AFRICA,Law,"Article16:

(1) Everyone has the right to freedom of expression, which includes— (a) freedom of the press and other media; (b) freedom to receive or impart information or ideas; (c) freedom of artistic creativity; and (d) academic freedom and freedom of scientific research.

(2) The right in subsection (1) does not extend to—

propaganda for war;
incitement of imminent violence; or
advocacy of hatred that is based on race, ethnicity, gender or religion, and that constitutes incitement to cause harm",0,South Africa,0,0,0,0,0,0,0,0,0,0,0,0,0,1,1,1,1,0,0,0,0,0,0,0,0,1,1,0,1,0,0,0,0,0,0,0,0,0,0,0,0,0,0,0,0,0,0,0,0,0,0,0,0,0,0,0,0,0,0,0,0,0,0,0,0,0,0,0,0,0,0,0,0,0,0,0,0,0,0,0,0,0,0,0,0,0,0,0,0,0,0,0,0,0,0,0,0,0,0,0,0,0,0,0,0,0,0,0,0,0,0,0,0,0,0,0,0,0,0,0,0,0,0,0,0,0,0,0,0,0,0,0,0,0,0,0,0,0,0,0,0,0,0,0,0,0,0,0,0,0,0,0,0,0,0,0,0,0,0,0,0,0,0,0,0,0,0,0,0,0,0,0,0,0,0,0,0,0,0,0,0,0,0,0,0,0,0,0,0,1,0,0,0,0,0,0,0,0,0,0,0,0,0,0,0,0,0,0,0,0,0,0,0,0,0,0,0,0,0,0,0,0,0,0,0,0,0,0,0,0,0,0,0,0,0,0,0,0,0,0,0,1,0,0,0
131,139. SOUTH SUDAN,Law,"Media Authority Act 2013

Section 5. Interpretation

“Hate Speech” means any speech made publicly to advocate racial, ethnic or religious hatred or incitement to hostility, xenophobia or violence towards a target group;

Section 29: Hate Speech and Incitement to Violence

(1) It shall be an offense to publish, broadcast or otherwise disseminate statements that threaten, insult, ridicule or otherwise abuse a person or group with language that is intended to, and does or may provably incite others to commit acts of violence or to discriminate against that person or group, or is published, broadcast or otherwise disseminated in reckless disregard of the probability that it may incite such violence or discrimination.

(2) In all cases, a nexus must be established between the words and an actual or probable act of violence or discrimination. Language that is merely offensive or insulting may not be subjected to liability under this Section. Language that is followed by an act of violence or discrimination that was not intended or could not reasonably have been foreseen shall not be the basis of liability under this Section.

(3) Complaints of such offensive language shall be made to the Press and Broadcast Council, which shall investigate the merits of the complaint and attempt to resolve the matter through mediation and negotiation.

(4) If the Council finds merit to the complaint but is unable to negotiate a resolution acceptable to both parties, the Council shall refer the case to the Board of the Authority, which may dismiss the claim or hear it and reach a resolution.

(5) Sanctions for a finding of liability under this Section may include: (a) The requirement to publish or broadcast a correction, apology or both. (b) Compensation for actual damages. (c) A punitive fine. (d) A warning; (e) Suspension of the broadcast licence; (f) Denial of entry into premises; (g) Seizure of equipment; (h) Closedown of broadcasting operations; or (i) Termination of the broadcast licence. (j) In the case of print publications found to have violated this section with intent or reckless disregard, where the damage is serious, the publication may be ordered to cease publication and all equipment may be seized.

(6) In serious cases, where malicious intent or recklessness is shown and damage is serious, a prison term of up to five years may be imposed by a competent court. Malice may be defined in this section as intent to arouse hatred or discrimination because of religious, ethnic, gender or other reason recognized as discriminatory.",0,South Sudan,0,1,0,0,0,0,0,0,0,0,0,0,0,1,1,0,1,1,0,1,0,0,0,0,0,1,1,0,1,0,0,0,1,0,0,1,0,0,0,0,0,0,0,0,0,0,0,0,0,0,0,0,0,0,0,0,0,0,0,0,0,0,0,0,0,0,0,0,0,0,0,0,0,0,0,0,0,0,0,0,0,0,0,0,0,0,1,1,0,0,0,0,0,0,0,0,0,0,0,0,0,0,0,0,0,0,0,0,0,0,0,0,0,0,0,0,0,0,0,0,0,0,0,0,0,0,0,0,0,0,0,0,0,0,0,0,0,0,0,0,0,0,0,0,0,0,0,0,0,0,0,0,0,1,0,0,0,0,0,0,0,0,0,0,0,0,0,0,0,0,0,0,0,0,0,0,0,0,0,0,0,0,0,0,0,0,0,0,0,0,0,0,0,0,0,0,0,0,0,0,0,0,0,1,0,0,0,0,0,0,0,0,0,0,0,0,0,0,0,0,0,0,0,0,0,0,0,0,0,0,0,0,0,0,0,0,0,0,0,0,0,1,0,0,0
132,140. SPAIN,Law,"Criminal Code

Article 510:

1.A prison sentence of one to four years and a fine payable for six to twelve months handed to:

a) Those who publicly encourage, promote or incite directly or indirectly to hatred, hostility, discrimination or violence against a group, a part of it or against a person determined by reason of their membership, for racist, anti-Semitic reasons or others referring to the ideology, religion or beliefs, family situation, the belonging of their members of an ethnicity, race or nation, their national origin, their sex, orientation or identity sexual, for reasons of gender, illness or disability. b) Those who produce, elaborate, possess for the purpose of distributing, provide third parties people to access, distribute, disseminate or sell writings or any other kind of material or supports that, due to their content, are suitable to encourage, promote, or incite directly or indirectly to hatred, hostility, discrimination or violence against a group, a part of it, or against a person determined by reason of belonging to it, for racist, anti-Semitic or other reasons referring to ideology, religion or beliefs, situation family, the belonging of its members to an ethnic group, race or nation, their national origin, their sex, sexual orientation or identity, based on gender, illness or disability.

2. A prison sentence of six months to two years and a fine which is payable for six to twelve months handed to:

a) Those who harm the dignity of persons through actions that involve humiliation, disparagement or discrediting of any of the groups referred to in the section above, or a part of them, or of any person determined by reason of their membership of them for racist, anti-Semitic or other reasons related to ideology, religion or beliefs, family situation, the belonging of its members to an ethnic group, race or nation, their national origin, your sex, sexual orientation or identity, based on gender, illness or disability, or produce, produce, possess for the purpose of distributing, facilitating third parties access, distribute, disseminate or sell writings or any other kind of material or supports that, due to their content, are suitable to damage the dignity of the people for representing a serious humiliation, contempt or discredit of any of the groups mentioned, a part of them, or any person determined by reason of their belonging to them.

b) Those who praise or justify by any means of public expression or dissemination of crimes that had been committed against a group, a part of it, or against a person determined by reason of belonging to that person for racist reasons, anti-Semitic or other related to ideology, religion or beliefs, family situation, membership of its members to an ethnic group, race or nation, their national origin, their sex, sexual orientation or identity, for reasons of gender, illness or disability, or to those who participated in its execution.

The acts will be punished with a penalty of one to four years in prison and a fine of six to twelve months when in this way a climate of violence is promoted or favored, hostility, hatred or discrimination against the aforementioned groups.

3. The penalties provided for in the preceding paragraphs will be imposed in the upper half

when the events had been carried out through a social communication medium, through the internet or through the use of information technologies, so that, that was made accessible to a large number of people.

4. When the facts, in view of their circumstances, are suitable to alter the public peace or create a serious sense of insecurity or fear among members of the group, the penalty will be imposed in its upper half, which may be raised to the upper half in degree.

5. In all cases, the penalty of special disqualification will also be imposed for educational profession or trade, in the field of teaching, sports and leisure time, for a time between three and ten years longer than the duration of the sentence of deprivation of liberty imposed in his case in the sentence, proportionally attending to the seriousness of the crime, the number of the committed and the circumstances that concur in the offender.

6. The judge or court will agree to the destruction, erasure or uselessness of the books, files, documents, articles and any kind of support object of the crime referred to in the previous sections or through which it was committed. When the crime is committed through information and communication technologies, there will be withdrawal of the contents. In cases in which the content is exclusively or predominantly disseminated through an internet access portal or service of the information society, the blocking of access or the interruption of the provision of access occurs.",0,Spain,0,0,0,0,0,0,0,0,0,0,1,1,0,1,1,1,1,1,0,0,0,1,0,0,1,0,1,0,1,1,0,0,0,0,0,0,0,0,0,1,0,0,0,0,0,1,0,0,0,0,0,0,0,0,0,0,0,0,0,0,0,0,0,0,0,0,0,0,0,0,0,0,0,0,0,0,0,0,0,0,0,0,0,0,0,1,0,1,0,0,0,0,1,0,0,0,0,0,0,0,0,0,0,0,0,0,0,0,0,0,1,0,0,0,0,0,0,0,0,0,0,0,0,0,0,0,0,0,0,1,1,0,0,1,0,0,0,0,0,0,0,0,0,0,0,0,0,0,0,0,0,0,0,0,0,0,0,0,0,0,0,0,0,0,0,0,0,0,0,0,0,0,0,0,0,0,0,0,0,0,0,0,0,0,0,0,0,0,0,0,0,0,0,0,0,0,0,0,0,0,0,0,0,0,0,0,0,1,0,0,0,0,0,0,0,0,0,0,0,0,0,0,0,0,0,0,0,0,0,0,0,0,0,0,0,0,0,0,0,0,0,1,0,0,0
133,141. SRI LANKA,Law,"International Covenant on Civil and Political Rights Act, No. 56 of 2007

Recitals:

3 (1) No person shall propagate war or advocate national, racial or religious hatred that constitutes incitement to discrimination, hostility or violence.",0,Sri Lanka,0,0,0,0,0,0,0,0,0,0,0,0,0,0,0,0,0,1,0,0,0,1,0,0,0,1,1,0,1,0,0,0,0,0,0,0,0,0,0,0,0,0,0,0,0,0,0,0,0,0,0,0,0,0,0,0,0,0,0,0,0,0,0,0,0,0,0,0,0,0,0,0,0,0,0,0,0,0,0,0,0,0,0,0,0,0,0,1,0,0,0,0,0,0,0,0,0,0,0,0,0,0,0,0,0,0,0,0,0,0,0,0,0,0,0,0,0,0,0,0,0,0,0,0,0,0,0,0,0,0,0,0,0,0,0,0,0,0,0,0,0,0,0,0,0,0,0,0,0,0,0,0,0,0,0,0,0,0,0,0,0,0,0,0,0,0,0,0,0,0,0,0,0,0,0,0,0,0,0,0,0,0,0,0,0,0,0,0,0,1,0,0,0,0,0,0,0,0,0,0,0,0,0,0,0,0,0,0,0,0,0,0,0,0,0,0,0,0,0,0,0,0,0,0,0,0,0,0,0,0,0,0,0,0,0,0,0,0,0,0,0,1,0,0,0
134,143. SWEDEN,Law,"Criminal Code

Chapter 16, Section 8 of the Penal Code:

A person who, in a statement or other communication that is disseminated, threatens or expresses contempt for a population group by allusion to race, colour, national or ethnic origin, religious belief, sexual orientation or transgender identity or expression is guilty of agitation against a population group and is sentenced to imprisonment for at most two years or, if the offence is minor, to a fine.",0,Sweden,0,0,0,0,0,0,0,1,0,0,0,0,0,1,1,0,0,0,0,0,0,1,0,0,0,0,1,0,1,1,0,0,1,0,0,0,0,0,0,0,0,0,0,0,0,0,0,0,0,0,0,0,0,0,0,0,0,1,0,0,0,0,0,0,0,0,0,0,0,0,0,0,0,0,0,0,0,0,0,0,0,0,0,0,0,0,0,0,0,0,0,0,0,0,0,0,0,0,0,0,0,0,0,0,0,0,0,0,0,0,0,0,0,0,0,0,0,0,0,0,0,0,0,0,0,0,0,0,0,0,0,0,0,0,0,0,0,0,0,0,0,0,0,0,0,0,0,0,0,0,0,0,0,0,0,0,0,0,0,0,0,0,0,0,0,0,0,0,0,0,0,0,0,0,0,0,0,0,0,0,0,0,0,0,0,0,0,0,0,0,0,0,0,0,0,0,0,0,0,0,0,0,0,0,0,0,0,0,0,0,0,0,0,0,0,0,0,0,0,0,0,0,0,0,0,0,0,0,0,0,0,0,0,0,0,0,0,0,0,0,0,0,0,0,0
135,144. SWITZERLAND,Law,"Criminal Code

Art. 261bis: Discrimination and incitement to hatred

Any person who publicly incites hatred or discrimination against a person or a group of persons on the grounds of their race, ethnic origin, religion or sexual orientation,

any person who publicly disseminates ideologies that have as their object the systematic denigration or defamation of that person or group of persons,

any person who with the same objective organises, encourages or participates in propaganda campaigns,

any person who publicly denigrates or discriminates against another or a group of persons on the grounds of their race, ethnic origin, religion or sexual orientation in a manner that violates human dignity, whether verbally, in writing or pictorially, by using gestures, through acts of aggression or by other means, or any person who on any of these grounds denies, trivialises or seeks justification for genocide or other crimes against humanity,

any person who refuses to provide a service to another on the grounds of that person’s race, ethnic origin, religion or sexual orientation when that service is intended to be provided to the general public, is liable to a custodial sentence not exceeding three years or to a monetary penalty",0,Switzerland,0,0,0,0,0,0,0,0,0,0,0,0,0,1,0,0,1,0,0,0,0,0,0,0,0,0,1,0,1,1,0,0,0,0,1,0,0,0,0,0,0,0,0,0,0,0,0,0,0,0,0,0,0,0,0,0,0,0,0,0,0,0,0,0,0,0,1,0,0,0,0,0,0,0,0,1,0,0,0,0,0,0,0,0,0,0,0,1,0,0,0,0,0,0,0,0,0,0,0,0,0,0,0,0,0,0,0,0,0,0,0,0,0,0,0,0,0,0,0,0,0,0,0,0,0,0,0,0,0,0,0,0,0,0,0,0,0,0,0,0,0,0,0,0,0,0,0,0,0,0,0,0,0,0,0,0,0,0,0,0,0,0,0,0,0,0,0,0,0,0,0,0,0,0,0,0,0,0,0,0,0,0,0,0,0,0,0,0,0,1,0,0,0,0,0,0,0,0,0,0,0,0,0,0,0,0,0,0,0,0,0,0,0,0,0,0,0,0,0,0,0,0,0,0,0,0,0,0,0,0,0,0,0,0,0,0,0,0,0,0,0,0,0,0,0
136,145. SYRIAN ARAB REPUBLIC,Law,"Criminal Code

Article 306: Any act, piece of writing or speech that is intended to or results in stirring sectarian or racial strife or inciting conflict between sects and the various elements of the nation shall be punished by imprisonment of six months to two years and a fine of one hundred to two hundred Syrian pounds, as well as with prohibition from exercising the rights mentioned in the second and fourth paragraphs of Article 65.

Article 65: Every person sentenced to imprisonment or house arrest in misdemeanor cases is deprived throughout the execution of his sentence from exercising the following civil rights:
A:The right to assume public employment and services.
B: The right to assume jobs and services in managing the affairs of the civil sect or managing the union to which he belongs.
C: The right to be a voter or elected in all state councils.
D: The right to be a voter or elected in all sects and trade union organizations.
E: The right to wear Syrian or foreign medals",0,Syrian Arab Republic,0,0,0,0,0,0,0,0,0,0,0,0,0,0,0,0,0,0,0,0,0,0,0,0,0,0,1,0,0,0,0,0,0,0,0,0,0,0,0,0,0,0,0,0,0,0,0,0,0,0,0,0,0,0,0,1,0,0,0,0,0,0,0,0,0,0,0,0,0,0,0,0,0,0,0,0,0,0,0,0,0,0,0,0,0,0,0,0,0,0,0,0,0,0,0,0,0,0,0,0,0,0,0,0,0,0,0,0,0,0,0,0,0,0,0,0,0,0,0,0,0,0,0,0,0,0,0,0,0,0,0,0,0,0,0,0,0,0,0,0,0,0,0,0,0,0,0,0,0,0,0,0,0,0,0,0,0,0,0,0,0,0,0,0,0,0,0,0,0,0,0,0,0,0,0,0,0,0,0,0,0,0,0,0,0,0,0,0,0,0,0,0,0,0,0,0,0,0,0,0,0,0,0,0,1,0,0,0,0,0,0,0,0,0,0,0,0,0,0,0,0,0,0,0,0,0,0,0,0,0,0,0,0,0,0,0,0,0,0,0,0,0,0,0,0
137,146. TAJIKISTAN,Law,"Criminal Code

Article 189: Arousing National, Racial, Local or Religious Hostility

(1) Actions, which lead to arousing national, racial, local or religious hostility, or dissension, humiliating national dignity, as well as propaganda of the exclusiveness of citizens by a sign of their relation to religion, national, racial, or local origin, if these actions were committed in public or using means of mass media, are punishable by up to 5 years of restriction of liberty or imprisonment for the same period of time.

(2) The same actions, if committed:

a) repeatedly;

b) using violence or threat of its using;

c) using an official position;

d) by a group of individuals or group of individuals in a conspiracy,

are punishable by imprisonment for a period of 5 to 10 years simultaneously with deprivation of the right to hold certain positions or to be involved in a certain activity of 2 to 5 years or without it.

(3) The actions, specified in paragraphs 1 and 2 of the present Article, if they were:

a) committed by an organized group;

b) caused carelessly death of a human or other serious consequences;

c) caused forcible expulsion of a citizen from his permanent place of residence;

d) committed by a dangerous or an especially dangerous recidivist,

are punishable by imprisonment for a period of 8 to 12 years simultaneously with deprivation of the right to hold certain positions or to be involved in a certain activity for up to 5 years or without it.",0,Tajikistan,0,0,0,0,0,0,0,0,0,0,0,0,0,0,0,0,0,1,0,0,0,1,0,0,0,0,1,0,1,0,0,0,1,0,0,0,0,0,0,0,0,0,0,0,0,0,0,0,0,0,0,0,0,0,0,0,0,0,0,0,0,0,0,0,0,0,0,0,0,0,0,0,0,0,0,0,0,0,0,0,0,0,0,0,0,0,0,0,0,0,0,0,0,0,0,0,0,0,0,0,0,0,0,0,0,0,0,0,0,0,0,0,0,0,0,0,0,0,0,0,0,0,0,0,0,0,0,0,0,1,0,0,0,0,0,0,0,0,0,0,0,0,0,0,0,0,0,0,0,0,0,0,0,0,0,0,0,0,0,0,0,0,0,0,0,0,0,0,0,0,0,0,0,0,0,0,0,0,0,0,0,0,0,0,0,0,0,0,0,1,0,0,0,0,0,0,0,0,0,0,0,0,0,0,0,0,0,0,0,0,0,0,0,0,0,0,0,0,0,0,0,0,0,0,0,0,0,0,0,0,0,0,0,0,0,0,0,0,0,0,0,1,0,0,0
138,147. TANZANIA,Law,"The Electronic and Postal Communications (Online Content) Regulations 2020

Preliminary Provisions

2. These Regulations shall apply to online content service providers, internet service providers, application services licensees, online content users and any other related online content.

“content” means information in form of speech or other sound, data, text or images whether still or moving except where transmitted in private communications;

“hate speech” means any portrayal in words, speech, pictures, etc., which denigrates, defames or otherwise devalues a person or group on the basis of race, ethnicity, religion or disability;

4. Licence Requirement

(1) A person shall not provide online content services without obtaining a licence from the Authority.

5. General Provisions

Article 16:

1) A person shall not publish any prohibited content as set out in the Third Schedule.

(2) A person shall not render, possess or distribute technology, program, application or any other related thing that allows or helps users to have access to prohibited content.

Article 20:

(1) A person may file a complaint to an online content service provider in relation to any matter connected with prohibited content and the licensee shall, within twelve hours, resolve the complaint.

(2) Where the online content provider fails to resolve the complaint within the time specified, the aggrieved person may, within thirty days from the date of filing the complaint, refer the complaint to the Authority. G.N No. 203 of 2018.

(3) The Authority shall handle a complaint referred to it pursuant to subregulation (2) in accordance with the Content Committee Procedures Rules.

(4) A person aggrieved by the decision of the Authority may appeal to the Fair Competition Tribunal. Penalties 21 (1) A person who contravenes the provisions of these Regulations commits an offence and shall, upon conviction, where no specific punishment has been provided, be liable to a fine of not less than five million shillings or to imprisonment for a term of not less than twelve months or both. (2) Where a breach under these Regulations is committed by a licensee, the Authority may subject the licensee to the Content Committee. (3) Upon determination, and pursuant to sub-regulation (2), the Content Committee may take one or more of the following actions: (a) issue a warning to the licensee; (b) require the licensee to issue an apology to the public and the victim of complained content; (c) order removal of the content; or (d) impose a fine in accordance with the Act.

Third Schedule: Prohibited Content

3(a) (m) content that promotes or favours what would raise sedition, hatred or racism or sectarianism or harming of national unity or social peace or disturb the public order or public morals;

7(c) (c) content that would constitute any form of discrimination and provoke hate speech or inciting tribal or religious prejudices with intent to incite hatred between individuals and groups;",0,Tanzania,0,0,0,0,0,0,0,0,0,0,1,0,0,1,0,0,1,0,0,0,0,0,0,0,0,0,1,0,1,0,0,0,0,1,0,0,0,0,0,0,0,0,0,0,0,0,0,0,0,0,0,0,0,0,0,0,0,0,0,0,0,0,0,0,0,0,1,0,1,0,0,0,0,0,1,0,0,0,0,0,1,0,0,0,0,0,0,1,0,0,0,0,0,0,0,0,0,0,0,0,0,0,0,0,0,0,0,0,0,0,0,0,0,0,0,0,0,0,0,0,0,0,0,0,0,0,0,0,0,0,0,0,0,0,0,0,0,0,0,0,0,0,0,0,0,0,0,0,0,0,0,0,0,0,0,0,0,0,0,0,0,0,0,0,0,0,0,0,0,0,0,0,0,0,0,0,0,0,0,0,0,0,0,0,0,0,1,0,0,0,0,0,0,0,0,0,0,0,0,0,0,0,0,0,0,0,0,0,0,0,0,0,0,0,0,0,0,0,0,0,0,0,0,0,0,0,0,0,0,0,0,0,0,0,0,0,0,0,0,0,0,0,0,0,0
139,149. TIMOR-LESTE,Law,"Criminal Code

Section 135:

1. Any person who establishes or constitutes an organization or develops activities of organized propaganda inciting or encouraging religious or racial discrimination, hatred or violence, or takes part in the organization or carrying out of the activities referred to in the previous paragraph, or provides assistance thereto, including funding, is punishable with 4 to 12 years’ imprisonment.

2. Any person who, at a public meeting, through written medium destined for dissemination or in the media, provokes acts of violence against a person or group of people on grounds of race, colour, ethnic origin or religion, with the intent to incite or encourage racial or religious discrimination, is punishable with 2 to 8 years’ imprisonment.",0,Timor-leste,0,0,0,0,0,0,0,1,0,0,0,0,0,1,0,0,1,0,0,0,0,0,0,0,0,0,1,0,1,0,0,0,0,0,0,0,0,0,0,0,0,0,0,0,0,0,0,0,0,0,0,0,0,0,0,0,0,0,0,0,0,0,0,0,0,0,0,0,0,0,0,0,0,0,0,0,0,0,0,0,0,0,0,0,0,0,0,1,0,0,0,0,0,0,0,0,0,0,0,0,0,0,0,0,0,0,0,0,0,0,0,0,0,0,0,0,0,0,0,0,0,0,0,0,0,0,0,0,0,0,0,0,0,0,0,0,0,0,0,0,0,0,0,0,0,0,0,0,0,0,0,0,0,0,0,0,0,0,0,0,0,0,0,0,0,0,0,0,0,0,0,0,0,0,0,0,0,0,0,0,0,0,0,0,0,0,0,0,0,1,0,0,0,0,0,0,0,0,0,0,0,0,0,0,0,0,0,0,0,0,0,0,0,0,0,0,0,0,0,0,0,0,0,0,0,0,0,0,0,0,0,0,0,0,0,0,0,0,0,0,0,1,0,0,0
140,150. TOGO,Law,"Criminal Code

Article 58: Whoever publicly, by any means of communication that is likely to prejudice the honour and reputation of a person, shall be punished by a fine of 10 000 to 100 000 Francs.

Article 59: Anyone who, publicly or in writing, makes a wickedly gross insult can be punished by a fine of 2 000 to 30 000 Francs. If the injury involves a term of contempt relating to the ethnicity, religion or nationality of the victim, the fine will be doubled and will include penal labour of ten to thirty days.",0,Togo,0,0,0,0,0,0,0,0,0,0,0,0,0,1,0,0,0,0,0,1,0,1,0,0,0,0,0,0,1,0,0,0,0,0,0,0,0,0,0,0,0,0,0,0,0,0,0,0,0,0,0,0,0,0,0,0,0,1,0,0,0,0,0,0,0,0,0,0,0,0,0,0,0,0,0,0,0,0,0,0,0,0,0,0,0,0,0,0,0,0,0,0,0,0,0,0,0,0,0,0,0,0,0,0,0,0,0,0,0,0,0,0,0,0,0,0,0,0,0,0,0,0,0,0,0,0,0,0,0,0,0,0,0,0,0,0,0,0,0,0,0,0,0,0,0,0,0,0,0,0,0,0,0,0,0,0,0,0,0,0,0,0,0,0,0,0,0,0,0,0,0,0,0,0,0,0,0,0,0,0,0,0,0,0,0,0,1,0,0,0,0,0,0,0,0,0,0,0,0,0,0,0,0,0,0,0,0,0,0,0,0,0,0,0,0,0,0,0,0,0,0,0,0,0,0,0,0,0,0,0,0,0,0,0,0,0,0,0,0,0,0,0,0,0,0
141,152. TRINIDAD AND TOBAGO,Law,"Sedition Act 1920

Article 3:

(1) A seditious intention is an intention

(a) to bring into hatred or contempt, or to excite disaffection against Government or the Constitution as by law established or the House of Representatives or the Senate or the administration of justice;

(b) to excite any person to attempt, otherwise than by lawful means, to procure the alteration of any matter in the State by law established;

(c) to raise discontent or disaffection amongst inhabitants of Trinidad and Tobago;

(d) to engender or promote— (i) feelings of ill-will or hostility between one or more sections of the community on the one hand and any other section or sections of the community on the other hand; or (ii) feelings of ill-will towards, hostility to or contempt for any class of inhabitants of Trinidad and Tobago distinguished by race, colour, religion, profession, calling or employment; or

(e) to advocate or promote, with intent to destroy in whole or in part any identifiable group, the commission of any of the following acts, namely: (i) killing members of the group; or (ii) deliberately inflicting on the group conditions of life calculated to bring about its physical destruction.

Article 7:

(1) Where on the application of the Director of Public Prosecutions it is shown to the satisfaction of the Court that the issue or circulation of a seditious publication is or, if commenced or continued, would be likely to lead to unlawful violence, or appears to have the object of promoting feelings of hostility between different classes or races of the community, the Court shall make an order (in this Act called a “prohibition order”) prohibiting the issue and circulation of that publication (in this Act called a “prohibited publication”) and requiring every person having any copy of the prohibited publication in his possession, power, or control forthwith to deliver every such copy into the custody of the Police.",0,Trinidad and Tobago,0,0,0,0,0,0,0,1,0,0,0,0,0,0,1,0,1,1,0,0,0,0,0,0,0,0,1,0,1,0,0,0,0,0,0,0,0,0,0,0,0,0,0,0,0,0,0,0,0,0,0,0,0,1,0,0,0,1,0,0,0,0,0,0,0,0,0,0,0,0,0,0,0,0,0,0,0,0,0,0,0,0,0,0,0,0,0,0,0,0,0,0,0,0,0,0,0,0,0,0,0,1,0,0,0,0,0,0,0,0,0,0,0,0,0,0,0,0,0,0,0,0,0,0,0,0,0,0,0,0,0,0,0,0,1,0,0,0,0,0,0,0,0,0,0,0,0,0,0,0,0,0,0,0,0,0,0,0,0,0,0,0,0,0,0,0,0,0,0,0,0,0,0,0,0,0,0,0,0,0,0,0,0,0,0,0,0,0,1,0,0,0,0,0,0,0,0,0,0,0,0,0,0,0,0,0,0,0,0,0,0,0,0,0,0,0,0,0,0,0,0,0,0,0,0,0,0,0,0,0,0,0,0,0,0,0,0,0,0,0,0,1,0,0,0
142,153. TUNISIA,Law,"Tunisian Anti-Terrorism and the Prevention of Money Laundering Act 2017

Article 14(8) provides that it is a crime for anyone to accuse someone else of not being a believer or to promote hatred between races, religions or creeds.

The Tunisian Criminal Code provides for the penalties for the above:

imprisonment of between one to five years and a fine of five to ten thousand Dinars. The penalty increases to up to twenty years’ imprisonment and a fine of one hundred thousand Dinars if the acts lead to physical damage.

Basic Law on Elections 2014

Article 52 includes a set of principles governing election campaigns, including not to call for hate, violence, intolerance and discrimination.

Article 56 prohibits any electoral propaganda that includes a call to hatred, violence, intolerance or discrimination.

Article 195 provides that the punishment for violation of these rules is imprisonment of six months to one year.

The Press and Publication Law provides for imprisonment of up to three years and a fine of one to two thousand Dinars for anyone who calls directly for hatred between races, religions or ethnic groups, incitement to discrimination, the use of aggressive means, or dissemination of ideas based on racial discrimination",0,Tunisia,0,0,0,0,0,0,0,0,0,0,0,0,0,1,0,0,1,0,0,0,0,0,0,0,0,0,1,0,1,0,0,0,0,0,0,0,0,0,0,0,0,0,0,0,0,0,0,0,0,0,0,0,0,0,0,0,0,0,0,1,0,0,0,0,0,0,0,0,0,0,0,0,0,0,0,0,0,0,0,0,0,0,0,0,0,0,0,1,0,0,0,0,0,0,0,0,0,0,0,0,0,0,0,0,0,0,0,0,0,0,0,0,0,0,0,0,0,0,0,0,0,0,0,0,0,0,0,0,0,0,0,0,0,0,0,0,0,0,0,0,0,0,0,0,0,0,0,1,0,0,0,0,0,0,0,0,0,0,0,0,0,0,0,0,0,0,0,0,0,0,0,0,0,0,0,0,0,0,0,0,0,0,0,0,0,0,0,0,0,0,0,0,0,0,0,0,0,0,0,0,0,0,0,0,0,0,0,0,0,0,0,0,0,0,0,0,0,0,0,0,0,0,0,0,0,0,0,0,0,0,0,0,0,0,0,0,0,0,0,0,0,1,0,0,0
143,154. TURKEY,Law,"Criminal Code:

Article 216: Provoking people to be rancorous and hostile

(1) Any person who openly provokes a group of people belonging to a different social class, religion, race, sect, or coming from another origin, to be rancorous or hostile against another group, is punished with imprisonment of one year to three years in case such act causes risk from the aspect of public safety.

(2) Any person who openly humiliates another person just because he belongs to a different social class, religion, race, sect, or comes from another origin, is punished with imprisonment of six months to one year.",0,Turkey,0,0,0,0,0,0,0,0,0,0,0,0,0,0,0,0,0,1,0,0,0,1,0,0,0,1,1,1,1,0,0,0,0,0,0,0,0,0,0,0,0,0,0,0,0,0,0,0,0,0,0,0,0,1,0,0,0,0,0,0,0,0,0,0,0,0,0,0,0,0,0,0,0,0,0,0,0,0,0,0,0,0,0,0,0,0,0,0,0,0,0,0,0,0,0,0,0,0,0,0,0,0,0,0,0,0,0,0,0,0,0,0,0,0,0,0,0,0,0,0,0,0,0,0,0,0,0,0,0,1,0,0,0,0,0,0,0,0,0,0,0,0,0,0,0,0,0,0,0,0,0,0,0,0,0,0,0,0,0,0,0,0,0,0,0,0,0,0,0,1,0,0,0,0,0,0,0,0,0,0,0,0,0,0,0,0,0,0,0,0,0,0,0,0,0,0,0,0,0,0,0,0,0,0,1,0,0,0,0,0,0,0,1,0,0,0,0,0,0,0,0,0,0,0,0,0,0,0,0,0,0,0,0,0,0,0,0,0,0,0,0,0,0,0,0
144,155. TURKMENISTAN,Law,"Criminal Code

Article 177: Incitement of social, ethnic or religious hatred

(1) Intentional acts aimed at inciting social, national, ethnic, racial or religious enmity or discord, humiliation of ethnic dignity, as well as propaganda exclusivity or inferiority of citizens on the basis of their attitudes towards religion, social, national, ethnic or racial

characteristics, are punished with a fine ranging from twenty to forty average monthly

wages or imprisonment of up to three years.

(2) The same acts committed using the mass media are punished with a fine of twenty-five to fifty average monthly wages or imprisonment for a period of two to four years.

(3) The acts provided for in the first and second part of this article committed with the use of physical violence or with the threat of its use, as well as those committed by an organized group, are punished with imprisonment of three to eight years.",0,Turkmenistan,0,0,0,0,0,0,0,0,0,0,0,0,0,1,0,0,1,0,0,0,0,1,0,0,0,0,1,0,1,0,0,0,0,0,0,0,0,0,0,0,0,0,0,0,0,0,0,0,0,0,0,0,0,0,0,0,0,0,0,0,0,0,0,0,0,0,0,0,0,0,0,0,0,0,0,0,0,0,0,0,0,0,0,0,1,0,0,0,0,0,0,0,0,0,0,0,0,0,0,0,0,0,1,0,0,0,0,0,0,0,0,0,0,0,0,0,0,0,0,0,0,0,0,0,0,0,0,0,0,1,0,0,0,0,0,0,0,0,0,0,0,0,0,0,0,0,0,0,0,0,0,0,0,0,0,0,0,0,0,0,0,0,0,0,0,0,0,0,0,0,0,0,0,0,0,0,0,0,0,0,0,0,0,0,0,0,0,0,0,1,0,0,0,0,0,0,0,0,0,0,0,0,0,0,0,0,0,0,0,0,0,1,0,0,1,0,0,0,0,0,0,0,0,0,0,0,0,0,0,0,0,0,0,0,0,0,0,0,0,0,0,0,0,0,0
145,157. UGANDA,Law,"Criminal Code

Article 41. Promoting sectarianism:

(1) A person who prints, publishes, makes or utters any statement or does any act which is likely to degrade, revile or expose to hatred or contempt; create alienation or despondency of; raise discontent or disaffection among; or promote, in any other way, feelings of ill will or hostility among or against any group or body of persons on account of religion, tribe or ethnic or regional origin commits an offence and is liable on conviction to imprisonment for a term not exceeding five years. (2) It shall be a defence to a charge under subsection (1) if the statement was printed, published, made or uttered, or the act was done with a view to exposing, discouraging or eliminating matters which promote or have a tendency to promote sectarianism. (3) Sections 42, 43 and 44 shall apply to a charge under subsection (1).",0,Uganda,0,0,0,0,0,0,0,0,0,0,0,0,0,1,0,0,1,1,0,0,0,0,0,0,0,0,0,0,1,0,0,0,0,1,0,0,0,0,0,0,0,0,0,0,0,0,0,0,0,0,0,0,0,0,0,0,0,1,1,0,0,0,0,0,0,0,0,0,0,0,1,0,0,0,0,0,0,0,0,0,0,0,0,1,0,0,0,0,0,0,0,0,0,0,0,0,0,0,0,0,0,0,0,0,0,0,0,0,0,0,0,0,0,0,0,0,0,0,0,0,0,0,0,0,0,0,0,0,0,0,0,0,0,0,1,0,0,0,0,0,0,0,0,0,0,0,0,0,0,0,0,0,0,0,0,0,0,0,0,0,0,0,0,0,0,0,0,0,0,0,0,0,0,0,0,0,0,0,0,0,0,0,0,0,0,0,0,0,0,0,0,0,0,0,0,0,0,1,0,0,0,0,0,0,0,1,0,0,0,0,0,0,0,0,0,0,0,0,0,0,0,0,0,0,0,0,0,0,0,0,0,0,0,0,0,0,0,0,0,0,0,0,0,0,0
146,158. UKRAINE,Law,"Criminal Code

Article 161: Violation of citizens’ equality based on their race, nationality or religious preferences

1. Wilful actions inciting national, racial or religious enmity and hatred, humiliation of national honour and dignity, or the insult of citizens’ feelings in respect to their religious convictions, and also any direct or indirect restriction of rights, or granting direct or indirect privileges to citizens based on race, colour of skin, political, religious and other convictions, sex, ethnic and social origin, property status, place of residence, linguistic or other characteristics, shall be punishable by a fine of up to 50 tax-free minimum incomes, or correctional labour for a term up to two years, or restraint of liberty for a term of up to five years, with or without the deprivation of the right to occupy certain positions or engage in certain activities for a term up to three years.

2. The same actions accompanied with violence, deception or threats, and also committed by an official, shall be punishable by correctional labour for a term up to two years, or imprisonment for a term up to five years.

3. Any such actions as provided for by paragraph 1 or 2 of this Article, if committed by an organized group of persons, or where they caused death of people or other grave consequences, shall be punishable by imprisonment for a term of two to five years.",0,Ukraine,0,0,0,0,0,0,0,1,0,0,0,0,0,1,1,0,1,0,0,1,1,1,0,0,1,0,1,0,1,0,0,0,1,0,1,0,0,0,0,0,0,0,0,0,0,0,0,0,0,0,0,0,0,0,0,0,0,0,0,0,0,0,0,0,0,1,0,0,0,0,0,0,0,0,0,0,0,0,0,0,0,0,0,0,0,0,0,0,0,0,0,0,0,0,0,0,0,0,0,0,0,0,1,0,0,0,0,0,0,0,0,0,0,0,0,0,0,0,0,0,0,0,0,0,0,0,0,0,0,1,0,0,0,0,0,0,0,0,0,1,0,0,0,0,0,0,0,0,0,0,1,0,0,0,0,0,0,0,0,0,0,0,0,0,0,0,0,0,0,0,0,0,0,0,0,0,0,0,0,0,0,0,0,1,0,0,0,0,0,0,0,0,1,0,0,0,0,0,0,0,0,0,0,0,0,0,0,1,0,0,0,1,0,0,0,0,1,1,0,0,0,0,0,0,0,0,0,0,0,0,0,0,0,0,0,0,0,0,0,1,0,1,0,0,0
147,159. UNITED ARAB EMIRATES,Law,"Federal Decree Law No.2 of 2015

Article 7: Any person, who commits any act involving hate speech by any means of expression or by any other means, shall be sentenced to imprisonment for a period of not less than five years and to a fine of not less than five hundred thousand Dirhams and not exceeding one million dirhams or either one of these two penalties.",0,United Arab Emirates,0,0,0,0,0,0,0,0,0,0,0,0,0,0,0,0,0,0,0,0,0,0,0,0,0,0,0,0,0,0,0,0,0,0,0,0,0,0,0,0,0,0,0,0,0,0,0,0,0,0,0,0,0,0,0,0,0,0,0,0,0,0,0,0,0,0,0,0,0,0,0,0,0,0,0,0,0,0,0,0,0,0,0,0,0,0,0,0,0,0,0,0,0,0,0,0,0,0,0,0,0,0,0,0,0,0,0,0,0,0,0,0,0,0,0,0,0,0,0,0,0,0,0,0,0,0,0,0,0,0,0,0,0,0,0,0,0,0,0,0,0,0,0,0,0,0,0,0,0,0,0,0,0,0,0,0,0,0,0,0,0,0,0,0,0,0,0,0,0,0,0,0,0,0,0,0,0,0,0,0,0,0,0,0,0,0,0,0,0,0,0,0,0,0,0,0,0,0,0,0,0,0,0,0,0,0,0,0,0,0,0,0,0,0,0,0,0,0,0,0,0,0,0,0,0,0,0,0,0,0,0,0,0,0,0,0,0,0,0,0,0,0,0,0,0
148,160. UNITED KINGDOM OF GREAT BRITAIN AND NORTHERN IRELAND,Law,"Public Order Act 1986

Part III Racial Hatred

Acts intended or likely to stir up racial hatred

Section 18 Use of words or behaviour or display of written material.

(1) A person who uses threatening, abusive or insulting words or behaviour, or displays any written material which is threatening, abusive or insulting, is guilty of an offence if—

(a)he intends thereby to stir up racial hatred, or

(b)having regard to all the circumstances racial hatred is likely to be stirred up thereby.

(2) An offence under this section may be committed in a public or a private place, except that no offence is committed where the words or behaviour are used, or the written material is displayed, by a person inside a dwelling and are not heard or seen except by other persons in that or another dwelling.

(4) In proceedings for an offence under this section it is a defence for the accused to prove that he was inside a dwelling and had no reason to believe that the words or behaviour used, or the written material displayed, would be heard or seen by a person outside that or any other dwelling.

(5) A person who is not shown to have intended to stir up racial hatred is not guilty of an offence under this section if he did not intend his words or behaviour, or the written material, to be, and was not aware that it might be, threatening, abusive or insulting.

(6) This section does not apply to words or behaviour used, or written material displayed, solely for the purpose of being included in a programme [included in a programme service].

Section 19 Publishing or distributing written material.

(1)A person who publishes or distributes written material which is threatening, abusive or insulting is guilty of an offence if—

(a)he intends thereby to stir up racial hatred, or

(b)having regard to all the circumstances racial hatred is likely to be stirred up thereby.

(2) In proceedings for an offence under this section it is a defence for an accused who is not shown to have intended to stir up racial hatred to prove that he was not aware of the content of the material and did not suspect, and had no reason to suspect, that it was threatening, abusive or insulting.

(3) References in this Part to the publication or distribution of written material are to its publication or distribution to the public or a section of the public.

Section 20 Public performance of play.

(1) If a public performance of a play is given which involves the use of threatening, abusive or insulting words or behaviour, any person who presents or directs the performance is guilty of an offence if—

(a)he intends thereby to stir up racial hatred, or

(b)having regard to all the circumstances (and, in particular, taking the performance as a whole) racial hatred is likely to be stirred up thereby.

(2) If a person presenting or directing the performance is not shown to have intended to stir up racial hatred, it is a defence for him to prove—

(a) that he did not know and had no reason to suspect that the performance would involve the use of the offending words or behaviour, or

(b) that he did not know and had no reason to suspect that the offending words or behaviour were threatening, abusive or insulting, or

(c) that he did not know and had no reason to suspect that the circumstances in which the performance would be given would be such that racial hatred would be likely to be stirred up.

(3) This section does not apply to a performance given solely or primarily for one or more of the following purposes—

(a) rehearsal,

(b) making a recording of the performance, or

(c) enabling the performance to be [included in a programme service];

but if it is proved that the performance was attended by persons other than those directly connected with the giving of the performance or the doing in relation to it of the things mentioned in paragraph (b) or (c), the performance shall, unless the contrary is shown, be taken not to have been given solely or primarily for the purposes mentioned above.

(4) For the purposes of this section—

(a)a person shall not be treated as presenting a performance of a play by reason only of his taking part in it as a performer,

(b) a person taking part as a performer in a performance directed by another shall be treated as a person who directed the performance if without reasonable excuse he performs otherwise than in accordance with that person’s direction, and

(c) a person shall be taken to have directed a performance of a play given under his direction notwithstanding that he was not present during the performance;

and a person shall not be treated as aiding or abetting the commission of an offence under this section by reason only of his taking part in a performance as a performer.

(5) In this section “play” and “public performance” have the same meaning as in the Theatres Act 1968.

(6) The following provisions of the Theatres Act 1968 apply in relation to an offence under this section as they apply to an offence under section 2 of that Act—

section 9 (script as evidence of what was performed),
section 10 (power to make copies of script),
section 15 (powers of entry and inspection).
Section 21 Distributing, showing or playing a recording.

(1) A person who distributes, or shows or plays, a recording of visual images or sounds which are threatening, abusive or insulting is guilty of an offence if—

(a) he intends thereby to stir up racial hatred, or

(b) having regard to all the circumstances racial hatred is likely to be stirred up thereby.

(2) In this Part “recording” means any record from which visual images or sounds may, by any means, be reproduced; and references to the distribution, showing or playing of a recording are to its distribution, showing or playing of a recording are to its distribution, showing or playing to the public or a section of the public.

(3) In proceedings for an offence under this section it is a defence for an accused who is not shown to have intended to stir up racial hatred to prove that he was not aware of the content of the recording and did not suspect, and had no reason to suspect, that it was threatening, abusive or insulting.

(4) This section does not apply to the showing or playing of a recording solely for the purpose of enabling the recording to be included in a programme service.

Section 22 Broadcasting or including programme in cable programme service.

(1) If a programme involving threatening, abusive or insulting visual images or sounds is included in a programme service], each of the persons mentioned in subsection (2) is guilty of an offence if—

(a)he intends thereby to stir up racial hatred, or

(b)having regard to all the circumstances racial hatred is likely to be stirred up thereby.

(2) The persons are—

(a)the person providing the programme service,

(b)any person by whom the programme is produced or directed, and

(c)any person by whom offending words or behaviour are used.

(3) If the person providing the service, or a person by whom the programme was produced or directed, is not shown to have intended to stir up racial hatred, it is a defence for him to prove that—

(a)he did not know and had no reason to suspect that the programme would involve the offending material, and

(b)having regard to the circumstances in which the programme was [included in a programme service], it was not reasonably practicable for him to secure the removal of the material.

(4) It is a defence for a person by whom the programme was produced or directed who is not shown to have intended to stir up racial hatred to prove that he did not know and had no reason to suspect—

(a)that the programme would be [included in a programme service], or

(b)that the circumstances in which the programme would be so included would be such that racial hatred would be likely to be stirred up.

(5) It is a defence for a person by whom offending words or behaviour were used and who is not shown to have intended to stir up racial hatred to prove that he did not know and had no reason to suspect—

(a)that a programme involving the use of the offending material would be [included in a programme service], or

(b)that the circumstances in which a programme involving the use of the offending material would be so included, or in which a programme . . . so included would involve the use of the offending material, would be such that racial hatred would be likely to be stirred up.

(6) A person who is not shown to have intended to stir up racial hatred is not guilty of an offence under this section if he did not know, and had no reason to suspect, that the offending material was threatening, abusive or insulting.

Racially inflammatory material

Section 23 Possession of racially inflammatory material.

(1) A person who has in his possession written material which is threatening, abusive or insulting, or a recording of visual images or sounds which are threatening, abusive or insulting, with a view to—

(a)in the case of written material, its being displayed, published, distributed, [or included in a cable programme service], whether by himself or another, or

(b)in the case of a recording, its being distributed, shown, played, [or included in a cable programme service], whether by himself or another,

is guilty of an offence if he intends racial hatred to be stirred up thereby or, having regard to all the circumstances, racial hatred is likely to be stirred up thereby.

(2) For this purpose regard shall be had to such display, publication, distribution, showing, playing, [or inclusion in a programme service] as he has, or it may reasonably be inferred that he has, in view.

(3) In proceedings for an offence under this section it is a defence for an accused who is not shown to have intended to stir up racial hatred to prove that he was not aware of the content of the written material or recording and did not suspect, and had no reason to suspect, that it was threatening, abusive or insulting.

Part 3A Hatred against persons on religious grounds

Acts intended to stir up religious hatred

Section 29B: Use of words or behaviour or display of written material

(1) A person who uses threatening words or behaviour, or displays any written material which is threatening, is guilty of an offence if he intends thereby to stir up religious hatred.

(2) An offence under this section may be committed in a public or a private place, except that no offence is committed where the words or behaviour are used, or the written material is displayed, by a person inside a dwelling and are not heard or seen except by other persons in that or another dwelling.

(3) A constable may arrest without warrant anyone he reasonably suspects is committing an offence under this section.

(4) In proceedings for an offence under this section it is a defence for the accused to prove that he was inside a dwelling and had no reason to believe that the words or behaviour used, or the written material displayed, would be heard or seen by a person outside that or any other dwelling.

(5) This section does not apply to words or behaviour used, or written material displayed, solely for the purpose of being included in a programme service.

29C Publishing or distributing written material

(1) A person who publishes or distributes written material which is threatening is guilty of an offence if he intends thereby to stir up religious hatred.

(2) References in this Part to the publication or distribution of written material are to its publication or distribution to the public or a section of the public.

Section 29D: Public performance of play

(1) If a public performance of a play is given which involves the use of threatening words or behaviour, any person who presents or directs the performance is guilty of an offence if he intends thereby to stir up religious hatred.

(2) This section does not apply to a performance given solely or primarily for one or more of the following purposes—

(a)rehearsal,

(b)making a recording of the performance, or

(c)enabling the performance to be included in a programme service;

but if it is proved that the performance was attended by persons other than those directly connected with the giving of the performance or the doing in relation to it of the things mentioned in paragraph (b) or (c), the performance shall, unless the contrary is shown, be taken not to have been given solely or primarily for the purpose mentioned above.

(3) For the purposes of this section—

(a)a person shall not be treated as presenting a performance of a play by reason only of his taking part in it as a performer,

(b)a person taking part as a performer in a performance directed by another shall be treated as a person who directed the performance if without reasonable excuse he performs otherwise than in accordance with that person’s direction, and

(c)a person shall be taken to have directed a performance of a play given under his direction notwithstanding that he was not present during the performance;

and a person shall not be treated as aiding or abetting the commission of an offence under this section by reason only of his taking part in a performance as a performer.

(4) In this section “play” and “public performance” have the same meaning as in the Theatres Act 1968.

(5) The following provisions of the Theatres Act 1968 apply in relation to an offence under this section as they apply to an offence under section 2 of that Act—

section 9 (script as evidence of what was performed),
section 10 (power to make copies of script),
section 15 (powers of entry and inspection).
Section 29E Distributing, showing or playing a recording

(1) A person who distributes, or shows or plays, a recording of visual images or sounds which are threatening is guilty of an offence if he intends thereby to stir up religious hatred.

(2) In this Part “recording” means any record from which visual images or sounds may, by any means, be reproduced; and references to the distribution, showing or playing of a recording are to its distribution, showing or playing to the public or a section of the public.

(3) This section does not apply to the showing or playing of a recording solely for the purpose of enabling the recording to be included in a programme service.

Section 29F Broadcasting or including programme in programme service

(1) If a programme involving threatening visual images or sounds is included in a programme service, each of the persons mentioned in subsection (2) is guilty of an offence if he intends thereby to stir up religious hatred.

(2) The persons are—

(a)the person providing the programme service,

(b)any person by whom the programme is produced or directed, and

(c)any person by whom offending words or behaviour are used.

Inflammatory material

Section 29G Possession of inflammatory material

(1) A person who has in his possession written material which is threatening, or a recording of visual images or sounds which are threatening, with a view to—

(a)in the case of written material, its being displayed, published, distributed, or included in a programme service whether by himself or another, or

(b)in the case of a recording, its being distributed, shown, played, or included in a programme service, whether by himself or another,

is guilty of an offence if he intends religious hatred to be stirred up thereby.

(2) For this purpose regard shall be had to such display, publication, distribution, showing, playing, or inclusion in a programme service as he has, or it may reasonably be inferred that he has, in view.

Section 29H: Powers of entry and search

(1) If in England and Wales a justice of the peace is satisfied by information on oath laid by a constable that there are reasonable grounds for suspecting that a person has possession of written material or a recording in contravention of section 29G, the justice may issue a warrant under his hand authorising any constable to enter and search the premises where it is suspected the material or recording is situated.

(2) If in Scotland a sheriff or justice of the peace is satisfied by evidence on oath that there are reasonable grounds for suspecting that a person has possession of written material or a recording in contravention of section 29G, the sheriff or justice may issue a warrant authorising any constable to enter and search the premises where it is suspected the material or recording is situated.

(3) A constable entering or searching premises in pursuance of a warrant issued under this section may use reasonable force if necessary.

(4) In this section “premises” means any place and, in particular, includes—

(a)any vehicle, vessel, aircraft or hovercraft,

(b)any offshore installation as defined in section 12 of the Mineral Workings (Offshore Installations) Act 1971, and

(c)any tent or movable structure.

Section 29I: Power to order forfeiture

(1) A court by or before which a person is convicted of—

(a)an offence under section 29B relating to the display of written material, or

(b)an offence under section 29C, 29E or 29G,

shall order to be forfeited any written material or recording produced to the court and shown to its satisfaction to be written material or a recording to which the offence relates.

(2) An order made under this section shall not take effect—

(a)in the case of an order made in proceedings in England and Wales, until the expiry of the ordinary time within which an appeal may be instituted or, where an appeal is duly instituted, until it is finally decided or abandoned;

(b)in the case of an order made in proceedings in Scotland, until the expiration of the time within which, by virtue of any statute, an appeal may be instituted or, where such an appeal is duly instituted, until the appeal is finally decided or abandoned.

(3) For the purposes of subsection (2)(a)—

(a)an application for a case stated or for leave to appeal shall be treated as the institution of an appeal, and

(b)where a decision on appeal is subject to a further appeal, the appeal is not finally determined until the expiry of the ordinary time within which a further appeal may be instituted or, where a further appeal is duly instituted, until the further appeal is finally decided or abandoned.

(4) For the purposes of subsection (2)(b) the lodging of an application for a stated case or note of appeal against sentence shall be treated as the institution of an appeal.

Section 29J Protection of freedom of expression

Nothing in this Part shall be read or given effect in a way which prohibits or restricts discussion, criticism or expressions of antipathy, dislike, ridicule, insult or abuse of particular religions or the beliefs or practices of their adherents, or of any other belief system or the beliefs or practices of its adherents, or proselytising or urging adherents of a different religion or belief system to cease practising their religion or belief system.",0,United Kingdom ,0,1,0,0,0,0,0,0,0,0,0,0,0,0,0,0,1,0,0,1,0,0,1,0,0,0,1,0,1,0,0,0,1,0,0,0,0,0,0,0,0,0,0,0,0,1,0,0,0,0,0,0,0,0,0,0,0,0,0,0,0,0,0,0,0,0,0,0,0,0,0,0,0,0,0,0,0,0,0,0,0,0,0,0,0,0,0,0,0,0,0,0,0,0,0,0,0,0,0,0,0,0,0,0,0,0,0,0,0,0,0,0,0,0,0,0,0,0,0,0,0,0,0,0,0,0,0,0,0,0,0,0,0,0,0,0,0,0,0,0,0,1,0,0,0,0,0,0,0,0,0,0,0,0,0,0,0,0,0,0,0,0,0,0,0,0,0,0,0,0,0,0,0,0,0,0,0,0,0,0,0,0,0,0,0,0,0,0,0,0,0,0,0,0,0,0,0,0,0,0,0,0,0,0,0,0,0,0,0,0,0,0,0,0,0,0,0,0,0,0,0,0,0,0,0,0,0,0,0,0,0,0,0,0,0,0,0,0,0,0,0,0,0,0,0
149,162. URUGUAY,Law,"Criminal Code

Article 149bis: Incitement to hatred, contempt or violence towards certain people:

Anyone who publicly, or by any means suitable for its public diffusion, incites hatred, contempt, or any form of moral or physical violence against one or more people because of the colour of their skin, race, religion, national or ethnic origin, sexual orientation or sexual identity, will be punished with three to eighteen months’ imprisonment.",0,Uruguay,0,0,0,0,0,0,0,1,0,0,0,0,0,1,1,0,1,0,0,0,0,1,0,0,0,0,1,0,1,1,0,0,0,0,0,0,0,0,0,0,0,0,0,0,0,0,0,0,0,0,0,0,0,0,0,0,0,1,0,0,0,0,0,0,0,0,0,0,0,0,0,0,0,0,0,0,0,0,0,0,0,0,0,0,0,0,0,0,0,0,0,0,0,0,0,0,0,0,0,0,0,0,0,0,0,0,0,0,0,0,0,0,0,0,0,0,0,0,0,0,0,0,0,0,0,0,0,0,0,0,0,0,0,0,0,0,0,0,0,0,0,0,0,0,0,0,0,0,0,0,0,0,0,0,0,0,0,0,0,0,0,0,0,0,0,0,0,0,0,0,0,0,0,0,0,0,0,0,0,0,0,0,0,0,0,0,0,0,0,0,0,0,0,0,0,0,0,0,0,0,0,0,0,0,0,0,0,0,0,0,0,0,0,0,0,0,0,0,0,0,0,0,0,0,0,0,0,0,0,0,0,0,0,0,0,0,0,0,0,0,0,1,0,0,0
150,163. UZBEKISTAN,Law,"Criminal Code

Article 156. Incitement of Ethnic, Racial or Religious Hatred

Intentional acts, humiliating ethnic honor and dignity and insulting religious or atheistic feelings of individuals, carried out with the purpose of incitement of hatred, intolerance, or division on a national, ethnic, racial, or religious basis, as well as explicit or implicit setting limitation of rights or preferences on the basis of national, racial, or ethnic origin, or religious beliefs –

shall be punished with imprisonment up to five years.

The same actions committed:

a) in a way dangerous to lives of other persons;

b) with infliction of serious bodily injuries;

c) with forced eviction of individuals from the places of their permanent residence;

d) by an authorized official;

e) by previous concert or by a group of individuals –

shall be punished with imprisonment from five to ten years.",0,Uzbekistan,0,0,0,0,0,0,0,0,0,0,0,0,0,1,0,0,1,0,0,1,0,1,0,0,0,0,1,0,1,0,0,0,0,0,0,0,0,0,0,0,0,0,0,0,0,0,0,0,0,0,0,0,0,0,0,0,0,0,0,0,0,0,0,0,0,0,0,0,0,0,0,0,0,0,0,0,0,0,0,0,0,0,0,0,0,0,0,0,0,0,0,0,0,0,0,0,0,0,1,0,0,0,0,0,0,0,0,0,0,0,0,0,0,0,0,0,0,0,0,0,0,0,0,0,0,0,0,0,0,1,0,0,0,0,0,0,0,0,0,0,0,0,0,0,0,0,0,1,0,0,0,0,0,0,0,0,0,0,0,0,0,0,0,0,0,0,0,0,0,0,0,0,0,0,0,0,0,0,0,0,0,0,0,0,0,0,0,0,0,0,0,0,0,0,0,0,0,0,0,0,0,0,0,0,0,0,0,0,0,0,0,0,0,0,0,0,0,0,0,0,0,0,0,0,0,0,0,0,0,0,0,0,0,0,0,0,0,0,0,0,0,0,0,0,0
151,165. VENEZEULA,Law,"The Constitutional Law against Hatred for Peaceful Coexistence

Prohibition of war propaganda and messages of intolerance and hatred

Article 13: All propaganda and messages in favour of war and all advocacy of hatred on the grounds of nationality, race, ethnicity, religion, political or social origin, ideology, gender, sexual orientation, gender identity, gender expression and any other hatred constitutes incitement to discrimination, intolerance or violence is prohibited.

The State shall guarantee compliance with this provision as a priority in the service providers of radio, television, by subscription and printed, public, private and community media, as well as in electronic media.

Article 14: Responsibility of Social Networks

The dissemination of messages through social networks and electronic media that promote war or incite hatred on the grounds of nationality, race, ethnicity, religion, political or social origin, ideology, gender, sexual orientation, gender identity, gender expression and on any other grounds that constitute incitement to discrimination, intolerance or violence is prohibited. The legal entities that administer social networks and electronic media are obliged to comply strictly with the provisions of this article and will adopt the appropriate measures to prevent the dissemination of these messages. To this end, they must immediately withdraw from its dissemination any propaganda or message that contravenes it.",0,Venezuela,0,0,0,0,0,0,0,0,0,0,0,0,0,1,1,0,1,0,0,0,0,1,0,0,1,0,1,0,1,1,0,0,0,0,0,0,0,0,0,0,0,0,0,0,0,0,0,0,0,0,0,0,0,0,0,0,0,0,0,0,0,0,0,0,0,0,0,0,0,0,0,0,0,0,0,0,0,0,0,0,0,0,0,0,0,0,0,1,0,0,0,0,0,0,0,0,0,0,0,0,0,0,0,0,0,0,0,0,0,0,0,0,0,0,0,0,0,0,0,0,0,0,0,0,0,0,0,0,0,0,0,0,0,1,0,0,0,0,0,0,0,0,0,0,0,0,0,1,0,0,0,0,0,0,0,0,0,0,0,0,0,0,0,0,0,0,0,0,0,0,0,0,0,0,0,0,0,0,0,0,0,0,0,0,0,0,0,0,0,1,0,0,0,0,0,0,0,0,0,0,0,0,0,0,0,0,0,0,0,0,0,1,0,0,0,0,0,0,0,0,0,0,0,0,0,0,0,0,0,0,0,0,0,0,0,0,0,0,0,0,0,1,0,0,0
152,166. VIETNAM,Law,"Law on Cybersecurity 2018

Prevention of and Dealing with an Infringement of Cybersecurity

Article 16: Prevention of and dealing with information in cyberspace with contents being propaganda against the Socialist Republic of Vietnam; information contents which incite riots, disrupt security or cause public disorder; which cause embarrassment or are slanderous; or which violate economic management order

1. Information in cyberspace with contents being propaganda against the Socialist Republic of Vietnam comprises:

(b) Psychological warfare, inciting an invasive war; causing division or hatred between [Vietnamese] ethnic groups, religions and people of all countries;",0,Vietnam,0,0,0,0,0,0,0,0,0,0,0,0,0,1,0,0,1,0,0,0,0,1,0,0,0,0,0,0,1,0,0,0,0,0,0,0,0,0,0,0,0,0,0,0,0,0,0,0,0,0,0,0,0,0,0,0,0,0,0,0,0,0,0,0,0,0,0,0,0,0,0,0,0,0,0,0,0,0,0,0,0,0,0,0,0,0,0,0,0,0,0,0,0,0,0,0,0,0,1,0,0,0,0,0,0,0,0,0,0,0,0,0,0,0,0,0,0,0,0,0,0,0,0,0,0,0,0,0,0,0,0,0,0,0,0,0,0,0,0,0,0,0,0,0,0,0,0,0,0,0,0,0,0,0,0,0,0,0,0,0,0,0,0,0,0,0,0,0,0,0,0,0,0,0,0,0,0,0,0,0,0,0,0,0,0,0,0,0,0,1,0,0,0,0,0,0,0,0,0,0,0,0,0,0,0,0,0,0,0,0,0,0,0,0,0,0,0,0,0,0,0,0,0,0,0,0,0,0,0,0,0,0,0,0,0,0,0,0,0,0,0,0,0,0,0
153,169. ZIMBABWE,Law,"Constitution

Article 61:

Freedom of expression and freedom of the media exclude

Incitement to violence
Advocacy of hatred or hate
Criminal Code

Article 42: Causing offence to persons of a particular race, religion, etc.

(1) In this section— “creed or religion” means any system of beliefs associated with practices of worship that is adhered to by any significant body of persons in Zimbabwe or any other country; “film”, “picture”, “publication”, “record” and “statue” have the meanings assigned to those terms by section 2 of the Censorship and Entertainments Control Act [Chapter 10:04]; “publicly”, in relation to making a statement, means— (a) making the statement in a public place or any place to which the public or any section of the public have access; (b) publishing it in any printed or electronic medium for reception by the public; “statement” includes any act, gesture or form of expression, whether verbal, written or visual, but does not include any film, picture, publication, statue or record that is of a bona fide literary or artistic character.

(2) Any person who publicly makes any insulting or otherwise grossly provocative statement that causes offence to persons of a particular race, tribe, place of origin, colour, creed or religion, intending to cause such offence or realising there is a real risk or possibility of doing so, shall be guilty of causing offence to persons of a particular race, tribe, place of origin, colour, creed or religion, as the case may be, and liable to a fine not exceeding level six or imprisonment for a period not exceeding one year or both

Article 37: Participating in gathering with intent to promote public violence, breaches of the peace or bigotry

(1) Any person who—

(a) acts together with one or more other persons present with him or her in any place or at any meeting with the intention or realising that there is a real risk or possibility of forcibly –

(i) disturbing the peace, security, utters any words or distributes or displays any writing, sign or other visible representation— (i) with the intention to engender, promote or expose to hatred, contempt or ridicule any group, section or class of persons in Zimbabwe solely on account of the race, tribe, nationality, place of origin, national or ethnic origin, colour, religion or gender of such group, section or class of persons; or (ii) realising that there is a risk or possibility that such behaviour might have an effect referred to in subparagraph (i); shall be guilty of participating in a gathering with intent to promote public violence, a breach of the peace or bigotry, as the case may be, and be liable to a fine not exceeding level ten or imprisonment for a period not exceeding five years or both.

(2) The crime of participating in a gathering with intent to promote public violence, a breach of the peace or bigotry is committed whether the action constituting it is spontaneous or planned in advance, and whether the place or meeting where it occurred is public or private.

(3) For the avoidance of doubt it is declared that where a person would be liable for contravening— (a) paragraph (a) or (b); or (b) paragraph (c); of subsection (1), but for the fact that the person acted alone in a public place, the competent charge is disorderly conduct in a public place or causing offence to persons of a particular race, tribe, place of origin, colour, creed or religion, as the case may be, and not a contravention of a provision referred to in paragraph (a) or (b)",0,Zimabwe,0,0,0,0,0,1,0,1,0,0,0,0,0,1,1,0,1,0,0,1,0,1,1,0,0,1,1,0,1,0,0,0,0,1,0,0,0,0,0,0,0,0,0,0,0,0,0,0,0,0,0,0,0,1,0,0,0,1,0,1,0,0,0,0,0,0,0,0,0,0,0,0,0,0,0,0,0,0,0,0,0,0,0,0,0,0,0,0,0,0,0,0,0,0,0,1,0,0,0,0,0,0,0,0,0,0,0,0,0,0,0,0,0,0,0,0,0,0,0,0,0,0,0,0,0,0,0,0,0,0,0,0,0,0,0,0,0,0,0,0,0,0,0,0,0,0,0,0,0,0,0,0,0,0,0,0,0,0,0,0,0,0,0,0,0,0,0,0,0,1,0,0,0,0,0,0,0,0,0,0,0,0,0,0,0,0,0,0,0,0,0,0,0,0,0,0,0,0,0,0,0,0,0,0,0,0,0,0,0,0,0,0,0,0,0,0,0,0,0,0,0,0,0,0,0,0,0,0,0,0,0,0,0,0,0,0,0,0,0,0,0,1,0,0,0
154,https://www.merriam-webster.com/,Dictionary,speech expressing hatred of a particular group of people,0,English,0,0,0,0,0,0,0,0,0,0,0,0,0,0,0,0,1,0,0,0,0,0,0,0,0,0,0,0,0,0,0,0,0,0,0,0,0,0,0,0,0,0,0,0,0,0,0,0,0,0,0,0,0,0,0,0,0,0,0,0,0,0,0,0,0,0,0,0,0,0,0,0,0,0,0,0,0,0,0,0,0,0,0,0,0,0,0,0,0,0,0,0,0,0,0,0,0,0,0,0,0,0,0,0,0,0,0,0,0,0,0,0,0,0,0,0,0,0,0,0,0,0,0,0,0,0,0,0,0,0,0,0,0,0,0,0,0,0,0,0,0,0,0,0,0,0,0,0,0,0,0,0,0,0,0,0,0,0,0,0,0,0,0,0,0,0,0,0,0,0,0,0,0,0,0,0,0,0,0,0,0,0,0,0,0,0,0,0,0,0,0,0,0,0,0,0,0,0,0,0,0,0,0,0,0,0,0,0,0,0,0,0,0,0,0,0,0,0,0,0,0,0,0,0,0,0,0,0,0,0,0,0,0,0,0,0,0,0,0,0,0,0,0,0,0
155,https://www.dictionary.com/,Dictionary,"speech, writing, or nonverbal communication that attacks, threatens, or insults a person or group on the basis of national origin, ethnicity, skin color, religion, gender, sexual orientation, or disability",0,English,0,0,0,0,11,0,0,1,0,0,1,0,0,1,1,0,0,0,0,1,0,1,0,0,0,0,0,0,1,1,0,0,1,0,0,0,0,0,0,0,0,0,0,0,0,0,0,0,0,0,0,0,0,0,0,0,0,0,0,0,0,0,0,0,0,0,0,0,0,0,0,0,0,0,0,0,0,0,0,0,0,0,0,0,0,0,0,0,0,0,0,0,0,0,0,0,0,0,0,0,0,0,0,0,0,0,0,0,0,0,0,0,0,0,0,0,0,0,0,0,0,0,0,0,0,0,0,0,0,0,0,0,0,0,0,0,0,0,0,0,0,0,0,0,0,0,0,0,0,0,0,0,0,0,0,0,0,0,0,0,0,0,0,0,0,0,0,0,0,1,0,0,0,0,0,0,0,0,0,0,0,0,0,0,0,0,0,0,0,0,0,0,0,0,0,0,0,0,0,0,0,0,0,0,0,0,0,0,0,0,0,0,0,0,0,0,0,0,0,0,0,0,0,0,0,0,0,0,0,0,0,0,0,0,0,0,0,0,0,0,0,0,0,0,0
156,https://www.ahdictionary.com/,Dictionary,Bigoted speech attacking or disparaging a social group or a member of such a group.,0,English,0,0,0,0,1,1,0,0,0,0,0,0,1,0,0,0,0,0,0,0,0,0,0,0,0,0,0,0,0,0,0,0,0,0,0,0,0,0,0,0,0,0,0,0,0,0,0,0,0,0,0,0,0,0,0,0,0,0,0,0,0,0,0,0,0,0,0,0,0,0,0,0,0,0,0,0,0,0,0,0,0,0,0,0,0,0,0,0,0,0,0,0,0,0,0,0,0,0,0,0,0,0,0,0,0,0,0,0,0,0,0,0,0,0,0,0,0,0,0,0,0,0,0,0,0,0,0,0,0,0,0,0,0,0,0,0,0,0,0,0,0,0,0,0,0,0,0,0,0,0,0,0,0,0,0,0,0,0,0,0,0,0,0,0,0,0,0,0,0,0,0,0,0,0,0,0,0,0,0,0,0,0,0,0,0,0,0,0,0,0,0,0,0,0,0,0,0,0,0,0,0,0,0,0,0,0,0,0,0,0,0,1,0,0,0,0,0,0,0,0,0,0,0,0,0,0,0,0,0,0,0,0,0,0,0,0,0,0,0,0,0,0,0,0,0
157,https://www.collinsdictionary.com/,Dictionary,"[speech disparaging a group on the grounds of colour, race, ethnicity, nationality, religion, sex, sexual orientation, gender identity, or disability, or a person who identifies with such a group],[speech that attacks a person or group on the basis of race, religion, gender, or sexual orientation]",0,English,0,0,0,0,1,0,0,1,0,0,1,0,1,1,1,0,0,0,0,0,0,1,0,0,0,0,1,0,1,1,0,0,0,0,0,0,0,0,0,0,0,0,0,0,0,0,0,0,0,0,0,0,0,0,0,0,0,0,0,0,0,0,0,0,0,0,0,0,0,0,0,0,0,0,0,0,0,0,0,0,0,0,0,0,0,0,0,0,0,0,0,0,0,0,0,0,0,0,0,0,0,0,0,0,0,0,0,0,0,0,0,0,0,0,0,0,0,0,0,0,0,0,0,0,0,0,0,0,0,0,0,0,0,0,0,0,0,0,0,0,0,0,0,0,0,0,0,0,0,0,0,0,0,0,0,0,0,0,0,0,0,0,0,0,0,0,0,0,0,0,0,0,0,0,0,0,0,0,0,0,0,0,0,0,0,0,0,0,0,0,0,0,0,0,0,0,0,0,0,0,0,0,0,0,0,0,0,1,0,0,0,0,0,0,0,0,0,0,0,0,0,0,0,0,0,0,0,0,0,0,0,0,0,0,0,0,0,0,0,0,0,0,0,0,0
158,https://en.wiktionary.org/,Dictionary,"Speech that attacks or disparages a person or group of persons on the basis of origin, race, nationality, ethnicity, color, religion, gender, sexual orientation, or disability.",0,English,0,0,0,0,1,0,0,1,0,0,1,0,1,1,1,0,0,0,0,0,0,1,0,0,0,0,1,0,1,1,0,0,0,0,0,0,0,0,0,0,0,0,0,0,0,0,0,0,0,0,0,0,0,0,0,0,0,0,0,0,0,0,0,0,0,0,0,0,0,0,0,0,0,0,0,0,0,0,0,0,0,0,0,0,0,0,0,0,0,0,0,0,0,0,0,0,0,0,0,0,0,0,0,0,0,0,0,0,0,0,0,0,0,0,0,0,0,0,0,0,0,0,0,0,0,0,0,0,0,0,0,0,0,0,0,0,0,0,0,0,0,0,0,0,0,0,0,0,0,0,0,0,0,0,0,0,0,0,0,0,0,0,0,0,0,0,0,0,0,1,0,0,0,0,0,0,0,0,0,0,0,0,0,0,0,0,0,0,0,0,0,0,0,0,0,0,0,0,0,0,0,0,0,0,0,0,0,0,0,0,0,0,0,0,0,0,0,0,0,0,0,0,0,0,0,0,0,0,0,0,0,0,0,0,0,0,0,0,0,0,0,0,0,0,0
159,https://www.infoplease.com/,Dictionary,"speech that attacks a person or group on the basis of race, religion, gender, or sexual orientation.",0,English,0,0,0,0,1,0,0,0,0,0,0,0,0,0,1,0,0,0,0,0,0,0,0,0,0,0,1,0,1,1,0,0,0,0,0,0,0,0,0,0,0,0,0,0,0,0,0,0,0,0,0,0,0,0,0,0,0,0,0,0,0,0,0,0,0,0,0,0,0,0,0,0,0,0,0,0,0,0,0,0,0,0,0,0,0,0,0,0,0,0,0,0,0,0,0,0,0,0,0,0,0,0,0,0,0,0,0,0,0,0,0,0,0,0,0,0,0,0,0,0,0,0,0,0,0,0,0,0,0,0,0,0,0,0,0,0,0,0,0,0,0,0,0,0,0,0,0,0,0,0,0,0,0,0,0,0,0,0,0,0,0,0,0,0,0,0,0,0,0,0,0,0,0,0,0,0,0,0,0,0,0,0,0,0,0,0,0,0,0,0,0,0,0,0,0,0,0,0,0,0,0,0,0,0,0,0,0,0,0,0,0,0,0,0,0,0,0,0,0,0,0,0,0,0,0,0,0,0,0,0,0,0,0,0,0,0,0,0,0,0,0,0,0,0,0
160,https://dictionary.cambridge.org/ ,Dictionary,"public speech that expresses hate or encourages violence towards a person or group based on something such as race, religion, sex, or sexual orientation (= the fact of being gay, etc.)",0,English,0,0,0,0,0,0,0,0,0,0,0,0,0,0,1,0,1,0,0,0,0,0,0,0,0,0,1,0,1,1,0,0,0,0,0,0,0,0,0,0,0,0,0,0,0,0,0,0,0,0,0,0,0,0,0,0,0,0,0,0,0,0,0,0,0,0,0,0,0,0,0,0,0,0,0,0,0,0,0,0,0,0,0,0,0,0,0,0,0,0,0,0,0,0,0,0,0,0,0,0,0,0,0,0,0,0,0,0,0,0,0,0,0,0,0,0,0,0,0,0,0,0,0,0,0,0,0,0,0,0,0,0,0,0,0,0,0,0,0,0,0,0,0,0,0,0,0,0,0,0,0,0,0,0,0,0,0,0,0,0,0,0,0,0,0,0,0,0,0,0,0,0,0,0,0,0,0,0,0,0,0,0,0,0,0,0,0,0,0,0,0,0,0,0,0,0,0,0,0,0,0,0,0,0,0,0,0,1,0,0,0,0,0,0,0,0,0,0,0,0,0,0,0,0,0,0,0,0,0,0,0,0,0,0,0,0,0,0,0,0,0,1,0,0,0
161,https://vitrinelinguistique.oqlf.gouv.qc.ca/fiche-gdt/fiche/26544880/incitation-a-la-haine,Dictionary,The act of intentionally creating antipathy towards a person or social group on the basis of personal characteristics by making statements.,0,French,0,0,0,0,0,0,0,0,0,0,0,0,0,0,0,0,0,0,0,0,0,0,0,0,0,0,0,0,0,0,0,0,0,0,0,0,0,0,0,0,0,0,0,1,0,0,0,0,0,0,0,0,0,0,0,0,0,0,0,0,0,0,0,0,0,0,0,0,0,0,0,0,0,0,0,0,0,0,0,0,0,0,0,0,0,0,0,0,0,0,0,0,0,0,0,0,0,0,0,0,0,0,0,0,0,0,0,0,0,0,0,0,0,0,0,0,0,0,0,0,0,0,0,0,0,0,0,0,0,0,0,0,0,0,0,0,0,0,0,0,0,0,0,0,0,0,0,0,0,0,0,0,0,0,0,0,0,0,0,0,0,0,0,0,0,0,0,0,0,0,0,0,0,0,0,0,0,0,0,0,0,0,0,0,0,0,0,0,0,0,0,0,0,0,0,0,0,0,0,0,0,0,0,0,0,0,0,0,0,0,0,0,0,0,0,0,0,0,0,0,0,0,0,0,0,0,0,0,0,0,0,0,0,0,0,0,0,0,0,0,0,0,0,0,0
162,https://www.duden.de/rechtschreibung/Hassrede,Dictionary,"1) Hate messages [public],2) Speaking or writing in a way that spreads hatred.",0,German,0,0,0,0,0,0,0,0,0,0,0,0,0,0,0,0,1,0,0,0,0,0,0,0,0,0,0,0,0,0,0,0,0,0,0,0,0,0,0,0,0,0,0,0,0,0,0,0,0,0,0,0,0,0,0,0,0,0,0,0,0,0,0,0,0,0,0,0,0,0,0,0,0,0,0,0,0,0,0,0,0,0,0,0,0,0,0,0,0,0,0,0,0,0,0,0,0,0,0,0,0,0,0,0,0,0,0,0,0,0,0,0,0,0,0,0,0,0,0,0,0,0,0,0,0,0,0,0,0,0,0,0,0,0,0,0,0,0,0,0,0,0,0,0,0,0,0,0,0,0,0,0,0,0,0,0,0,0,0,0,0,0,0,0,0,0,0,0,0,0,0,0,0,0,0,0,0,0,0,0,0,0,0,0,0,0,0,0,0,0,0,0,0,0,0,0,0,0,0,0,0,0,0,0,0,0,0,0,0,0,0,0,0,0,0,0,0,0,0,0,0,0,0,0,0,0,0,0,0,0,0,0,0,0,0,0,0,0,0,0,0,0,0,0,0
163,https://diccionariousual.poder-judicial.go.cr/index.php/diccionario/discurso-de-odio,Dictionary,"|| Exposition of doctrines or ideas intended to manifest or provoke abhorrence or aversion against a particular group of people. || Communication that offends against the dignity of a person, by virtue of their ethnicity, sex, gender, sexual orientation, religion or nationality.",0,Costa Rica,0,0,0,0,0,0,0,0,0,0,0,0,0,1,1,0,0,0,0,0,0,1,1,0,0,1,0,0,1,1,0,0,0,0,0,0,0,1,0,0,0,0,0,0,1,0,0,0,0,0,0,0,0,0,0,0,0,0,0,0,0,0,0,0,0,0,0,0,0,0,0,0,0,0,0,0,0,0,0,0,0,0,0,0,0,0,0,0,0,0,0,0,0,0,0,0,0,0,0,0,0,0,0,0,0,0,0,0,0,0,0,0,0,0,0,0,0,0,0,0,0,0,0,0,0,0,0,0,0,0,0,0,0,0,0,0,0,0,0,0,0,0,0,0,0,0,0,0,0,0,0,0,0,0,0,0,0,0,0,0,0,0,0,0,0,0,0,0,0,0,0,0,0,0,0,0,0,0,0,0,0,0,0,0,0,0,0,0,0,0,0,0,0,0,0,0,0,0,0,0,0,0,0,0,0,0,0,1,0,0,0,0,0,0,0,0,0,0,0,0,0,0,0,0,0,0,0,0,0,0,0,0,0,0,0,0,0,0,0,0,0,0,0,0,0
164,https://dpej.rae.es/lema/delito-de-provocaci%C3%B3n-al-odio,Dictionary,"An offence committed by those who publicly encourage, promote or incite, directly or indirectly, hatred, hostility, discrimination or violence against a group, part of a group or a specific person because of their membership, on racist, anti-Semitic or other grounds relating to ideology, religion or beliefs, family situation, membership of an ethnic group, race or nation, national origin, sex, sexual orientation or identity, gender, illness or disability.",0,panhispanic,0,0,0,0,0,0,0,0,0,0,1,1,0,1,1,0,1,1,0,0,0,1,1,0,0,0,1,0,1,1,0,0,0,0,0,0,0,0,0,0,0,0,0,0,0,1,0,0,0,0,0,0,0,0,0,0,0,0,0,0,0,0,0,0,0,0,0,0,0,0,0,0,0,0,0,0,0,0,0,0,0,0,0,0,0,0,0,1,0,0,0,0,0,0,0,0,0,0,0,0,0,0,0,0,0,0,0,0,0,0,1,0,0,0,0,0,0,0,0,0,0,0,0,0,0,0,0,0,0,0,0,0,0,1,0,0,0,0,0,0,0,0,0,0,0,0,0,0,0,0,0,0,0,0,0,0,0,0,0,0,0,0,0,0,0,0,0,0,0,0,0,0,0,0,0,0,0,0,0,0,0,0,0,0,0,0,0,0,0,0,0,0,0,0,0,0,0,0,0,0,0,0,0,0,0,0,0,1,0,0,0,0,0,0,0,0,0,0,0,0,0,0,0,0,0,0,0,0,0,0,0,0,0,0,0,0,0,0,0,0,0,1,0,0,0
165,https://www.treccani.it/vocabolario/hate-speech_res-2f344fce-89c5-11e8-a7cb-00271042e8d9_(Neologismi)/,Dictionary,"Expression of hatred directed, in the presence of or via the media, against individuals or entire sections of the population (foreigners and immigrants, women, people of colour, homosexuals, believers of other religions, the disabled, etc.).",0,Italy,0,0,0,0,0,0,0,1,0,0,1,0,0,0,1,0,1,0,0,0,1,0,0,0,0,0,0,0,1,1,0,0,0,0,0,0,0,0,0,0,0,0,0,0,0,0,0,0,0,0,0,0,0,0,0,0,0,0,0,0,0,0,0,0,0,0,0,0,0,0,0,0,0,0,0,0,0,0,0,0,0,0,0,0,0,0,0,0,0,0,0,0,0,0,0,0,0,0,0,0,0,0,0,0,0,0,0,0,0,0,0,0,0,0,1,0,0,0,0,0,0,0,0,0,0,0,0,0,0,0,0,0,0,0,0,0,0,0,0,0,0,0,0,0,0,0,0,0,0,0,0,0,0,0,0,0,0,0,0,0,0,0,0,0,0,0,0,0,0,0,0,0,0,0,0,0,0,0,0,0,0,0,0,0,0,0,0,0,0,0,0,0,0,0,0,0,0,0,0,0,0,0,0,0,0,0,0,1,0,0,0,0,0,0,0,0,0,0,0,0,0,0,0,0,0,0,0,0,0,0,0,0,0,0,0,0,0,0,0,0,0,0,0,0,0
166,0,Dictionary,"hate speech or incitement to violence directed at individuals or groups of people on the basis of their religion, ethnicity, gender, sexual orientation, etc.",0,Finland,0,0,0,0,0,0,0,0,0,0,0,0,0,1,1,0,1,0,0,0,0,0,0,0,0,0,0,0,1,1,0,0,0,0,0,0,0,0,0,0,0,0,0,0,0,0,0,0,0,0,0,0,0,0,0,0,0,0,0,0,0,0,0,0,0,0,0,0,0,0,0,0,0,0,0,0,0,0,0,0,0,0,0,0,0,0,0,0,0,0,0,0,0,0,0,0,0,0,0,0,0,0,0,0,0,0,0,0,0,0,0,0,0,0,0,0,0,0,0,0,0,0,0,0,0,0,0,0,0,0,0,0,0,0,0,0,0,0,0,0,0,0,0,0,0,0,0,0,0,0,0,0,0,0,0,0,0,0,0,0,0,0,0,0,0,0,0,0,0,0,0,0,0,0,0,0,0,0,0,0,0,0,0,0,0,0,0,0,0,0,0,0,0,0,0,0,0,0,0,0,0,0,0,0,0,0,0,1,0,0,0,0,0,0,0,0,0,0,0,0,0,0,0,0,0,0,0,0,0,0,0,0,0,0,0,0,0,0,0,0,0,1,0,0,0
167,https://www.treccani.it/magazine/lingua_italiana/speciali/Hate_speech/01_Faloppa.html,Dictionary,"the totality of all forms of expression that spread, incite, develop or justify racial hatred, xenophobia, anti-Semitism and other forms of hatred based on intolerance and which include intolerance expressed through aggressive nationalism and ethnocentrism, discrimination and hostility against minorities, migrants and peoples originating from migration flows",0,Italy,0,0,0,0,0,0,0,0,0,0,0,0,0,1,0,0,1,1,0,0,1,1,0,0,0,0,1,0,0,0,0,0,0,0,0,1,0,0,0,0,0,0,0,0,0,0,0,0,0,0,0,0,0,0,0,0,0,0,0,0,0,0,0,0,0,0,0,0,0,0,0,0,0,0,0,0,0,0,0,0,0,0,0,0,0,0,0,1,0,0,0,0,0,0,0,0,0,0,0,0,0,0,0,0,0,0,0,0,0,0,0,0,0,0,0,0,0,0,0,0,0,0,0,0,0,0,0,0,1,0,0,0,0,0,0,0,0,0,0,0,0,0,0,0,0,0,0,1,0,0,0,0,0,0,0,0,0,0,0,0,0,0,1,0,0,0,0,0,0,0,0,0,0,0,0,0,0,0,0,0,0,0,0,0,0,0,0,0,0,0,0,0,0,0,0,0,0,0,0,0,0,0,0,0,0,0,0,0,0,0,0,0,0,0,0,0,0,0,0,0,0,0,0,0,0,0,0,0,0,1,0,0,0,0,0,0,0,0,0,0,0,0,0,0,0
168,https://www.treccani.it/magazine/lingua_italiana/speciali/Hate_speech/01_Faloppa.html,Dictionary,"inciting, promoting or inciting denigration, hatred or defamation of a person or group of persons, or subjecting such person or group to harassment, harassment, insults, negative stereotyping, stigmatisation or threats, and includes the justification of these various forms of expression based on a variety of grounds, such as ‘race’, colour, language, religion or belief, nationality or national or ethnic origin, as well as ancestry, age, disability, sex, gender identity, sexual orientation and any other personal characteristic or situation",0,Italy,0,0,1,0,0,0,0,1,0,0,1,0,0,1,1,0,1,0,0,1,0,1,0,0,0,0,1,0,1,1,0,1,1,0,0,0,0,0,0,0,1,0,0,0,0,1,0,0,0,0,0,0,0,0,0,0,0,0,0,0,0,0,0,0,0,0,1,0,0,0,0,0,0,0,0,1,0,0,0,0,0,0,0,0,0,0,0,0,0,0,0,0,0,0,0,0,0,0,0,0,0,0,0,0,0,0,0,0,0,0,0,0,0,0,0,0,0,0,0,0,0,0,0,1,0,0,0,0,0,0,0,0,0,0,0,0,0,0,0,0,0,0,0,0,0,0,0,0,0,0,1,0,0,0,0,0,0,0,0,0,0,0,0,0,0,0,0,0,0,0,0,0,0,0,0,0,0,0,0,0,0,0,0,0,0,0,0,0,0,0,0,0,0,0,0,0,0,0,0,0,0,0,0,0,0,0,0,1,0,0,0,0,0,0,0,0,0,0,0,0,0,0,1,1,0,0,0,0,0,0,0,0,0,0,0,0,0,0,0,0,0,0,0,0,0
169,https://www.treccani.it/magazine/lingua_italiana/speciali/Schwa/2_Bianchi.html,Dictionary,"Hate language represents hostile, offensive and denigrating discursive uses aimed at targeting a social group, and an individual merely because he or she belongs to that social group. That is, one is the object of hate speech not by virtue of something one has done, but rather by virtue of something one is - by virtue of social traits one possesses or is attributed to: race, ethnicity or nationality, religion, gender or sexual orientation, some form of disability. Within the social sphere, the use of hate speech does things in two different senses. Expressions of hatred are certainly ways of attacking, mocking, hurting, humiliating individuals, groups, behaviours or affects that are considered alien and threatening - they are therefore forms of aggression. At the same time, however, they are also tools for putting others in roles and positions of inferiority and putting ourselves and the group to which we belong in roles and positions of domination, they are ways of taking ideological sides and inviting others to share a certain perspective on social reality: in this sense, hate speech must be seen as a form of propaganda. Hate speech are devices with which discriminatory beliefs, attitudes and behaviours are presented as justified, widespread and ‘normal’; individuals and groups are placed on an unfair social scale, and their behaviours or affects stigmatised and sometimes de-humanised.",0,Italy,0,0,0,0,1,0,0,0,1,0,1,0,0,1,1,0,1,1,1,0,0,1,1,0,0,0,1,0,1,1,0,0,1,0,0,0,0,0,0,0,0,0,0,0,0,0,0,0,0,0,0,0,0,0,0,0,0,0,0,0,0,0,0,0,0,0,0,0,0,0,0,0,0,0,0,1,0,0,0,0,0,0,0,0,0,0,0,1,0,0,0,0,0,0,0,0,0,0,0,0,0,0,0,0,0,0,0,0,0,0,0,0,0,0,0,0,0,0,0,0,0,0,0,0,0,0,0,0,0,1,0,0,0,0,0,0,0,0,0,0,1,0,0,0,0,0,0,0,0,0,0,0,0,0,0,0,0,0,0,1,0,0,0,0,0,0,0,0,0,0,0,0,0,0,0,0,0,0,0,0,0,0,0,0,0,0,0,0,0,0,0,0,0,0,0,0,1,0,0,0,0,0,0,0,0,0,0,0,0,0,0,0,0,0,0,0,0,0,0,0,0,0,0,1,0,0,0,0,0,0,0,0,0,0,0,0,0,0,0,0,0,0,0,0,0
170,https://www.treccani.it/magazine/lingua_italiana/speciali/Schwa/2_Bianchi.html,Dictionary,"Hate language consists of denigrating epithets. In the epithets, hatred towards an entire social group seems to have been codified and crystallised, presented as the other from itself, constructed as if it shared a presumed common nature or essence that holds all its members together (all women, all blacks, all homosexuals, all people with disabilities), an indistinct other where differences stop counting and are annulled.",0,Italy,0,0,0,0,0,0,0,0,0,0,1,0,0,0,1,0,1,0,0,0,1,0,0,1,0,0,1,0,0,1,0,0,0,0,0,0,0,0,0,0,0,0,0,0,0,0,0,0,0,0,0,0,0,0,0,0,0,0,0,0,0,0,0,0,0,0,0,0,0,0,0,0,0,0,1,0,0,0,0,0,0,0,0,0,0,0,0,0,0,0,0,0,0,0,0,0,0,0,0,0,0,0,0,0,0,0,0,0,0,0,0,0,0,0,0,0,0,0,0,0,0,0,0,0,0,0,0,0,0,0,0,0,0,0,0,0,0,0,0,0,0,0,0,0,0,0,0,0,0,0,0,0,0,0,0,0,0,0,0,0,0,0,0,0,0,0,0,0,0,0,0,0,0,0,0,0,0,0,0,0,0,0,0,0,0,0,0,0,0,0,0,0,0,0,0,0,0,0,0,0,0,0,0,0,0,0,0,0,0,0,0,0,0,0,0,0,0,0,0,0,0,0,0,0,0,0,0,0,0,0,0,0,0,0,0,0,0,0,0,0,0,0,0,0,0
171,https://af.wikipedia.org/wiki/Haatspraak,Wikipedia,"In South Africa, freedom of expression by the Constitution is limited to providing propaganda for war, the incitement of imminent violence and the proclamation of hatred based on race, ethnicity, sexuality or religion and which incites to cause grief.The Promotion of Equality and Avoidance of Unjust Discrimination Act specifically prohibits practical execution to the provisions by prohibiting hate speech specifically.It states that no one may publish, propagate or communicate words based on one or more of the prohibited grounds (race, ethnicity, sexuality or religion) that can be fairly shown that would be aimed at being aimed at hurtful, detrimental or aimed atincitement of prejudice, or hatred do not promote.
",0,Afrikaans,0,0,0,0,0,0,0,0,0,0,0,0,0,1,0,0,1,0,1,0,0,0,0,0,0,0,1,0,1,1,0,0,0,0,0,0,0,0,0,0,0,0,0,0,0,0,0,0,0,0,0,0,0,0,0,0,0,0,0,0,0,0,0,0,0,0,0,0,0,0,0,0,0,0,0,0,0,0,0,0,0,0,0,0,0,0,0,0,0,0,0,0,0,0,0,0,0,0,0,0,0,0,0,0,0,0,0,0,0,0,0,0,0,0,0,0,0,0,0,0,0,0,0,0,0,0,0,0,0,0,0,0,0,0,0,0,0,0,0,0,0,0,0,0,0,0,0,0,0,0,0,0,0,0,0,0,0,0,0,0,0,0,0,0,0,0,0,0,0,0,0,0,0,0,0,0,0,0,0,0,0,0,0,0,0,0,1,0,0,1,0,0,0,0,0,0,0,0,0,0,0,0,0,0,0,0,0,0,0,0,0,0,0,0,0,0,0,0,0,0,0,0,0,0,0,0,0,0,0,0,0,0,0,0,0,0,0,0,0,0,0,1,0,0,0
172,https://ar.wikipedia.org/wiki/%D8%AE%D8%B7%D8%A7%D8%A8_%D8%A7%D9%84%D9%83%D8%B1%D8%A7%D9%87%D9%8A%D8%A9,Wikipedia,"[Hate speech is] defined as any “statements that support incitement to harm, especially discrimination , aggression, or violence , depending on the goal that was targeted among a social or [ population ] group”. These groups are usually weak and minorities . Hate speech falls into the components of “ freedom of expression , the rights of individuals, groups, and minorities, and the principles of dignity, freedom, and equality .” ",0,Arabic,0,0,0,0,0,0,0,0,0,0,0,0,0,0,0,1,0,0,0,0,1,0,0,0,0,0,0,0,0,0,0,0,0,0,0,0,0,0,0,1,0,0,0,0,0,0,0,0,0,0,0,0,0,0,0,0,0,0,0,0,0,0,0,0,0,0,0,0,0,0,0,0,0,0,0,0,0,0,0,0,0,0,0,0,0,0,0,1,0,0,0,0,0,0,0,0,0,0,0,0,0,0,0,0,0,0,0,0,0,0,0,0,0,0,0,0,0,0,0,0,0,0,0,0,0,0,0,0,0,0,0,0,0,0,0,0,0,0,0,0,0,0,0,0,0,0,0,0,0,0,0,0,0,0,0,0,0,0,0,0,0,0,0,0,0,0,0,0,0,0,0,0,0,0,0,0,0,0,0,0,0,0,0,0,0,0,0,0,0,0,0,0,0,0,0,0,0,0,0,0,0,0,0,0,0,0,0,0,0,0,0,0,0,0,0,0,0,0,0,0,0,0,0,0,0,0,0,0,0,0,0,0,0,0,0,0,0,0,0,0,0,1,0,0,0
173,https://bg.wikipedia.org/wiki/%D0%95%D0%B7%D0%B8%D0%BA_%D0%BD%D0%B0_%D0%BE%D0%BC%D1%80%D0%B0%D0%B7%D0%B0%D1%82%D0%B0,Wikipedia,"Hate language is defined by Cambridge Dictionary as a ""publicly spoken speech that encourages violence against a person or group of people based on race, religion, gender or sexual orientation"" [1].Hate language is usually considered to include hostility and compromising an individual or group of people because of race, color, national origin, gender, disability, religion or sexual orientation. ""[2]

",cambridge dict,Bulgarian,0,0,0,0,0,0,0,1,0,0,1,0,0,0,1,0,0,1,0,0,0,1,0,0,0,0,1,0,1,1,0,0,0,0,0,0,0,0,0,0,0,0,0,0,0,0,0,0,0,0,0,0,0,0,0,0,0,0,0,0,0,0,0,0,0,0,0,0,0,0,0,0,0,0,0,0,0,0,0,0,0,0,0,0,0,0,0,0,0,0,0,0,0,0,0,0,0,0,0,0,0,0,0,0,0,0,0,0,0,0,0,0,0,0,0,0,0,0,0,0,0,0,0,0,0,0,0,0,0,0,0,0,0,0,0,0,0,0,0,0,0,0,0,0,0,0,0,0,0,0,0,0,0,0,0,0,0,0,0,0,0,0,0,0,0,0,0,0,0,0,0,0,0,0,0,0,0,0,0,0,0,0,0,0,0,0,0,0,0,0,0,0,0,0,0,0,0,0,0,0,0,0,0,0,0,0,0,0,0,0,0,0,0,0,0,0,0,0,0,0,0,0,0,0,0,0,0,0,0,0,0,0,0,0,0,0,0,0,0,0,0,1,0,0,0
174,https://bh.wikipedia.org/wiki/%E0%A4%B9%E0%A5%87%E0%A4%9F_%E0%A4%B8%E0%A5%8D%E0%A4%AA%E0%A5%80%E0%A4%9A,Wikipedia,"Hate speech is a statement, speech or any statement or expression made in public that targets an individual or a group in society and promotes discrimination on any grounds such as race, religion, or gender are aggressive statements filled with slander and hatred towards that person or group. These are usually statements intended to incite hatred towards a particular group. Such statements may result in violence.",0,Bhojpuri,0,0,0,0,0,0,0,0,0,0,0,0,0,0,1,0,1,0,0,0,0,0,0,0,0,0,1,0,1,0,0,0,0,0,0,0,0,0,0,1,0,0,0,0,0,0,0,0,0,0,0,0,0,0,0,0,0,0,0,0,0,0,0,0,0,0,0,0,0,0,0,0,0,0,0,0,0,0,0,0,0,0,0,0,0,0,0,1,0,0,0,0,0,0,0,0,0,0,0,0,0,0,0,0,0,0,0,0,0,0,0,0,0,0,0,0,0,0,0,0,0,0,0,0,0,0,0,0,0,0,0,0,0,0,0,0,0,0,0,0,0,0,0,0,0,0,0,0,0,0,0,0,0,0,0,0,0,0,0,0,0,0,0,0,0,0,0,0,0,0,0,0,0,0,0,0,0,0,0,0,0,0,0,0,0,0,0,0,0,0,0,0,0,0,0,0,0,0,0,0,0,0,0,0,0,0,0,0,0,1,0,0,0,0,0,0,0,0,0,0,0,0,0,0,0,0,0,0,0,0,0,0,0,0,0,0,0,0,0,0,0,1,0,0,0
175,https://bs.wikipedia.org/wiki/Govor_mr%C5%BEnje,Wikipedia,"Hate speech is a statement intended to humiliate and abuse another or the use of harsh and derogatory language based on actual or alleged membership in a social group.[1] Hate speech is speech that attacks a person or group based on protected characteristics such as race, religion, ethnic origin, national origin, gender, disability, sexual orientation, or gender identity.[2][3]

",0,Bosnian,0,1,0,0,1,0,0,0,0,0,1,0,0,1,1,0,0,0,0,0,0,1,0,1,0,0,1,0,1,1,0,0,0,0,0,0,0,0,0,0,0,0,0,0,0,0,0,0,0,0,0,0,0,0,0,0,0,0,0,0,0,0,0,0,0,0,0,0,0,0,0,0,0,0,0,0,0,1,0,0,0,0,0,0,0,0,0,0,0,0,0,0,0,0,0,0,0,0,0,0,0,0,0,0,0,0,0,0,0,0,0,0,0,0,0,0,0,0,0,0,0,0,0,0,1,0,0,0,0,1,0,0,0,0,0,0,0,0,0,0,0,0,0,0,0,0,0,0,0,0,0,0,0,0,0,0,0,0,0,0,0,0,0,0,0,0,0,0,0,0,0,0,0,0,0,0,0,0,0,0,0,0,0,0,0,0,0,0,0,0,0,0,0,0,0,0,0,0,0,0,0,0,0,0,0,0,0,0,0,0,0,0,0,0,0,0,0,0,0,0,0,0,0,0,0,0,0,0,0,0,0,0,0,0,0,0,0,0,0,0,0,0,0,0,0
176,https://ca.wikipedia.org/wiki/Discurs_d%27odi,Wikipedia,"Hate speech means a type of speech or system that (beyond the occasional violence or insult) [1] attacks a person or a group of people based on various characteristics (skin color, ethnicity, age, gender, sexual orientation, religion, etc.)",0,Catalan,0,0,1,0,1,0,0,1,0,0,0,0,0,1,1,0,0,0,0,1,0,1,0,0,0,0,0,0,1,1,0,0,0,0,0,0,0,0,0,0,0,0,0,0,0,0,0,0,0,0,0,0,0,0,0,0,0,0,0,0,0,0,0,0,0,0,0,0,0,0,0,0,0,0,0,0,0,0,0,0,0,0,0,0,0,0,0,0,0,0,0,0,0,0,0,0,0,0,0,0,0,0,0,0,0,0,0,0,0,0,0,0,0,0,0,0,0,0,0,0,0,0,0,0,0,0,0,0,0,0,0,0,0,0,0,0,0,0,0,0,0,0,0,0,0,0,0,0,0,0,0,0,0,0,0,0,0,0,0,0,0,0,0,0,0,0,0,0,0,0,0,0,0,0,0,0,0,0,0,0,0,0,0,0,0,0,0,0,0,0,0,0,0,0,0,0,0,0,0,0,0,0,0,0,0,0,0,0,0,0,0,0,0,0,0,0,0,0,0,0,0,0,0,0,0,0,0,0,0,0,0,0,0,0,0,0,0,0,0,0,0,1,0,0,0
177,https://ckb.wikipedia.org/wiki/%DA%AF%D9%88%D9%88%D9%81%D8%AA%D8%A7%D8%B1%DB%8C_%DA%A9%DB%8C%D9%86%DB%95%DB%8C%DB%8C,Wikipedia,"Hate speech is an expression used to belittle someone, or the use of harsh and inappropriate language.[1] Hate speech is a type of speech that attacks an individual or group on the grounds of race, ethnicity, religion, or gender or disability.[2][3]
",0,Central Kurdish,0,0,1,0,1,0,0,0,0,0,1,0,0,1,1,0,0,0,0,0,0,0,0,0,0,0,1,0,1,0,0,0,0,0,0,0,0,0,0,0,0,0,0,0,0,0,1,0,0,0,0,0,0,0,0,0,0,0,0,0,0,0,0,0,0,0,0,0,0,0,0,0,0,0,0,0,0,0,0,0,0,0,0,0,0,0,0,0,0,0,0,0,0,0,0,0,0,0,0,0,0,0,0,0,0,0,0,0,0,0,0,0,0,0,0,0,0,0,0,0,0,0,0,0,1,0,0,0,0,0,0,0,0,0,0,0,0,0,1,0,0,0,0,0,0,0,0,0,0,0,0,0,0,0,0,0,0,0,0,0,0,0,0,0,0,0,0,0,0,0,0,0,0,0,0,0,0,0,0,0,0,0,0,0,0,0,0,0,0,0,0,0,0,0,0,0,0,0,0,0,0,0,0,0,0,0,0,0,0,0,0,0,0,0,0,0,0,0,0,0,0,0,0,0,0,0,0,0,0,0,0,0,0,0,0,0,0,0,0,0,0,0,0,0,0
178,https://cs.wikipedia.org/wiki/Nen%C3%A1vistn%C3%BD_projev,Wikipedia,"Hate speech is defined by the Cambridge dictionary as ""public speech that expresses hatred or promotes violence against a person or group based on race, religion, gender or sexual orientation"".[1]",cambridge dict,Czech,0,0,0,0,0,0,0,0,0,0,0,0,0,0,1,0,1,0,0,0,0,0,0,0,0,0,1,0,1,1,0,0,0,0,0,0,0,0,0,0,0,0,0,0,0,0,0,0,0,0,0,0,0,0,0,0,0,0,0,0,0,0,0,0,0,0,0,0,0,0,0,0,0,0,0,0,0,0,0,0,0,0,0,0,0,0,0,0,0,0,0,0,0,0,0,0,0,0,0,0,0,0,0,0,0,0,0,0,0,0,0,0,0,0,0,0,0,0,0,0,0,0,0,0,0,0,0,0,0,0,0,0,0,0,0,0,0,0,0,0,0,0,0,0,0,0,0,0,0,0,0,0,0,0,0,0,0,0,0,0,0,0,0,0,0,0,0,0,0,0,0,0,0,0,0,0,0,0,0,0,0,0,0,0,0,0,0,0,0,0,0,0,0,0,0,0,0,0,0,0,0,0,0,0,0,0,0,0,0,0,0,0,0,0,0,0,0,0,0,0,0,0,0,0,0,0,0,0,0,0,0,0,0,0,0,0,0,0,0,0,0,1,0,0,0
179,https://de.wikipedia.org/wiki/Hassrede,Wikipedia,"Hate speech, loan translation from English. “Hate speech” refers to linguistic expressions of hate with the aim of denigrating and denigrating certain people or groups of people.[1] ",0,German,0,0,0,0,0,0,0,0,0,0,0,0,0,0,0,0,1,0,0,0,0,0,0,0,0,0,0,0,0,0,0,0,0,0,0,0,0,0,0,0,0,0,0,0,0,0,0,0,0,0,0,0,0,0,0,0,0,0,0,0,0,0,0,0,0,0,0,0,0,0,0,0,0,0,1,1,0,0,0,0,0,0,0,0,0,0,0,0,0,0,0,0,0,0,0,0,0,0,0,0,0,0,0,0,0,0,0,0,0,0,0,0,0,0,0,0,0,0,0,0,0,0,0,0,0,0,0,0,0,0,0,0,0,0,0,0,0,0,0,0,0,0,0,0,0,0,0,0,0,0,0,0,0,0,0,0,0,0,0,0,0,0,0,0,0,0,0,0,0,0,0,0,0,0,0,0,0,0,0,0,0,0,0,0,0,0,0,0,0,0,0,0,0,0,0,0,0,0,0,0,0,0,0,0,0,0,0,0,0,0,0,0,0,0,0,0,0,0,0,0,0,0,0,0,0,0,0,0,0,0,0,0,0,0,0,0,0,0,0,0,0,0,0,0,0
180,https://el.wikipedia.org/wiki/%CE%A1%CE%B7%CF%84%CE%BF%CF%81%CE%B9%CE%BA%CE%AE_%CE%BC%CE%AF%CF%83%CE%BF%CF%85%CF%82,Wikipedia,"
Hate speech, outside of the specific descriptions provided by state laws, is rhetoric that expresses hatred or encourages violence against an individual or against a group based on characteristics such as gender, ethnicity, religion, race, disability or sexual orientation.[1][2]",0,Greek,0,0,1,0,0,0,0,0,0,0,1,0,0,1,1,0,1,0,0,0,0,0,0,0,0,0,1,0,1,1,0,0,0,0,0,0,0,0,0,0,0,0,0,0,0,0,0,0,0,0,0,0,0,0,0,0,0,0,0,0,0,0,0,0,0,0,0,0,0,0,0,0,0,0,0,0,0,0,0,0,0,0,0,0,0,0,0,0,0,0,0,0,0,0,0,0,0,0,0,0,0,0,0,0,0,0,0,0,0,0,0,0,0,0,0,0,0,0,0,0,0,0,0,0,0,0,0,0,0,0,0,0,0,0,0,0,0,0,0,0,0,0,0,0,0,0,0,0,0,0,0,0,0,0,0,0,0,0,0,0,0,0,0,0,0,0,0,0,0,0,0,0,0,0,0,0,0,0,0,0,0,0,0,0,0,0,0,0,0,0,0,0,0,0,0,0,0,0,0,0,0,0,0,0,0,0,0,0,0,0,0,0,0,0,0,0,0,0,0,0,0,0,0,0,0,0,0,0,0,0,0,0,0,0,0,0,0,0,0,0,0,1,0,0,0
181,https://en.wikipedia.org/wiki/Hate_speech,Wikipedia,"Hate speech is a term with varied meaning and has no single, consistent definition. It is defined by the Cambridge Dictionary as ""public speech that expresses hate or encourages violence towards a person or group based on something such as race, religion, sex, or sexual orientation"".[1] The Encyclopedia of the American Constitution states that hate speech is ""usually thought to include communications of animosity or disparagement of an individual or a group on account of a group characteristic such as race, color, national origin, sex, disability, religion, or sexual orientation"".[2] There is no single definition of what constitutes ""hate"" or ""disparagement"". Legal definitions of hate speech vary from country to country.
","cambridge dict, encyclopedia of the American Constitution",English,0,0,0,0,0,0,0,1,0,0,1,0,1,0,1,0,1,0,0,0,0,1,0,0,0,0,1,0,1,1,0,0,0,0,0,0,0,0,0,0,0,1,0,0,0,0,0,0,0,0,0,0,0,0,0,0,0,0,0,0,0,0,0,0,0,0,0,0,0,0,0,0,0,0,0,0,0,0,0,0,0,0,0,0,0,0,0,0,0,0,0,0,0,1,0,0,0,0,0,0,0,0,0,0,0,0,0,0,0,0,0,0,0,0,0,0,0,0,0,0,0,0,0,0,0,0,0,0,0,0,0,0,0,0,0,0,0,0,0,0,0,0,0,0,0,0,0,0,0,0,0,0,0,0,0,0,0,0,0,0,0,0,0,0,0,0,0,0,0,0,0,0,0,0,0,0,0,0,0,0,0,0,0,0,0,0,0,0,0,0,0,0,0,0,0,0,0,0,0,0,0,0,0,0,0,0,0,1,0,0,0,0,0,0,0,0,0,0,0,0,0,0,0,0,0,0,0,0,0,0,0,0,0,0,0,0,0,0,0,0,0,1,0,0,0
182,https://es.wikipedia.org/wiki/Discurso_de_odio,Wikipedia,"Hate speech is the communicative action that aims to promote and feed a prejudiced, erroneous, stigmatizing and destructive opinion towards a group of individuals historically discriminated against or persecuted[1]​ for racial, ethnic, religious, national origin, sexual orientation, gender identity, disability, etc.[2] This speech is propagated with malicious intent to incite the interlocutor or reader to participate in the humiliation and marginalization against the group, and even to commit violent actions against him (incitement to hatred).[3]​[1]​
",0,Spanish,0,0,0,0,0,0,0,0,0,0,1,0,0,1,1,0,1,0,0,0,0,1,0,0,0,0,1,0,1,1,0,0,0,0,0,0,0,0,0,1,0,0,0,0,0,0,0,0,0,0,0,0,0,0,0,0,0,0,0,0,0,0,0,0,0,0,0,0,0,0,0,0,0,0,0,0,0,0,0,0,0,0,0,0,0,0,0,0,0,0,0,0,0,0,0,0,0,0,0,0,0,0,0,0,0,0,0,0,0,0,0,0,0,0,0,0,0,0,0,0,0,0,0,0,0,0,0,0,0,1,0,0,0,0,0,0,0,0,0,0,0,0,0,0,0,0,0,0,0,0,0,0,0,1,1,0,0,0,0,0,0,0,0,0,0,0,0,0,0,0,0,0,1,0,0,0,0,0,0,0,0,0,0,0,0,0,1,0,0,0,0,0,0,0,0,0,0,0,0,0,0,0,0,0,0,0,0,0,0,0,0,0,0,0,0,0,0,0,0,0,0,1,0,1,0,0,0,0,0,0,0,0,0,0,0,0,0,0,0,0,0,1,0,0,0
183,https://et.wikipedia.org/wiki/Vaenuk%C3%B5ne,Wikipedia,"Hate speech or incitement to hatred (hate speech in English) is denigration or hatred directed against a person or a group of persons on the basis of belonging to a social group.[1][2][3][4][5]
In the Estonian Penal Code, ""inciting hatred"" is defined as a composition in section 151.
Hate speech can also be understood as angry speech, i.e. something said out of anger, which is something else. In this regard, the content of the matter is better conveyed by the name hate speech, because it is the intentional incitement of hatred towards a social group that is meant.[6]


Definition[edit | edit source text]
There is no unified definition of hate speech.[1] According to one of the more common definitions, hate speech is a public verbal or written expression of opinion that threatens, insults or humiliates a group of persons based on their race, skin colour, national or ethnic origin, religion, disability or sexual orientation. Hate speech can also be directed against an individual. Hate speech is not based on an individual's personal characteristics, but on belonging to a certain group.[3][7]",0,Estonian,0,0,0,0,0,0,0,1,0,0,1,0,0,1,1,0,1,0,0,1,0,1,0,0,0,0,1,0,1,1,0,0,1,0,0,0,0,0,0,0,0,0,0,0,0,0,0,0,0,0,0,0,0,0,0,0,0,0,0,0,0,0,0,0,0,0,0,0,0,0,0,0,0,0,0,1,0,0,0,0,0,0,0,0,0,0,0,0,0,0,0,0,0,0,0,0,0,0,0,0,0,0,0,0,0,0,0,0,0,0,0,0,0,0,0,0,0,0,0,0,0,0,0,0,0,0,0,0,0,1,0,0,0,0,0,0,0,0,0,0,0,0,0,0,0,0,0,0,0,0,0,0,0,0,0,0,0,0,0,0,0,0,0,0,0,0,0,0,0,0,0,0,0,0,0,0,0,0,0,0,0,0,0,0,0,0,0,0,0,0,0,0,0,0,0,0,0,0,0,0,0,0,0,0,0,0,0,0,0,0,0,0,0,0,0,0,0,0,0,0,0,0,0,0,0,0,0,0,0,0,0,0,0,0,0,0,0,0,0,0,0,0,0,0,0
184,https://eu.wikipedia.org/wiki/Gorroto-diskurtso,Wikipedia,"The expression of hate discourse is against people and groups of hatred and prejudices, promoting them or disrespecting them, their race, ethnicity, nationality, appearance, sexual trend, language, political or moral trendor because of socioeconomic status. [1]",0,Basque,1,0,0,1,0,0,0,0,0,0,0,0,0,1,1,0,1,0,0,0,0,1,0,0,1,0,1,0,0,1,0,0,0,0,0,0,0,0,0,0,0,0,0,0,0,0,0,0,0,0,0,0,0,0,0,0,0,0,0,0,0,0,0,0,0,0,0,0,0,0,0,0,0,0,0,0,0,0,0,0,0,0,0,0,0,0,0,0,0,0,0,0,0,0,0,0,0,0,0,0,0,0,0,0,0,0,0,0,0,0,0,0,0,0,0,0,0,0,0,0,0,0,0,0,0,0,0,0,0,0,0,0,0,0,0,0,0,0,0,0,0,0,0,0,0,0,0,0,0,0,1,0,0,0,0,0,0,0,0,0,0,0,0,0,0,0,0,0,0,0,0,0,0,0,0,0,0,0,0,0,0,0,0,0,0,0,1,0,0,0,0,0,0,0,0,0,0,0,0,0,0,0,0,0,0,0,0,0,0,0,0,0,0,0,0,0,0,0,0,0,1,0,0,0,0,0,0,0,0,0,0,0,0,0,0,0,0,0,0,0,0,0,0,0,0
185,https://fa.wikipedia.org/wiki/%D9%86%D9%81%D8%B1%D8%AA%E2%80%8C%D9%BE%D8%B1%D8%A7%DA%A9%D9%86%DB%8C,Wikipedia,"Hate Speech (in English: Hate Speech) is speech that attacks a person or a group based on characteristics such as race, gender, religion, ethnicity, nationality, gender, sexual orientation, or gender identity.[1]",0,Persian,0,0,0,0,1,0,0,0,0,0,0,0,0,1,1,0,0,0,0,0,0,1,0,0,0,0,1,0,1,1,0,0,0,0,0,0,0,0,0,0,0,0,0,0,0,0,0,0,0,0,0,0,0,0,0,0,0,0,0,0,0,0,0,0,0,0,0,0,0,0,0,0,0,0,0,0,0,0,0,0,0,0,0,0,0,0,0,0,0,0,0,0,0,0,0,0,0,0,0,0,0,0,0,0,0,0,0,0,0,0,0,0,0,0,0,0,0,0,0,0,0,0,0,0,0,0,0,0,0,0,0,0,0,0,0,0,0,0,0,0,0,0,0,0,0,0,0,0,0,0,0,0,0,0,0,0,0,0,0,0,0,0,0,0,0,0,0,0,0,0,0,0,0,0,0,0,0,0,0,0,0,0,0,0,0,0,0,0,0,0,0,0,0,0,0,0,0,0,0,0,0,0,0,0,0,0,0,0,0,0,0,0,0,0,0,0,0,0,0,0,0,0,0,0,0,0,0,0,0,0,0,0,0,0,0,0,0,0,0,0,0,0,0,0,0
186,https://fi.wikipedia.org/wiki/Vihapuhe,Wikipedia,"Hate speech means using language marked by hatred.[1] According to the dictionary of the Language Agency, hate speech is speech that expresses or incites hatred or intolerance, especially towards minorities.[2] However, it can also target the mainstream population.[3] Hate speech is not defined in Finnish legislation, and the Criminal Code does not recognize it.[4][5] In general language and public discussion, the term has become a concept open to interpretation.[4] Neither the academic community nor the authorities have produced an unequivocal definition of hate speech.[6][7] Hate speech is common especially online, where it can take the form of digital violence. source?
The Finnish concept of hate speech comes from the English expression hate speech,[8] which became popular in the 1990s.[9] The word has still been known in the Finnish language since at least the 19th century.[10]",dictionary of language agency.,Finnish,0,0,0,0,0,0,0,0,0,0,0,0,0,0,0,0,1,0,0,0,1,0,0,0,0,0,0,0,0,0,0,0,0,0,0,0,0,0,0,0,0,0,0,0,0,0,0,0,0,0,0,0,0,0,0,0,0,0,0,0,0,0,0,0,0,0,0,0,0,0,0,0,0,0,0,0,0,0,0,0,0,0,0,0,0,0,0,0,0,0,0,0,0,0,0,0,0,0,0,0,0,0,0,0,0,0,0,0,0,0,0,0,0,0,0,0,0,0,0,0,0,0,0,0,0,0,0,0,0,0,0,0,0,0,0,0,0,0,0,0,0,0,0,0,0,0,0,1,0,0,0,0,0,0,0,0,0,0,0,0,0,0,0,0,0,0,0,0,0,0,0,0,0,0,0,0,0,0,0,0,0,0,0,0,0,0,0,0,0,0,0,0,0,0,0,0,0,0,0,0,0,0,0,0,0,0,0,0,0,0,0,0,0,0,0,0,0,0,0,0,0,0,0,0,0,0,0,0,0,0,0,0,0,0,0,0,0,0,0,0,0,0,0,0,0
187,https://fr.wikipedia.org/wiki/Discours_de_haine,Wikipedia,"Hate speech (or “hate speech”, “hate speech”) designates a type of speech or system which (beyond occasional violence or insult in terms of force and nature[1] ) attacks a person or group of people on the basis of various characteristics (skin color, ethnicity, age, gender, sexual orientation, religion, etc.). 

",0,French,0,0,1,0,1,0,0,1,0,0,0,0,0,1,1,0,0,0,0,0,0,0,0,0,0,0,1,0,1,1,0,0,0,0,0,0,0,0,0,0,0,0,0,0,0,0,0,0,0,0,0,0,0,0,0,0,0,0,0,0,0,0,0,0,0,0,0,0,0,0,0,0,0,0,0,0,0,0,0,0,0,0,0,0,0,0,0,0,0,0,0,0,0,0,0,0,0,0,0,0,0,0,0,0,0,0,0,0,0,0,0,0,0,0,0,0,0,0,0,0,0,0,0,0,0,0,0,0,0,0,0,0,0,0,0,0,0,0,0,0,0,0,0,0,0,0,0,0,0,0,0,0,0,0,0,0,0,0,0,0,0,0,0,0,0,0,0,0,0,0,0,0,0,0,0,0,0,0,0,0,0,0,0,0,0,0,0,0,0,0,0,0,0,0,0,0,0,0,0,0,0,0,0,0,0,0,0,0,0,0,0,0,0,0,0,0,0,0,0,0,0,0,0,0,0,0,0,0,0,0,0,0,0,0,0,0,0,0,0,0,0,0,0,0,0
188,https://he.wikipedia.org/wiki/%D7%94%D7%A1%D7%AA%D7%94,Wikipedia,"Incitement is an attempt to persuade a person or group of people to commit a negative act, usually a crime. In many cases, a distinction is made between a criminal offense of the type of solicitation, which refers to the persuasion of a single person, and incitement, which refers to the persuasion of a public of people.
In many countries (especially in Europe), there are comprehensive laws that define as a crime any attempted incitement to commit an act that violates the law.
In Israel, in addition to the general offense of solicitation, the Penal Code specifically states several acts whose incitement constitutes a criminal offense.
In order to establish the offense of incitement, it is necessary to prove an objective probability that the words will turn into actions. Also, it is required to prove that the expresser specifically meant the criminal consequences to which he incited.
In the United States, the crime of incitement (solicitation) applies whether or not the crime was committed. On the other hand, in Europe, when the offense did not occur, the solicitation is called ""incitement"", and when the offense was committed, the instigator is prosecuted for conspiracy.


Hate speech[edit source code | editing]
A special type of incitement is hate speech: the transmission of messages to a listening audience, which are intended to detract from the value or dignity of a person or a human group, based on characteristics such as race, religion, nationality or sexual orientation[1]. Hate speech can be a speech, a gesture, a cartoon, a movie, a written message or a performance, which has the purpose of promoting or encouraging violence, between people or groups, or instilling fear in an individual or group, or lowering their value or dignity. In some countries, hate speech may be against the law and considered incitement. There may be different classifications of a person or group in the law, under characteristics such as race, gender, ethnicity, nationality, religion or sexual orientation.
Hate speech, together with demonization (a type of hate speech in which the object of hatred is presented as demonic or non-human), is considered incitement in many countries even if it does not explicitly call for violence, as they allow the blood of the object of hatred and encourage violence against them by presenting it as the root of evil and canceling his right to life, health and security. Often incitement to commit violence combines in its rhetoric words of hatred and demonization, with the most well-known example being the incitement against the Jews in Nazi Germany, which led to violence (both organized and spontaneous) against them and finally to the Holocaust.",0,Hebrew,0,0,0,0,0,0,0,0,0,0,0,0,0,1,1,0,0,0,0,0,0,1,1,0,0,0,1,0,1,1,0,0,0,0,0,0,0,0,0,0,0,0,0,0,0,0,0,0,0,0,0,0,0,0,0,0,0,0,0,0,0,0,0,0,0,0,0,0,0,0,0,0,0,0,0,0,0,0,0,0,1,0,0,0,0,0,0,0,0,0,0,0,0,0,0,0,0,0,0,0,0,0,0,0,0,0,0,0,0,0,0,0,1,0,0,0,0,0,0,0,0,0,0,0,0,0,0,0,0,0,0,0,0,0,0,0,0,0,0,0,0,0,0,0,0,0,0,0,0,0,0,0,0,0,0,0,0,0,0,0,0,0,0,0,0,0,0,0,0,0,0,0,0,0,0,0,0,0,0,0,0,0,0,0,0,0,0,0,0,0,0,0,0,0,0,0,0,0,0,0,0,0,0,0,0,0,0,0,0,0,0,0,0,0,0,0,0,0,0,0,0,0,0,0,0,0,0,0,0,0,0,0,0,0,0,0,0,0,0,0,0,1,0,0,0
189,https://hi.wikipedia.org/wiki/%E0%A4%A6%E0%A5%8D%E0%A4%B5%E0%A5%87%E0%A4%B7%E0%A4%AA%E0%A5%82%E0%A4%B0%E0%A5%8D%E0%A4%A3_%E0%A4%AD%E0%A4%BE%E0%A4%B7%E0%A4%A3,Wikipedia,"Hate speech is defined by the Cambridge Dictionary, ""Public speech that expresses hatred to a person or group on the basis of something like race, religion, gender or sexual orientation"" or encourages violence "". [1] The encyclopedia of the US Constitution states that hatred speech ""typically"" due to group characteristics like race, color, national origin, gender, disability, religion, or sexual relationCommunication is considered involved. ""Orientation ""[2] The legal definitions of disgusting speech vary in different countries.","cambridge dict, encyclopedia of the American Constitution",Hindi,0,0,0,0,0,0,0,1,0,0,1,0,0,0,1,0,1,0,0,0,0,1,0,0,0,0,1,0,1,1,0,0,0,0,0,0,0,0,0,0,0,0,0,0,0,0,0,0,0,1,0,0,0,0,0,0,0,0,0,0,0,0,0,0,0,0,0,0,0,0,0,0,0,0,0,0,0,0,0,0,0,0,0,0,0,0,0,0,0,0,0,0,0,0,0,0,0,0,0,0,0,0,0,0,0,0,0,0,0,0,0,0,0,0,0,0,0,0,0,0,0,0,0,0,0,0,0,0,0,0,0,0,0,0,0,0,0,0,0,0,0,0,0,0,0,0,0,0,0,0,0,0,0,0,0,0,0,0,0,0,0,0,0,0,0,0,0,0,0,0,0,0,0,0,0,0,0,0,0,0,0,0,0,0,0,0,0,0,0,0,0,0,0,0,0,0,0,0,0,0,0,0,0,0,0,0,0,0,0,0,0,0,0,0,0,0,0,0,0,0,0,0,0,0,0,0,0,0,0,0,0,0,0,0,0,0,0,0,0,0,0,1,0,0,0
190,https://hr.wikipedia.org/wiki/Govor_mr%C5%BEnje,Wikipedia,"Hate speech is an oral or written speech that comes down to publicly causing or causing hatred of a particular group (or individual person) because of someone of its determination (such as race, gender, gender, religion, sexuality, disability and so on) for the purpose of creatingintolerance, discord, discrimination, violence and/or burning already existing hatred by developing, stronger and deepening by public speech of hatred.
",0,Croatian,0,0,0,0,0,0,0,0,0,0,1,0,0,0,1,0,1,0,0,0,0,0,0,0,0,0,1,0,1,1,0,0,0,0,0,0,0,0,0,0,0,0,0,0,0,0,0,0,0,0,0,0,0,0,0,0,0,0,0,0,0,0,0,0,0,0,0,0,0,0,0,0,0,0,0,0,0,0,0,0,0,0,0,0,1,0,0,1,0,0,0,0,0,0,0,0,0,0,0,0,0,0,0,0,0,0,0,0,0,0,0,0,0,0,0,0,0,0,0,0,0,0,0,0,0,0,0,0,0,0,0,0,0,0,0,0,0,0,0,0,0,0,0,0,0,0,0,1,0,0,0,0,0,0,0,0,0,0,0,0,0,0,0,0,0,0,0,0,0,0,0,0,0,0,0,0,0,0,0,0,0,0,0,0,0,0,0,0,0,0,0,0,0,0,0,0,0,0,0,0,0,0,0,0,0,0,0,1,0,0,0,0,0,0,0,0,0,0,0,0,0,0,0,0,0,0,0,0,0,0,0,0,0,0,0,0,0,0,0,0,0,1,0,0,0
191,https://ht.wikipedia.org/wiki/Diskou_rayisab,Wikipedia,"Hate speech (or Hate speech) means a type of speech or system that (worse than violence or insults that have to do with force and nature [1] ) attacks a person or a group of people on the basis of various characteristics (skin color, ethnicity, age, gender, sexual orientation, religion, etc.). History has shown that hate speech can lead to suicides [2], lynchings, mass shootings [3], [4], [5], explosive attacks [6], wars, mass crimes and genocidal processes such as in the former Yugoslavia and Rwanda. (see: encouragement of genocide) [7] .
Hate speech is often an incitement to racial hatred; is the most legally held offense, in particular in the law against racism and hate speech. It is also regularly condemned for its sexist and homophobic nature.
It can be transmitted by people, political authorities, or institutions (religious, associations, media...).",0,Haitian,0,0,1,0,1,0,0,1,0,0,0,0,0,1,1,0,1,0,0,1,0,0,0,0,0,0,0,0,1,1,0,0,0,0,0,0,0,0,0,0,0,0,0,0,0,0,0,0,0,0,0,0,0,0,0,0,0,0,0,0,0,0,0,0,0,0,0,0,0,0,0,0,0,0,0,0,0,0,0,0,0,0,0,0,0,0,0,0,0,0,0,0,0,0,0,0,0,0,0,0,0,0,0,0,0,0,0,0,0,0,0,0,0,0,0,0,0,0,0,0,0,0,0,0,0,0,0,0,0,0,0,0,0,0,0,0,0,0,0,0,0,0,0,0,0,0,0,0,0,0,0,0,0,0,0,0,0,0,0,0,0,0,0,0,0,0,0,0,0,0,0,0,0,0,0,0,0,0,0,0,0,0,0,0,0,0,0,0,0,0,0,0,0,0,0,0,0,0,0,0,0,0,0,0,0,0,0,0,0,0,0,0,0,0,0,0,0,0,0,0,0,0,0,0,0,0,0,0,0,0,0,0,0,0,0,0,0,0,0,0,0,1,0,0,0
192,https://hu.wikipedia.org/wiki/Gy%C5%B1l%C3%B6letbesz%C3%A9d,Wikipedia,"Hate speech is an oral or written expression whose purpose is to humiliate or intimidate a social group or to provoke violence or prejudice against its members. Hate speech is mostly directed against groups based on gender, race, ethnicity, nationality, religion, or sexuality.",0,Hungarian,0,0,0,0,0,0,0,0,0,0,0,0,0,1,1,0,0,0,0,0,0,1,0,0,0,1,1,0,1,1,0,0,0,0,0,0,0,0,0,0,0,0,0,0,0,0,0,0,0,0,0,0,0,0,0,0,0,0,0,0,0,0,0,0,0,0,0,0,0,0,0,0,0,0,0,0,0,0,0,0,0,0,0,0,0,0,0,0,0,0,0,0,0,0,0,0,0,0,0,0,0,0,0,0,0,0,0,0,0,0,0,0,0,0,0,0,0,0,0,0,0,0,0,0,0,0,0,0,0,1,0,0,0,0,0,0,0,0,0,0,0,0,0,0,0,1,0,0,0,0,0,0,0,0,0,0,0,0,0,0,0,0,0,0,0,0,0,0,0,0,0,0,0,0,0,0,0,0,0,0,0,0,0,0,0,0,1,0,0,0,0,0,0,0,0,0,0,0,0,0,0,0,0,0,0,0,0,0,0,0,0,0,0,0,0,0,0,0,0,0,0,0,0,0,0,0,0,0,0,0,0,0,0,0,0,0,0,0,0,0,0,1,0,0,0
193,https://hy.wikipedia.org/wiki/%D4%B1%D5%BF%D5%A5%D5%AC%D5%B8%D6%82%D5%A9%D5%B5%D5%A1%D5%B6_%D5%AD%D5%B8%D5%BD%D6%84,Wikipedia,"Hate speech, a manifestation of public (public) speech that expresses hatred or encourages violence against a person or group of persons due to such characteristics as a person's race, gender, religious affiliation, ethnic group, gender identity, skin color, sexual orientation, disability, etc. [1]. It covers many forms of expression that, for various reasons, spread, incite, promote or justify hatred, violence and discrimination against a person or group of persons.[2] Hate speech poses a serious threat to democratic society, protection of human rights and ensuring the rule of law. Manifestations of indifference towards the latter can lead to wide-scale violence and clashes. In this sense, hate speech is an extreme manifestation of intolerance, which contributes to the emergence of hate crimes.
",0,Armenian,0,0,0,0,0,0,0,1,0,0,1,0,0,1,1,0,1,0,0,0,0,0,0,0,0,0,1,0,1,1,0,0,0,0,0,0,0,0,0,0,0,0,0,0,0,0,0,0,0,0,0,0,0,0,0,0,0,0,0,0,0,0,0,0,0,0,0,0,0,0,0,0,0,0,0,0,0,0,0,0,0,0,0,0,0,0,0,1,0,0,0,0,0,0,0,0,0,0,0,0,0,0,0,0,0,0,0,0,0,0,0,0,0,0,0,0,0,0,0,0,0,0,0,0,0,0,0,0,0,0,0,0,0,0,0,0,0,0,0,0,0,0,0,0,0,0,0,1,0,0,0,0,0,0,0,0,0,0,0,0,0,0,0,0,0,0,0,0,0,0,0,0,0,0,0,0,0,0,0,0,0,0,0,0,0,0,0,0,0,0,0,0,0,0,0,0,0,0,0,0,0,0,0,0,0,0,0,0,0,0,0,0,0,0,0,0,0,0,0,0,0,0,0,0,0,0,0,0,0,0,0,0,0,0,0,0,0,0,0,0,0,1,0,0,0
194,https://id.wikipedia.org/wiki/Ujaran_kebencian,Wikipedia,"Hate speech (English: hate speech) is an act of communication carried out by an individual or group in the form of provocation, incitement, or insults to other individuals or groups in terms of various aspects such as race, skin color, ethnicity, gender, disability,[ 1] sexual orientation,[2] citizenship, religion, etc.[3]
In a legal sense, hate speech is words, behavior, writing, or performances that are prohibited because they can trigger acts of violence and prejudice, whether on the part of the perpetrator, the statement, or the victim of the act.[4] Websites that use or implement hate speech are called hate sites. Most of these sites use internet forums and news to reinforce a particular point of view.[5]
]",0,Indonesian,0,0,0,0,0,0,0,1,0,0,1,0,0,1,1,0,1,0,0,1,0,0,0,0,0,1,1,0,1,1,0,0,0,0,0,0,0,0,0,0,0,0,0,0,0,0,0,0,0,0,0,0,1,0,0,0,0,0,0,0,0,0,0,0,0,0,0,0,0,0,0,0,0,0,0,0,0,0,0,0,0,0,0,0,0,0,0,0,0,0,0,0,0,0,0,0,0,0,0,0,0,0,0,0,0,0,0,0,0,0,0,0,0,0,0,0,0,0,0,0,0,0,0,0,0,0,0,0,0,0,0,0,0,0,0,0,0,0,0,0,0,0,0,0,0,0,0,0,0,0,0,0,0,0,0,0,0,0,0,0,0,0,0,0,0,0,0,0,0,0,0,0,0,0,0,0,0,0,0,0,0,0,0,0,0,0,1,0,0,0,0,0,0,0,0,0,0,0,0,0,0,0,0,0,0,0,0,0,0,0,0,0,0,0,0,0,0,0,0,0,0,0,0,0,0,0,0,0,0,0,0,0,0,0,0,0,0,0,0,0,0,1,0,0,0
195,https://is.wikipedia.org/wiki/Hatursor%C3%B0r%C3%A6%C3%B0a,Wikipedia,"Hate Speech is, in a general sense, a rhetoric that depends on a person or a group on the basis of, for example, race, religion, gender, disability or sexual orientation.
In a legal sense, hate speech is any of the rhetoric, gesture or behavior, writing or expression, which is prohibited because it may encourage violence or criminal acts against a person or group that enjoys the protection of the law, or because is lowly or threatening for such a person or group.",0,Icelandic,0,0,0,0,0,0,0,0,0,0,1,0,0,0,1,0,0,0,0,0,0,0,0,0,0,0,1,0,1,1,0,0,1,0,0,0,0,0,0,0,0,0,0,0,0,0,0,0,0,0,0,0,0,0,0,0,0,0,0,0,0,0,0,0,0,0,0,0,0,0,0,0,0,0,0,0,0,0,0,0,0,0,0,0,0,0,0,0,0,0,0,0,0,0,0,0,0,0,0,0,0,0,0,0,0,0,0,0,0,0,0,0,0,0,0,0,0,0,0,0,1,0,0,0,0,0,0,0,0,0,0,0,0,0,0,0,0,0,0,0,0,0,0,0,0,0,0,0,0,0,0,0,0,0,0,0,0,0,0,0,0,0,0,0,0,0,0,0,0,0,0,0,0,0,0,0,0,0,0,0,0,0,0,0,0,0,0,0,0,0,0,0,0,0,0,0,0,0,0,0,0,0,0,0,0,0,0,0,0,0,0,0,0,0,0,0,0,0,0,0,0,0,0,0,0,0,0,0,0,0,0,0,0,0,0,0,0,0,0,0,0,1,0,0,0
196,https://it.wikipedia.org/wiki/Incitamento_all%27odio,Wikipedia,"Hate speech[1] or hate speech[2] (translation of the English term hate speech[3]) is a communication with verbal[4] and non-verbal[5] elements aimed at expressing and spreading hatred and intolerance, or to incite prejudice and fear towards an individual or a group of individuals who share ethnicity, sexual or religious orientation, disability, other social or cultural belonging. The phenomenon has acquired particular visibility and extension with the spread of social networks, fueling the legal debate and pushing governments and associations to implement containment or repression actions.[6]",0,Italian,0,0,0,0,0,0,0,0,0,0,1,0,0,1,0,0,1,0,0,0,0,0,0,0,0,0,0,0,1,1,0,0,0,0,0,0,0,0,0,0,0,0,0,0,0,0,0,0,0,0,0,0,0,0,0,0,0,0,0,0,0,0,1,0,0,0,0,0,0,0,0,0,0,0,0,0,0,0,0,0,0,0,0,0,0,0,0,0,0,0,0,0,0,0,0,0,0,0,0,0,0,0,0,0,0,0,0,0,0,0,0,0,1,0,0,0,0,0,0,0,0,0,0,0,0,0,0,0,0,0,0,0,0,0,0,0,0,0,0,0,0,0,0,0,0,0,0,1,0,0,0,0,0,0,0,0,0,0,0,0,0,0,0,0,0,0,0,0,0,0,0,0,0,0,0,0,0,0,0,0,0,0,0,0,0,0,1,0,0,0,0,0,0,0,0,0,0,0,0,0,0,0,0,0,0,0,0,0,0,0,0,0,0,0,0,0,0,0,0,0,0,0,0,0,0,0,0,0,0,0,0,0,0,0,0,0,0,0,0,0,0,0,0,0,0
197,https://ja.wikipedia.org/wiki/%E3%83%98%E3%82%A4%E3%83%88%E3%82%B9%E3%83%94%E3%83%BC%E3%83%81,Wikipedia,"Hate speech is defined as hate speech based on race, national origin, ethnicity, religion, sexual orientation, gender, physical appearance, health (disability), economic or social origin, or other identity factors. It refers to speech or behavior that attacks, threatens, or insults an individual or group.[1][2][3][4][5] There is no common interpretation in each country regarding what kind of speech specifically refers to hate speech, and legal definitions vary from country to country.
There has been much discussion about freedom of speech, hate speech, and hate speech laws.[6] The laws of some countries define hate speech as “inciting violence or prejudiced behavior against groups or individuals because of their membership in a group, or defaming or denigrating groups or individuals because of their membership in a group. [7][8] Furthermore, in some countries, including the United States, much of what is considered ""hate speech"" is protected by the constitution.[9][10]",0,Japanese,0,0,0,1,1,0,0,0,0,0,1,1,0,1,1,0,0,0,0,1,0,1,0,0,0,0,1,0,1,1,0,0,1,0,0,0,0,0,0,0,0,0,0,0,0,0,0,0,0,0,0,0,0,0,0,0,0,0,0,0,0,0,0,0,0,0,0,0,0,0,0,0,0,0,0,0,0,0,0,0,0,0,0,0,0,0,0,0,0,0,0,0,0,0,0,0,0,0,0,1,1,0,0,0,0,0,0,0,0,0,0,0,0,0,0,0,0,0,0,0,0,0,0,0,0,0,0,0,0,0,0,0,0,0,0,0,0,0,0,0,0,0,0,0,0,0,0,0,0,0,0,0,0,0,0,0,0,0,0,0,0,0,0,0,0,0,0,0,0,1,0,0,0,0,0,0,0,0,0,0,0,0,0,0,0,0,1,0,0,0,0,0,0,0,0,0,0,0,0,0,0,0,0,0,0,0,0,0,0,0,0,0,0,0,0,0,0,1,0,0,0,0,0,0,0,0,0,0,0,0,0,0,0,0,0,0,0,0,0,0,0,1,0,0,0
198,https://ko.wikipedia.org/wiki/%EC%A6%9D%EC%98%A4%EC%96%B8%EC%84%A4,Wikipedia,"Hateful words or hateful words are racial, sex, age, ethnicity, nationality, religion, gender identity, disability, language ability, morality or political view, social class, job and appearance, intellectual ability, blood typeIt is a remark that contains intentional disparity, threats, and incitement for prejudice against specific groups and violence.In English, it is called Hate Speech.",0,Korean,0,0,1,1,0,0,0,0,0,0,1,0,1,1,1,0,0,0,0,0,0,1,0,0,1,0,1,0,1,1,0,0,1,0,0,0,0,0,0,0,0,0,0,0,0,0,0,0,0,0,0,0,0,0,0,0,0,0,0,0,0,0,0,0,0,0,0,0,0,0,0,0,0,0,0,0,0,0,0,0,0,0,0,0,0,0,0,0,0,0,0,0,0,0,0,0,0,0,0,0,0,0,0,0,0,0,0,0,0,0,0,0,0,0,0,0,0,0,0,0,0,0,0,0,0,0,0,0,0,0,0,0,0,0,0,0,0,0,0,0,0,0,0,0,0,0,0,0,0,1,1,0,0,0,0,0,0,0,0,0,0,1,0,0,0,0,0,0,0,0,0,0,0,0,0,0,0,0,0,0,0,0,0,0,0,0,0,0,0,0,0,0,0,0,0,0,0,0,0,0,0,0,0,0,0,0,0,1,0,0,0,0,1,0,0,0,0,0,0,0,0,0,0,0,0,0,0,0,0,0,0,0,0,0,0,0,0,0,0,0,0,0,0,0,0
199,https://mk.wikipedia.org/wiki/%D0%93%D0%BE%D0%B2%D0%BE%D1%80_%D0%BD%D0%B0_%D0%BE%D0%BC%D1%80%D0%B0%D0%B7%D0%B0,Wikipedia,"Hate speech — a term that denotes speech intended to degrade, disturb, or cause violence or actions based on prejudice against persons or groups of people on the basis of their race, gender, age, ethnicity, nationality, religion, sexual orientation, gender identity, disability, language ability, moral or political views, socioeconomic class, occupation or appearance (such as height, weight, and hair color), mental capacity, and any other characteristic[1]. The term refers to both written and oral communication, as well as some forms of behavior in a public place.
Hate speech operates outside the law, speech that offends a particular person or group in terms of discrimination against that person or group.
According to the law, hate speech is any speech, gesture or behavior, written text, or display that is prohibited because it is likely to incite violence or prejudice against or by a protected individual or group, or that degrades or intimidates a particular individual. or a group. The law may recognize the protected individual or group according to certain characteristics. In some states, any victim of hate speech can seek redress under civil, criminal law, or both. ",0,Macedonian,0,0,1,1,0,0,0,0,0,0,1,0,0,1,1,0,0,0,0,0,0,1,1,0,1,0,1,0,1,1,0,0,1,0,0,0,0,0,0,0,0,0,0,0,0,0,0,0,1,0,0,0,0,0,0,0,0,0,0,0,0,0,0,0,0,0,0,0,0,0,1,0,0,0,0,0,0,0,0,0,0,0,0,0,0,0,0,0,0,0,0,0,0,0,1,1,0,0,0,0,0,0,0,0,0,0,0,0,0,0,0,0,0,0,0,0,0,0,0,0,0,0,0,0,0,0,0,0,0,0,0,0,0,0,0,0,0,0,0,0,0,0,0,1,0,0,0,0,0,0,1,0,0,0,0,0,1,0,0,0,0,0,0,0,0,0,0,1,0,0,0,0,0,0,0,0,0,0,0,0,0,0,0,0,0,0,1,0,0,0,0,0,0,0,0,0,0,0,0,0,0,0,0,0,0,0,0,0,0,0,0,0,0,0,0,0,0,0,0,1,0,0,0,0,0,0,0,0,0,0,0,0,0,0,0,0,0,0,0,0,0,1,0,0,0
200,https://my.wikipedia.org/wiki/%E1%80%A1%E1%80%99%E1%80%AF%E1%80%94%E1%80%BA%E1%80%B8%E1%80%85%E1%80%80%E1%80%AC%E1%80%B8%E1%80%95%E1%80%BC%E1%80%B1%E1%80%AC%E1%80%81%E1%80%BC%E1%80%84%E1%80%BA%E1%80%B8,Wikipedia,"Hate speech is against the law and is discriminatory against a person or a group of people. According to the law, hate speech is verbal or non-verbal. Whether by behavior or either in writing or Attacking an organization or person outside of the law, either by showing it or by showing it.",0,Burmese,0,0,0,0,1,0,0,0,0,0,0,0,0,0,0,0,0,0,0,0,0,0,0,0,0,0,0,0,0,0,0,0,0,0,0,0,0,0,0,0,0,0,0,0,0,0,0,0,0,0,0,0,0,0,0,0,0,0,0,0,0,0,0,0,0,0,0,0,0,0,0,0,0,0,0,0,0,0,0,0,0,0,0,0,0,0,0,1,0,0,0,0,0,0,0,0,0,0,0,0,0,0,0,0,0,0,0,0,0,0,0,0,0,0,0,0,0,0,0,0,0,0,0,0,0,0,0,0,0,0,0,0,0,0,0,0,0,0,0,0,0,0,0,0,0,0,0,0,0,0,0,0,0,0,0,0,0,0,0,0,0,0,0,0,0,0,0,0,0,0,0,0,0,0,0,0,0,0,0,0,0,0,0,0,0,0,0,0,0,0,0,0,0,0,0,0,0,0,0,0,0,0,0,0,0,0,0,0,0,0,0,0,0,0,0,0,0,0,0,0,0,0,0,0,0,0,0,0,0,0,0,0,0,0,0,0,0,0,0,0,0,0,0,0,0
201,https://no.wikipedia.org/wiki/Hatprat,Wikipedia,"Hate speech (from English hate speech) is speech that attacks people or groups based on their gender, ethnicity, religion or outlook on life, disability or sexual orientation, gender identity or gender expression.[1] Hate speech that is directed at an individual is termed bullying, if it is directed at a group it is called hate speech or hate rhetoric.[2] 

Definitions of hate speech are often based on the intention behind the use of language[3], the effect of the use of language[4] or the potential effect the use of language has on its audience[5], i.e. the listeners or readers. It is the potential consequences of hate speech in particular that make the use of language different from other types of speech, such as insults. The use of language can have negative consequences for a group, because it can affect its reputation, status and self-esteem. Certain types of hate speech may be punishable under the Criminal Code's section on racism.[6]",0,Norwegian Bokm?l,0,0,0,0,1,0,0,0,0,0,1,0,0,1,1,0,0,0,0,0,0,0,0,0,0,0,0,0,1,1,0,0,0,0,0,0,0,0,0,0,0,0,0,0,0,0,0,0,0,0,0,1,0,0,0,0,0,0,0,0,0,0,0,0,0,0,0,0,0,0,0,0,0,0,0,0,0,0,0,0,0,0,0,0,0,0,0,0,0,0,0,0,0,0,0,0,0,0,0,0,0,0,0,0,0,0,0,0,0,0,0,0,0,0,0,0,0,0,0,0,0,0,0,0,0,0,0,0,0,0,0,0,0,0,0,0,0,0,0,0,0,0,0,0,0,0,0,0,0,0,0,0,0,0,0,0,0,0,0,0,0,0,0,0,0,0,0,0,0,0,1,0,0,0,0,0,0,0,0,0,0,0,0,0,0,0,0,0,0,0,0,0,0,0,0,0,0,0,0,0,0,0,0,0,0,0,0,0,0,0,0,0,0,0,0,0,0,0,0,0,0,0,0,0,0,0,0,0,0,0,0,0,0,0,0,0,0,0,0,0,0,0,0,0,0
202,https://nl.wikipedia.org/wiki/Haatzaaien,Wikipedia,"Hate speech or incitement to hatred generally means incitement to hatred or intolerance against an individual or group, for example on the basis of race, colour, descent or national or ethnic origin. The International Convention on the Elimination of All Forms of Racial Discrimination obliges states, among other things, to criminalize the spread of ideas based on racial superiority or racial hatred. Incitement to hatred is punishable in various legal systems. In countries where this is the case, this criminalization is interpreted as an exception to freedom of expression, a freedom that is not absolute there. In the United States, on the other hand, constitutional (First Amendment) freedom of speech is interpreted much more broadly and there are few criminalizations of hate speech.",0,Dutch/Flemish,0,0,0,0,0,0,0,1,0,0,0,0,0,1,0,0,1,0,0,0,0,1,0,0,0,0,1,0,0,0,0,0,0,0,0,0,0,0,0,0,0,0,0,0,0,0,0,0,0,0,0,0,0,0,0,0,0,0,0,0,0,0,0,0,0,0,0,0,0,0,0,0,0,0,0,0,0,0,1,0,0,0,0,0,0,0,0,0,0,0,0,0,0,0,0,0,0,0,0,0,0,0,0,0,0,0,0,0,0,0,0,0,0,0,0,0,0,0,0,0,0,0,0,0,0,0,0,0,0,0,0,0,0,0,0,0,0,0,0,0,0,0,0,0,0,0,0,1,0,0,0,0,0,0,0,0,0,0,0,0,0,0,0,0,0,0,0,0,0,0,0,0,0,0,0,0,0,0,0,0,0,0,0,0,0,0,0,0,0,0,0,0,0,0,0,0,0,0,0,0,0,0,0,0,0,0,0,0,0,0,0,0,0,0,0,0,0,0,0,0,0,0,0,0,1,0,0,0,0,0,0,0,0,0,0,0,0,0,0,0,0,0,0,0,0
203,https://pl.wikipedia.org/wiki/Mowa_nienawi%C5%9Bci,Wikipedia,"Hate speech - negative statements about members of groups made on the basis of prejudices with features such as: race (racism), ethnicity (xenophobia), nationality (chauvinism), gender (sexism), gender identity (transphobia), psychosexual orientation (homophobia), age (ageism, adultism), religious worldview (anti-Semitism, Christianophobia, Islamophobia) [1][no source confirmation].
The Council of Europe defines this concept as ""all forms of expression which spread, incite, support or justify racial hatred, religious hatred, xenophobia, anti-Semitism or other forms of hatred based on intolerance, including intolerance expressed through aggressive nationalism and ethnocentrism, discrimination and hostility towards representatives of minorities, immigrants and people of foreign origin.",0,Polish,0,0,1,0,0,0,0,0,0,0,0,0,0,1,1,0,0,1,0,0,1,1,0,0,0,0,1,0,1,1,0,0,0,0,0,1,0,0,0,0,0,0,0,0,0,0,0,0,0,0,0,0,0,0,0,0,0,0,0,0,0,0,0,0,0,0,0,0,0,0,0,0,0,0,0,0,0,0,0,0,0,0,0,0,0,0,0,1,0,0,0,0,0,0,0,0,0,0,0,0,0,0,0,0,0,0,0,0,0,0,0,0,0,0,0,0,0,0,0,0,0,0,0,0,0,0,0,0,0,0,0,0,0,0,0,0,0,0,0,0,0,0,0,0,0,0,0,0,0,0,0,0,0,0,0,0,0,0,0,0,0,0,1,0,0,0,0,0,0,0,0,0,0,0,0,0,0,0,0,0,0,0,0,0,0,0,1,0,0,0,0,0,0,0,0,0,0,0,0,0,0,0,0,0,0,0,0,0,0,0,0,0,0,0,0,0,0,0,0,0,0,0,0,0,0,0,0,0,0,0,0,0,0,0,0,0,0,0,0,0,0,0,0,0,0
204,https://pnb.wikipedia.org/wiki/%D9%86%D9%81%D8%B1%D8%AA_%D8%A7%D9%86%DA%AF%DB%8C%D8%B2_%DA%A9%D9%84%D8%A7%D9%85,Wikipedia,"In the context of the law, hateful words do not say that a person or a group has a generation, color, masculine, masculine, disability, gender, sexuality, nationality, religion or any property.Make it notorious.
In the context of the infiltration law, hateful words, ""the media, the acts, or the phenomena, are called"" because of this, because they are feared to incite them against a person or a group, or that it is illegal. ""The humiliation was humiliated or threatened to threaten them.",0,Punjabi,0,0,0,0,0,0,0,1,0,0,1,0,0,0,1,0,0,0,0,0,0,1,0,0,0,0,0,0,1,1,0,0,1,0,0,0,0,0,0,0,0,0,0,0,0,0,0,0,0,0,0,0,0,0,0,0,0,0,0,0,0,0,0,0,0,0,0,0,0,0,0,0,0,0,0,0,0,0,0,0,0,0,0,0,0,0,0,0,0,0,0,0,0,0,0,0,0,0,0,0,0,0,0,0,0,0,0,0,0,0,0,0,0,0,0,0,1,0,0,0,0,0,0,0,0,0,0,0,0,1,1,0,0,0,0,0,0,0,0,0,0,0,0,0,0,0,0,0,0,0,0,0,0,0,0,0,0,0,0,0,0,0,0,0,0,0,0,0,0,0,0,0,0,0,0,0,0,0,0,0,0,0,0,0,0,0,0,0,0,0,0,0,0,0,0,0,0,0,0,0,0,0,0,0,0,0,0,1,0,0,0,0,0,0,0,0,0,0,0,0,0,0,0,0,0,0,0,0,0,0,0,0,0,0,0,0,0,0,0,0,0,0,0,0,0
205,https://pt.wikipedia.org/wiki/Discurso_de_%C3%B3dio,Wikipedia,"Hate speech (translation from English: hate speech) or incitement to hatred is, generally speaking, any act of communication that inferiorizes or incites hatred against a person or group, based on characteristics such as race, gender, ethnicity, nationality, religion , sexual orientation or other aspect subject to discrimination.[1][2]
In law, hate speech is any speech, gesture or conduct, written or represented, that is prohibited because it may incite violence or discriminatory action against a group of people or because it offends or intimidates a group of citizens.[3] The law may typify characteristics that are likely to lead to discrimination, such as race, gender, origin, nationality, sexual orientation or other characteristic.[4][5][6]
There is international consensus on the fact that hate speech must be prohibited by law, and that these prohibitions do not violate the principle of freedom of expression. The United States is one of the few countries in the developed world that does not consider a ban on hate speech to be compatible with freedom of expression.[7]


Definition[edit | edit source]
According to the Council of Europe, hate speech can be defined generically as ""any expression that spreads, incites, promotes or justifies racial hatred, xenophobia, anti-Semitism or any other form of intolerance. Including: intolerance caused by aggressive nationalism and ethnocentrism, discrimination and hostility against minorities, migrants and people of foreign origin"". According to the understanding of the European Court of Human Rights, article 10 of the European Convention guarantees the right to free expression, but this right is not absolute, given the existence of other rights equally guaranteed by the convention. The court has stated in several judgments that ""tolerance and respect for the equal dignity of all human beings constitute one of the foundations of a democratic and plural society. Therefore, as a matter of principle, it is considered necessary for certain democratic societies to penalize and even prohibit all forms of expression that spread, incite, promote or justify hatred based on intolerance (including religious intolerance)"".[8]",0,Portuguese,0,0,0,0,0,0,0,0,0,0,0,0,0,1,1,0,1,0,0,0,1,1,1,0,0,0,1,0,1,1,0,0,0,0,0,1,0,0,0,0,0,0,0,0,0,0,0,0,0,0,0,0,0,0,0,0,0,0,0,0,0,0,0,0,0,0,0,0,0,0,0,0,0,0,0,0,0,0,0,0,0,0,0,0,0,0,0,1,0,0,0,0,0,0,0,0,0,0,0,0,0,0,0,0,0,0,0,0,0,0,0,0,0,0,0,0,0,0,0,0,0,0,0,0,0,0,0,0,0,0,0,0,0,0,0,0,0,0,0,0,1,0,0,0,0,1,0,0,0,0,0,0,0,0,0,0,0,1,0,0,0,0,1,0,0,0,0,0,0,0,0,0,0,0,0,0,0,0,0,0,0,0,0,0,0,0,0,0,0,0,0,0,0,0,0,0,0,0,0,0,0,0,0,0,0,0,0,0,0,0,0,0,0,0,0,0,0,0,0,0,0,0,0,0,0,0,0,0,0,0,0,0,0,0,0,0,0,0,0,0,0,1,0,0,0
206,https://ro.wikipedia.org/wiki/Discurs_de_instigare_la_ur%C4%83,Wikipedia,"Hate speech is defined by the Cambridge Dictionary (d) as ""public speech that expresses hatred or encourages violence against a person or group on the basis of race, religion, gender or sexual orientation"". [1] Such speech is usually disparaging or hostile to an individual or group of individuals belonging to a particular race, color, nation, sex, disability, religion or sexual orientation.[2] The legal definition of hate speech differs from country to country.
There has been much debate about free speech and hate speech legislation.[3] The laws of some countries describe inflammatory speech as statements, gestures or behavior that either incites violence against a group or an individual based on their membership in a particular category, or intimidates or denigrates individuals because they belong to a particular group. The law can identify a group based on certain characteristics.[4][5][6] In some countries, hate speech is not a legal term.[7] Moreover, in some countries—including the United States—much of what falls under the category of ""hate speech"" is constitutionally protected.[8][9][10] In other countries, a victim of such speech may seek damages under civil law⁠(d), criminal law, or both.",cambridge dict,Romanian,0,0,0,0,0,0,0,1,0,0,1,0,1,0,1,0,1,1,0,0,0,1,0,0,0,0,1,0,1,1,0,0,0,0,0,0,0,0,0,0,0,0,0,0,0,0,0,0,0,0,0,0,0,0,0,0,0,0,0,0,0,0,0,0,0,0,0,0,0,0,0,0,0,0,0,0,0,0,0,0,0,0,0,0,0,0,0,0,0,0,0,0,0,0,0,0,0,0,0,0,0,0,0,0,0,0,0,0,0,0,0,0,0,0,0,0,0,0,0,0,0,0,0,0,0,0,0,0,0,0,0,0,0,0,0,0,0,0,0,0,0,0,0,0,0,0,0,0,0,0,0,0,0,0,0,0,0,0,0,0,0,0,0,0,0,0,0,0,0,0,0,0,0,0,0,0,0,0,0,0,0,0,0,0,0,0,0,0,0,0,0,0,0,0,0,0,0,0,0,0,0,0,0,0,0,0,0,0,0,0,0,0,0,0,0,0,0,0,0,0,0,0,0,0,0,0,0,0,0,0,0,0,0,0,0,0,0,0,0,0,0,1,0,0,0
207,https://ru.wikipedia.org/wiki/%D0%AF%D0%B7%D1%8B%D0%BA_%D0%B2%D1%80%D0%B0%D0%B6%D0%B4%D1%8B,Wikipedia,"Hate speech, hate speech[1], rhetoric of hatred (English: hate speech[1]) is a set of linguistic means of expression and discourse[1] of a sharply negative attitude of “opponents” - carriers of a different system of religious, national, cultural or more specific, subcultural values. This phenomenon can act as a form of manifestation of racism, xenophobia, interethnic hatred and intolerance, homophobia and sexism[2].
The Committee of Ministers of the Council of Europe defines “hate speech” as all forms of expression that involve the dissemination, provocation, stimulation or justification of racial hatred, xenophobia, anti-Semitism or other types of hatred based on intolerance, including intolerance in the form of aggressive nationalism or ethnocentrism, discrimination or hostility in regarding minorities, migrants and people with emigrant roots[3].
The concept is used in sociology, which considers hate speech as a mechanism for the formation and reproduction of enemy images; in international law, including within the framework of the work of the European Court of Human Rights; in human rights activities, whose representatives seek to limit hate speech or bring to justice those who use it[1].",0,Russian,0,0,0,0,0,0,0,0,0,0,1,0,0,1,1,0,1,1,0,0,1,1,0,0,0,0,1,0,1,1,0,0,0,0,0,1,0,0,0,0,0,0,0,0,0,0,0,0,0,0,0,0,0,0,0,0,0,0,0,0,0,1,1,0,0,0,0,0,0,0,0,0,0,0,0,0,0,0,0,0,0,0,0,0,0,0,0,1,0,0,0,0,0,0,0,0,0,0,0,0,0,0,0,0,0,0,0,0,0,0,0,0,0,0,0,0,0,0,0,0,0,0,0,0,0,0,0,0,0,0,0,0,0,0,0,0,0,0,0,0,0,0,0,0,0,0,0,1,0,0,0,0,0,0,0,0,0,0,0,0,0,0,0,0,0,0,0,0,0,0,0,0,0,0,0,0,0,0,0,0,0,0,0,0,0,0,0,0,0,0,0,0,0,0,0,0,0,0,0,0,0,0,0,0,0,0,0,0,0,0,0,0,0,0,0,0,0,0,0,0,0,0,0,0,0,0,0,0,0,0,0,0,0,0,0,0,0,0,0,0,0,0,0,0,0
208,https://sk.wikipedia.org/wiki/Nen%C3%A1vistn%C3%BD_prejav,Wikipedia,"Hate speech is a public written, verbal, graphic, audio or audiovisual expression that incites, spreads, promotes, justifies hatred towards individuals or groups of persons because of their gender, nationality, language, religion, race, ethnicity, skin color, origin, sexual orientation, physical disability or other similar characteristics.
It most often takes the form:

defamation – public dissemination of statements, images or videos with offensive, grossly slanderous content against a group of persons,
incitement to hatred - public dissemination of statements, images, videos, calls. inciting hatred and inciting violence against certain groups of persons
According to Slovak legislation, hate speech is a crime, as it interferes with the right to protect the dignity of the persons against whom it is directed.",0,Slovak,0,0,0,0,0,0,0,1,0,0,1,0,0,1,1,0,1,0,0,0,0,1,0,0,0,0,1,0,1,1,0,0,0,0,0,0,0,0,0,0,0,0,0,0,0,0,0,0,0,0,0,0,0,0,0,0,0,0,0,0,0,0,0,0,0,0,1,0,0,0,0,0,0,0,0,0,0,0,0,0,0,0,0,0,0,0,0,0,0,0,0,0,0,0,0,0,0,0,0,0,0,0,0,0,0,0,0,0,0,0,0,0,0,0,0,0,0,0,0,0,0,0,0,0,0,0,0,0,0,0,0,0,0,0,0,0,0,0,0,0,0,0,0,0,0,0,0,0,0,0,1,0,0,0,0,0,0,0,0,0,0,0,0,0,0,0,0,0,0,1,0,0,0,0,0,0,0,0,0,0,0,0,0,0,0,0,0,0,0,0,0,0,0,0,0,0,0,0,0,0,0,0,0,0,0,0,0,0,0,0,0,0,0,0,0,0,0,0,0,0,0,0,0,0,0,0,0,0,0,0,0,0,0,0,0,0,0,0,0,0,0,1,0,0,0
209,https://sl.wikipedia.org/wiki/Sovra%C5%BEni_govor,Wikipedia,"Hate speech is expression that incites hatred towards an individual or a group of people. Hate speech towards individuals can be insults or defamation, which is dealt with in the context of private relationships, and before the courts in private actions. A special legal category is expression that incites hatred against national, racial, religious or other groups of people. Such expression can encourage the violation of human rights and pose a danger to society both in the individual country and internationally.
Hate speech was defined by the Council of Europe in Recommendation R (97) 20[1].
Hate speech is any expression ... ""that spreads, incites or justifies racial hatred, xenophobia, anti-Semitism and other forms of hatred based on intolerance, aggressive nationalism or ethnocentrism, discrimination and hostility against minorities, migrants or people of foreign origin "".",0,Slovenian,0,0,0,0,0,0,0,0,0,0,0,0,0,0,0,0,1,1,0,1,1,1,0,0,0,0,1,0,1,0,0,0,0,0,0,1,0,0,0,0,0,0,0,0,0,0,0,0,0,0,0,0,0,0,0,0,0,0,0,0,0,0,0,0,0,0,1,0,0,0,0,0,0,0,0,0,0,0,0,0,0,0,0,0,0,0,0,1,0,0,0,0,0,0,0,0,0,0,0,0,0,0,0,0,0,0,0,0,0,0,0,0,0,0,0,0,0,0,0,0,0,0,0,0,0,0,0,0,0,0,0,0,0,0,0,0,0,0,0,0,0,0,0,0,0,0,0,1,0,0,0,0,0,0,0,0,0,1,0,0,0,0,1,0,0,0,0,0,0,0,0,0,0,0,0,0,0,0,0,0,0,0,0,0,0,0,0,0,0,0,0,0,0,0,0,0,0,0,0,0,0,0,0,0,0,0,0,0,0,0,0,0,0,0,0,0,0,0,0,0,0,0,0,0,0,0,0,0,0,0,0,0,0,0,0,0,0,0,0,0,1,0,0,0,0
210,https://sq.wikipedia.org/wiki/Gjuha_e_urrejtjes,Wikipedia,"Hate speech is defined by the Cambridge Dictionary as ""public speech that expresses hatred or encourages violence against a person or group based on something such as race, religion, sex or sexual orientation"".[1] Hate speech ""is commonly thought to include communications of hostility or contempt for an individual or a group because of a group characteristic such as race, color, national origin, sex, disability, religion, or sexual orientation"".[2] Legal definitions of hate speech vary from country to country.
There has been much debate over freedom of speech, hate speech and hate speech legislation.[3] The laws of some countries describe hate speech as speech, gestures, conduct, writing or display that incites violence or prejudice against a group or individuals on the basis of their group membership, or that demeans or intimidates a group or individuals on the basis of their group membership. The law may identify protected groups based on certain characteristics.[4][5][6]",cambridge dict,Albanian,0,0,0,0,0,0,0,1,0,0,1,0,0,1,1,0,1,1,0,0,0,1,0,0,0,0,1,0,1,1,0,0,0,0,0,0,0,0,0,0,0,0,0,0,0,0,0,0,0,0,0,0,0,0,0,0,0,1,0,0,0,0,0,0,0,0,0,0,0,0,0,0,0,0,0,0,0,0,0,0,0,0,0,0,0,0,0,0,0,0,0,0,0,0,0,0,0,0,0,0,0,0,0,0,0,0,0,0,0,0,0,0,0,0,0,0,0,0,0,0,0,0,0,0,0,0,0,0,0,0,0,0,0,0,0,0,0,0,0,0,0,0,0,0,0,0,0,0,0,0,0,0,0,0,0,0,0,0,0,0,0,0,0,0,0,0,0,0,0,0,0,0,0,0,0,0,0,0,0,0,0,0,0,0,0,0,1,0,0,0,0,0,0,0,0,0,0,0,0,0,0,0,0,0,0,0,0,0,0,0,0,0,0,0,0,0,0,0,0,0,0,0,0,0,0,0,0,0,0,0,0,0,0,0,0,0,0,0,0,0,0,1,0,0,0
211,https://sr.wikipedia.org/wiki/%D0%93%D0%BE%D0%B2%D0%BE%D1%80_%D0%BC%D1%80%D0%B6%D1%9A%D0%B5,Wikipedia,"Hate speech is any communication that denigrates a person or group based on some characteristics such as race, skin color, ethnic and national affiliation, gender, sexual orientation, religion and other characteristics.[1] The term hate speech is used as a synonym for hate speech. However, the term hate language is primarily related to the manifestation of the spirit of intolerance through the media, while hate speech is related to public appearances in other communication channels, formal and informal.[2]
By law, hate speech is any speech, gesture, behavior, writing or display that is prohibited because it must not incite violence and prejudice against a protected individual or group, or because it demeans and intimidates a protected individual or group. In the literature, statements that intimidate, insult or harass individuals or groups or statements that call for violence, hatred or discrimination against an individual or group qualify as hate speech.[3]
The law can identify protected individuals and groups by race, gender, ethnic and national affiliation, sexual orientation, religion and other characteristics.[4]
In some countries, a victim of hate speech may seek redress under civil law, criminal law, or both.

creating contempt for a particular person or group;
creating a negative stereotype towards a certain person or group;
inciting discrimination and hostility;
condemnation of the environment towards a certain person or group;
causing feelings of insecurity and fear in a certain person/or member of a certain group;
inflicting physical and mental pain on a certain person or a member of a certain group;
sending threats to a specific person or group;
inciting and causing violence against a specific person or group;
creating a feeling among a large part of citizens that such behavior towards a certain person/group is socially desirable and justified;
causing a feeling among a wide circle of citizens that such behavior will be tolerated, and will not be subject to responsibility.[5]
The personal characteristic of a certain person, ie belonging to a certain vulnerable group, is of essential importance for determining the concept of hate speech. The message expressed in hate speech is always aimed at a personal characteristic or the specific characteristics of a threatened group. Those personal characteristics are:[5]

race
national or ethnic affiliation
religion
Language
gender
sexual orientation
political and other opinion and belief
social background
other personal property;",0,Serbian,0,0,0,0,0,0,0,1,0,0,0,0,0,1,1,0,1,1,0,1,0,1,0,0,1,0,1,0,1,1,0,1,1,0,0,0,0,0,0,0,0,0,0,0,0,0,0,0,0,0,0,0,0,0,0,0,0,1,0,0,0,0,0,0,0,0,0,0,0,0,0,1,1,0,1,0,0,0,0,0,0,0,0,0,0,0,0,0,0,0,0,0,0,0,0,0,0,0,0,0,0,0,0,0,0,0,0,0,0,0,0,0,0,0,0,0,0,0,0,0,0,1,0,0,0,0,0,0,0,0,0,0,0,0,0,0,0,0,0,0,0,0,0,0,0,1,0,1,0,0,0,0,0,0,1,0,0,0,0,0,0,0,0,0,0,0,0,0,0,0,0,0,0,0,0,0,0,0,0,0,0,0,0,0,0,0,1,0,0,0,1,0,0,0,0,0,0,0,0,0,0,0,0,0,0,0,0,0,0,0,0,0,0,0,0,0,0,0,0,0,0,0,0,0,0,0,0,0,0,0,0,0,0,0,0,0,0,0,0,0,0,1,0,0,0
212,https://sv.wikipedia.org/wiki/Hatpropaganda,Wikipedia,"Hate propaganda (eng. hate propaganda and/or hate speech) is the systematic dissemination of opinions, information or rumors with the intention of inciting hatred or hostility towards a group or its members based on their race, ethnicity, religion, gender, sexual orientation or other identity or trait.[1][2] The term refers to a deliberate and organized effort to demonize and/or marginalize specific groups or their members. Hate propaganda is closely related to the term hate speech, which is a broader concept that includes speech, writing or actions that express hatred, contempt or prejudice against a group or its members. Hate speech on the internet is called cyberhate.[3][2] However, the terms lack generally accepted and universal definitions.[4][5][6]
The EU has defined hate speech as follows:[4]



""

Any type of expression that incites, promotes, spreads or justifies violence, hatred or discrimination against a person or group of persons, or that denigrates them, because of their real or ascribed personal characteristics or status such as race, colour, language, religion , nationality, national or ethnic origin, age, disability, gender, gender identity and sexual orientation",0,Swedish,0,0,1,0,0,0,0,1,0,0,1,0,0,1,1,0,1,1,0,0,0,1,0,0,0,0,1,0,1,1,0,0,0,0,0,0,0,0,0,0,0,0,0,0,0,0,0,0,0,0,0,0,0,0,0,0,0,1,0,0,0,0,0,0,0,0,0,0,0,0,0,0,1,0,0,0,0,0,0,0,0,0,0,0,0,0,0,1,0,0,0,0,0,0,0,0,0,0,0,0,0,0,0,0,0,0,0,0,0,0,0,0,0,0,0,0,0,0,0,0,0,0,0,0,0,0,0,0,0,0,0,0,0,0,0,0,0,0,0,0,0,0,0,0,0,0,0,0,0,0,1,0,0,0,1,0,0,0,0,0,0,0,0,0,0,0,0,0,0,0,0,0,0,0,0,0,0,0,0,0,0,0,0,0,0,0,0,0,0,1,0,0,0,0,0,0,0,0,0,0,0,0,0,0,0,0,0,0,0,0,0,0,0,0,0,0,0,0,0,0,0,0,0,0,0,0,0,0,0,0,0,0,0,0,0,0,0,0,0,0,0,1,0,0,0
213,https://th.wikipedia.org/wiki/%E0%B8%9B%E0%B8%A3%E0%B8%B0%E0%B8%97%E0%B8%B8%E0%B8%A9%E0%B8%A7%E0%B8%B2%E0%B8%88%E0%B8%B2,Wikipedia,"Hate Spech is a word attacking a person or a group of people, for race, religion, gender, or sexual orientation.",0,Thai,0,0,0,0,1,0,0,0,0,0,0,0,0,0,1,0,0,0,0,0,0,0,0,0,0,0,1,0,1,1,0,0,0,0,0,0,0,0,0,0,0,0,0,0,0,0,0,0,0,0,0,0,0,0,0,0,0,0,0,0,0,0,0,0,0,0,0,0,0,0,0,0,0,0,0,0,0,0,0,0,0,0,0,0,0,0,0,0,0,0,0,0,0,0,0,0,0,0,0,0,0,0,0,0,0,0,0,0,0,0,0,0,0,0,0,0,0,0,0,0,0,0,0,0,0,0,0,0,0,0,0,0,0,0,0,0,0,0,0,0,0,0,0,0,0,0,0,0,0,0,0,0,0,0,0,0,0,0,0,0,0,0,0,0,0,0,0,0,0,0,0,0,0,0,0,0,0,0,0,0,0,0,0,0,0,0,0,0,0,0,0,0,0,0,0,0,0,0,0,0,0,0,0,0,0,0,0,0,0,0,0,0,0,0,0,0,0,0,0,0,0,0,0,0,0,0,0,0,0,0,0,0,0,0,0,0,0,0,0,0,0,0,0,0,0
214,https://tr.wikipedia.org/wiki/Nefret_s%C3%B6ylemi,Wikipedia,"Hate speech, or hate speech, is overt speech that expresses hatred toward or incites violence against a particular group or individual based on issues such as race, gender, age, nationality, religion, or sexual orientation.[1] Legal definitions may vary from country to country. 

Topics may include, in addition to the above, language, political views, socioeconomic and social class, appearance, physical or mental disability, occupation, or other distinguishable characteristics.",0,Turkish,0,0,1,1,0,0,0,0,0,0,1,0,0,0,1,0,1,0,0,0,0,1,0,0,1,0,1,0,1,1,0,0,0,0,0,0,0,0,0,0,0,0,0,0,0,0,0,0,0,0,0,0,0,0,0,0,0,0,0,0,0,0,0,0,0,0,0,0,0,0,0,0,0,0,0,0,0,0,0,0,0,0,0,0,0,0,0,0,0,0,0,0,0,0,0,0,0,0,0,0,0,0,0,0,0,0,0,0,0,0,0,0,0,0,0,0,0,0,0,0,0,0,0,0,0,0,0,0,0,0,0,0,0,0,0,0,0,0,0,0,0,0,0,0,0,0,0,0,0,0,1,0,0,0,0,0,0,0,0,0,0,0,0,0,0,0,0,1,0,0,0,0,0,0,0,0,0,0,0,0,0,0,0,0,0,0,0,0,0,0,0,0,0,0,0,0,0,0,0,0,0,0,0,0,0,0,0,0,0,0,0,0,1,0,0,0,0,0,1,1,0,0,0,0,0,0,0,0,0,0,0,0,0,0,0,0,0,0,0,0,0,1,0,0,0
215,https://uk.wikipedia.org/wiki/%D0%9C%D0%BE%D0%B2%D0%B0_%D0%B2%D0%BE%D1%80%D0%BE%D0%B6%D0%BD%D0%B5%D1%87%D1%96,Wikipedia,"The Committee of Ministers of the Council of Europe defines hate speech as all forms of expression that include spreading, inciting, promoting or justifying racial hatred, xenophobia, anti-Semitism or other forms of hatred based on intolerance, including: intolerance of expressions in the form of radical nationalism and ethnocentrism, discrimination and hostility towards minorities, migrants and people from among immigrants[4]. The concept is most often used in the field of jurisprudence and human rights, and is constantly being refined. Thus, the Parliamentary Assembly of the Council of Europe in Resolution 1728 (2010) ""Discrimination on the basis of sexual orientation and gender identity"" specifically condemned such language in relation to LGBT[5].",0,Ukrainian,0,0,0,0,0,0,0,0,0,0,0,0,0,1,1,0,1,1,0,0,1,1,0,0,0,0,0,0,0,1,0,0,0,0,0,1,0,0,0,0,0,0,0,0,0,0,0,0,0,0,0,0,0,0,0,0,0,0,0,0,0,0,0,0,0,0,0,0,0,0,0,0,0,0,0,0,0,0,0,0,0,0,0,0,0,0,0,1,0,0,0,0,0,0,0,0,0,0,0,0,0,0,0,0,0,0,0,0,0,0,0,0,0,0,0,0,0,0,0,0,0,0,0,0,0,0,0,0,0,0,0,0,0,0,0,0,0,0,0,0,0,0,0,0,0,0,0,1,0,0,0,0,0,0,0,0,0,0,0,0,0,0,0,0,0,0,0,0,0,0,0,0,0,0,0,0,0,0,0,0,0,0,0,0,0,0,0,0,0,0,0,0,0,0,1,0,0,0,0,0,0,0,0,0,0,0,0,0,0,0,0,0,0,0,0,0,0,0,0,0,0,0,0,0,0,0,0,0,0,0,0,0,0,0,0,0,0,0,0,0,0,0,0,0,0
216,https://ur.wikipedia.org/wiki/%D9%86%D9%81%D8%B1%D8%AA_%D8%A7%D9%86%DA%AF%DB%8C%D8%B2_%DA%A9%D9%84%D8%A7%D9%85,Wikipedia,"In the context of the Untouchables Act, hate speech refers to communication that publicly defames a person or group on the basis of race, color, gender, disability, sex-orientation, nationality, religion or any other characteristic.
Hate speech in the context of intrusive law is any communication, act or expression that is illegal because it is likely to incite violence against a certain individual or group, or because it humiliates someone or them. You threaten.",0,Urdu,0,0,0,0,0,0,0,1,0,0,1,0,0,0,1,0,0,0,0,0,0,1,0,0,0,0,1,0,1,1,0,0,1,0,0,0,0,0,0,0,0,0,0,0,0,0,0,0,0,0,0,0,0,0,0,0,0,0,0,0,0,0,0,0,0,0,1,0,1,0,0,0,0,0,0,0,0,0,0,0,0,0,0,0,0,0,0,0,0,0,0,0,0,0,0,0,0,0,0,0,0,0,0,0,0,0,0,0,0,0,0,0,0,0,0,0,0,0,0,0,0,0,0,0,0,0,0,0,0,1,0,0,0,0,0,0,0,0,0,0,0,0,0,0,0,0,0,0,0,0,0,0,0,0,0,0,0,0,0,0,0,0,0,0,0,0,0,0,0,0,0,0,0,0,0,0,0,0,0,0,0,0,0,0,0,0,0,0,0,0,0,0,0,0,0,0,0,0,0,0,0,0,0,0,0,0,0,0,0,0,0,0,0,0,0,0,0,0,0,0,0,0,0,0,0,0,0,0,0,0,0,0,0,0,0,0,0,0,0,0,0,1,0,0,0
217,https://uz.wikipedia.org/wiki/Nafrat_tili,Wikipedia,"Hate speech is a term with many meanings. It does not have a single, clear definition. The Cambridge dictionary defines this term as ""Hate speech – public speech expressing hatred or promoting violence against people of race, religion, language or sexual orientation""[1]. In the Encyclopedia of the American Constitution, hate speech is defined as ""mass discrimination of a person based on race, social origin, gender, health characteristics""[2].
There have been many debates on free speech, hate speech and similar topics[3]. Some countries' laws criminalize hate speech against a group or specific individuals. In addition, in some countries, including the United States, victims of hate speech violence are constitutionally protected.
Hate speech has been cited as a symptom of mass atrocities such as genocide. Several hate speech cases have been heard at the International Criminal Court for Rwanda[4][5][6][7].",0,Uzbek,0,0,0,0,0,0,0,0,0,0,1,0,0,0,1,0,1,0,0,0,0,1,0,0,0,0,1,0,1,1,0,0,0,0,0,0,0,0,0,0,0,0,0,0,0,0,0,0,0,0,0,0,0,0,0,0,0,0,0,0,0,0,0,0,0,0,0,0,0,0,0,0,0,0,0,0,0,0,0,0,0,0,0,0,0,0,0,0,0,0,0,0,0,0,0,0,0,0,0,0,0,0,0,0,0,0,0,0,0,0,0,0,0,0,0,0,0,0,0,0,0,0,0,0,0,0,0,1,0,0,0,0,0,0,0,0,0,0,0,0,0,0,0,0,0,0,0,0,0,0,1,0,0,0,0,0,0,0,0,0,0,0,0,0,0,0,0,0,0,0,0,0,0,0,0,0,0,0,0,0,0,0,0,0,0,0,0,0,0,0,0,0,0,0,0,0,0,0,0,0,0,0,0,0,0,0,0,0,0,0,0,0,0,0,0,0,1,0,0,0,0,0,0,0,0,0,0,0,0,0,0,0,0,0,0,0,0,0,0,0,0,1,0,0,0
218,https://vi.wikipedia.org/wiki/Ph%C3%A1t_ng%C3%B4n_th%C3%B9_h%E1%BA%ADn,Wikipedia,"Hate speech is a statement intended to demean and brutalize another person, or to use cruel and offensive language or gestures on the basis of actual or alleged membership in a social group.[ first] Hate speech is speech that attacks a person or group on the basis of protected attributes such as race, religion, ethnic origin, national origin, gender, disability, sexual orientation or gender identity, race, religion, ethnic origin, national origin, sexuality, disability, sexual orientation or gender identity.[2][3] The laws of some countries describe hate speech as words, gestures, conduct, writing or displays that incite violence or prejudicial action against a group or individual on the basis of their membership in the group, or disparage or threaten a group or individual base on their membership in the group. The law may define a group based on certain characteristics.[4][5][6] In some countries, hate speech is not a legal term.[7]",0,Vietnamese,0,0,0,0,1,0,0,1,0,0,1,0,1,1,1,0,0,0,0,0,0,1,1,0,0,0,1,0,1,1,0,0,1,0,0,0,0,0,0,0,0,0,0,0,0,0,0,0,0,0,1,0,0,0,0,0,0,0,0,0,0,0,0,0,0,0,0,0,0,0,0,1,0,0,0,0,0,0,0,0,0,0,0,0,0,0,0,0,0,0,0,0,0,0,0,0,0,0,0,0,0,0,0,0,0,0,0,0,0,0,0,0,0,0,0,0,0,0,0,0,0,0,0,0,0,0,0,0,0,0,0,0,0,0,0,0,0,0,0,0,0,0,0,0,0,0,0,0,0,0,0,0,0,0,0,0,0,0,0,0,0,0,0,0,0,0,0,0,0,0,0,0,0,0,0,0,0,0,0,0,0,0,0,0,0,0,1,0,0,0,0,0,0,0,0,0,0,0,0,0,0,0,0,0,0,0,0,0,0,0,0,0,0,0,0,0,0,0,0,0,0,0,0,0,0,0,0,0,0,0,0,0,0,0,0,0,0,0,0,0,0,1,0,0,0
219,https://zh.wikipedia.org/wiki/%E4%BB%87%E6%81%A8%E8%A8%80%E8%AB%96,Wikipedia,"Hate speech is speech that attacks individuals or groups based on attributes, such as gender, race, religion, ethnicity, disability or sexual orientation. This refers to speech that is intended to belittle, intimidate, or incite violence and prejudice against certain ethnic groups. The relationship between free speech and hate speech has been controversial. Critics argue that the term ""hate speech"" is often used to implicitly criticize poorly implemented social policies.


Definition[edit]
""Hate speech"" is speech that may contain discriminatory content against individual groups based on different races, genders, sexual orientations, gender identities, gender temperaments, ages, nationalities, moral orientations, physical conditions, religions, social classes, etc., and contains potentially discriminatory content. Its forms of expression include daily conversations, articles, and some behaviors in public places",0,Chinese,0,0,1,0,1,0,0,1,0,0,11,0,0,1,1,0,0,0,0,0,0,1,0,0,0,0,1,0,1,1,0,0,0,0,0,0,0,0,0,0,0,0,0,0,0,0,1,0,0,0,0,0,0,0,0,0,0,0,0,0,0,0,0,0,0,0,0,0,0,0,0,0,0,0,0,0,0,0,0,0,0,0,0,0,0,0,0,1,0,0,0,0,0,0,0,0,0,0,0,0,0,0,0,0,0,0,0,0,0,0,0,0,0,0,0,0,0,0,0,0,0,0,0,0,0,0,0,0,0,0,0,0,0,0,0,0,0,0,0,0,0,0,0,0,0,1,0,0,0,0,0,0,0,0,0,0,0,0,0,0,1,0,0,0,0,0,0,0,0,0,0,0,0,0,0,0,0,0,0,0,0,0,0,0,0,0,1,0,0,0,0,0,0,0,0,0,0,0,0,0,0,0,0,0,0,0,0,0,0,0,0,0,1,1,0,0,0,0,0,0,0,0,0,0,0,0,0,0,0,0,0,0,0,0,0,0,0,0,0,0,0,1,0,0,0
220,https://en.wiktionary.org/wiki/hate_speech,Wiktionary,"Speech that attacks or disparages a person or group of persons on the basis of origin, race, nationality, ethnicity, color, religion, gender, sexual orientation, or disability. ",0,English,0,0,0,0,1,0,0,1,0,0,1,0,1,1,1,0,0,0,0,0,0,1,0,0,0,0,1,0,1,1,0,0,0,0,0,0,0,0,0,0,0,0,0,0,0,0,0,0,0,0,0,0,0,0,0,0,0,0,0,0,0,0,0,0,0,0,0,0,0,0,0,0,0,0,0,0,0,0,0,0,0,0,0,0,0,0,0,0,0,0,0,0,0,0,0,0,0,0,0,0,0,0,0,0,0,0,0,0,0,0,0,0,0,0,0,0,0,0,0,0,0,0,0,0,0,0,0,0,0,0,0,0,0,0,0,0,0,0,0,0,0,0,0,0,0,0,0,0,0,0,0,0,0,0,0,0,0,0,0,0,0,0,0,0,0,0,0,0,0,1,0,0,0,0,0,0,0,0,0,0,0,0,0,0,0,0,0,0,0,0,0,0,0,0,0,0,0,0,0,0,0,0,0,0,0,0,0,0,0,0,0,0,0,0,0,0,0,0,0,0,0,0,0,0,0,0,0,0,0,0,0,0,0,0,0,0,0,0,0,0,0,0,0,0,0
221,https://cs.wiktionary.org/wiki/hate_speech,Wiktionary,"(neologism) hate speech; verbal or non-verbal speech that attacks or disparages a person or group on the basis of origin, religion, gender, race, colour, nationality, sexual orientation, disability, etc.",0,Czech,0,0,0,0,1,0,0,1,0,0,1,0,1,1,1,0,0,0,0,0,0,1,0,0,0,0,1,0,1,1,0,0,0,0,0,0,0,0,0,0,0,0,0,0,0,0,0,0,0,0,0,0,0,0,0,0,0,0,0,0,0,0,0,0,0,0,0,0,0,0,0,0,0,0,0,0,0,0,0,0,0,0,0,0,0,0,0,0,0,0,0,0,0,0,0,0,0,0,0,0,0,0,0,0,0,0,0,0,0,0,0,0,0,0,0,0,0,0,0,0,0,0,0,0,0,0,0,0,0,0,0,0,0,0,0,0,0,0,0,0,0,0,0,0,0,0,0,0,0,0,0,0,0,0,0,0,0,0,0,0,0,0,0,0,0,0,0,0,0,1,0,0,0,0,0,0,0,0,0,0,0,0,0,0,0,0,0,0,0,0,0,0,0,0,0,0,0,0,0,0,0,0,0,0,0,0,0,0,0,0,0,0,0,0,0,0,0,0,0,0,0,0,0,0,0,0,0,0,0,0,0,0,0,0,0,0,0,0,0,0,0,0,0,0,0
222,https://mg.wiktionary.org/wiki/hate_speech,Wiktionary,"speech that attacks or degrades a person or group of people because of their origin, race, nationality, ethnicity, color, religion, gender, sexual orientation, or disability",0,Malagasy,0,0,0,0,1,0,0,1,0,0,1,0,1,1,1,0,0,0,0,0,0,1,0,0,0,0,1,0,1,1,0,0,0,0,0,0,0,0,0,0,0,0,0,0,0,0,0,0,0,0,0,0,0,0,0,0,0,0,0,0,0,0,0,0,0,0,0,0,0,0,1,0,0,0,0,0,0,0,0,0,0,0,0,0,0,0,0,0,0,0,0,0,0,0,0,0,0,0,0,0,0,0,0,0,0,0,0,0,0,0,0,0,0,0,0,0,0,0,0,0,0,0,0,0,0,0,0,0,0,0,0,0,0,0,0,0,0,0,0,0,0,0,0,0,0,0,0,0,0,0,0,0,0,0,0,0,0,0,0,0,0,0,0,0,0,0,0,0,0,1,0,0,0,0,0,0,0,0,0,0,0,0,0,0,0,0,0,0,0,0,0,0,0,0,0,0,0,0,0,0,0,0,0,0,0,0,0,0,0,0,0,0,0,0,0,0,0,0,0,0,0,0,0,0,0,0,0,0,0,0,0,0,0,0,0,0,0,0,0,0,0,0,0,0,0
223,https://pl.wiktionary.org/wiki/mowa_nienawi%C5%9Bci#pl,Wiktionary,"statements intended to insult , mock or humiliate a person or group of people [1] ",0,Polish,0,0,0,0,0,0,0,0,0,0,0,0,0,0,0,0,0,0,0,1,0,0,0,0,0,0,0,0,0,0,0,0,0,0,0,0,0,0,0,0,0,0,0,0,0,0,0,0,0,0,0,0,0,0,0,0,0,0,0,0,0,0,0,0,0,0,0,0,0,0,0,0,0,0,0,0,0,0,0,0,0,0,0,0,0,0,0,0,0,0,0,0,0,0,0,0,0,0,0,0,0,0,0,0,0,0,0,0,0,0,0,0,0,0,0,0,0,0,0,0,0,0,0,0,0,0,0,0,0,1,0,0,0,0,0,0,0,0,0,0,0,0,0,0,0,0,0,0,0,0,0,0,0,0,0,0,0,0,0,1,0,0,0,0,0,0,0,0,0,0,0,0,0,0,0,0,0,0,0,0,0,0,0,0,0,0,0,0,0,0,0,0,0,0,0,0,0,0,0,0,0,0,0,0,0,0,0,0,0,0,0,0,0,0,0,0,0,0,0,0,0,0,0,0,0,0,0,0,0,0,0,0,0,0,0,0,0,0,0,0,0,0,0,0,0
224,X,Platform,"Hateful behavior
General information
 
April 2023

You may not directly attack or threaten other people on the basis of their race, ethnic origin, national origin, caste status, sexual orientation, gender, gender identity, religious affiliation, age, disability, or serious illness. 

X's mission is to provide all users with the ability to create and share ideas and information, and to express their opinions and beliefs, without barriers. Free expression is a human right: we believe everyone has a voice and the right to use it. Our role is to serve the public conversation, which requires representing a broad range of perspectives. 

We recognize that if people experience abuse on X, it may compromise their ability to express themselves. Research shows that some groups of people are disproportionately targeted for online abuse. For those who identify with multiple underrepresented groups, abuse may be more common, more severe in nature, and more damaging.

We are committed to combating abuse motivated by hatred, prejudice, or intolerance, particularly abuse aimed at silencing the voices of those who have been historically marginalized. For this reason, we prohibit abusive behavior directed toward individuals or groups based on their perceived membership in a protected category.  

If you see content on X that you believe violates our policy regarding this policy, please report it .

 

What constitutes a breach of this policy?
We will review and take action on reports about accounts that attack an individual or group of individuals in their posts or Direct Messages through any of the following behaviors. 

References to Violence and Hate Speech

We prohibit directing content to individuals or groups that references forms of violence or violent events in which a protected category is the primary target or victim, when the intent is to harass. This includes, but is not limited to, media or text that describes or references:

genocides (e.g., the Holocaust);
lynchings.
Incitement

We prohibit inciting attacks directed at individuals or groups of individuals who fall into protected categories. This includes:

Inciting fear or spreading fearful stereotypes about a protected category, including stating that members of a protected category are more likely to engage in illegal or dangerous activities, e.g., ""All [members of a religious group] are terrorists.""
inciting others to harass members of a protected category on or off the platform, for example, ""I'm sick of these [members of a religious group] thinking they're better than us. If any of you see someone wearing a [religious symbol of the religious group], take it off and post pictures.""
Inciting discrimination by denying support to an individual or group's economic enterprise because of their perceived membership in a protected category, e.g., ""If you go to a [religious group] store, you're supporting terrorists. Let's stop giving our money to these [religious slurs]."" This may not include content with political intent, such as political commentary or content related to boycotts or protests.
Note: Content intended to incite violence against a protected category under Speech Inciting Violence is prohibited .

Insults and Clich?s

We prohibit directing insults, clich?s, or other content toward others that is intended to degrade or reinforce negative or harmful stereotypes about a protected category. In some cases, such as the extensive and repetitive use of racist/sexist (among other) insults or clich?s where the context is to harass or intimidate others, we may request the post's removal. In other cases, such as the moderate and isolated use of these (among other) insults where the context is to harass or intimidate others, we may limit the visibility of the post as described below.

Dehumanization

We prohibit the dehumanization of a group of people based on their religion, caste, age, disability, serious illness, nationality, race, ethnic origin, gender, gender identity, or sexual orientation.

Images inciting hatred 

We consider hate speech to be logos, symbols, or images intended to incite hostility and malice against others based on their race, religion, disability, sexual orientation, gender identity, ethnic origin, or nationality. The following are some examples of hate speech:

symbols historically associated with hate groups, for example, the Nazi swastika;
Images that depict other people as less than human or that have been altered with hate speech symbols, for example, altered images of individuals that include animal characteristics; or
Images altered to include hate speech symbols or references to mass murder, targeting a protected category, for example, manipulating images of people to include yellow Star of David badges, a reference to the Holocaust.
Media depicting hate speech is not permitted in live videos, account bios, profile pictures, or headers. All other media should be flagged as sensitive media. Additionally, sending unsolicited hate speech to someone violates this policy. 

Hate speech profile

You may not use hate speech images or symbols in your profile picture or header. You also may not use your username, display name, or profile bio to engage in abusive behavior, such as targeted harassment or hate speech against an individual, group, or protected category.",0,Spanish,0,0,1,0,0,0,1,0,1,0,1,1,0,1,1,1,1,0,0,0,0,1,0,0,0,0,1,0,1,1,1,1,0,0,1,0,0,0,0,0,0,0,0,0,0,0,0,0,0,0,0,0,0,0,0,0,0,0,0,0,0,0,0,0,0,0,0,0,0,0,0,0,0,0,0,0,0,0,0,0,0,0,0,0,0,0,1,0,0,0,0,0,0,0,0,0,0,0,0,0,0,0,0,0,0,0,0,0,0,0,0,0,0,0,0,0,0,0,0,0,0,1,0,0,0,0,0,0,0,0,0,0,0,0,0,0,0,0,0,0,0,0,0,0,0,1,0,0,0,0,0,0,0,0,0,0,0,0,0,0,0,0,0,0,0,0,0,0,0,0,0,0,0,0,0,0,0,0,0,0,0,0,0,0,0,0,0,0,0,0,0,0,0,0,0,0,0,0,0,0,0,0,0,0,0,0,0,0,0,0,0,0,0,0,0,0,0,0,0,0,0,0,0,0,0,0,0,0,0,0,0,0,0,0,0,0,0,0,0,0,0,1,0,0,0
225,X,Platform,"Hateful conduct
overview
April 2023

Direct attacks against others on the basis of race, ethnicity, place of origin, social status, sexual orientation, gender, gender identity, religious affiliation, age, disability, or serious illness are prohibited. 

X's mission is to provide a place where anyone can instantly create and share ideas and information, and express their opinions and beliefs, without barriers such as language or culture. Freedom of expression is a human right. Everyone has an opinion and the right to express it. We see X's role as a forum for public conversation where diverse ideas can be freely expressed. 

X recognizes that freedom of expression is threatened when users experience abusive behavior on X. Research shows that certain groups are targeted with disproportionate abuse online, and that for people who belong to multiple minority groups, abuse is more common, more intolerable and more harmful.

X is committed to combating abusive conduct motivated by hatred, prejudice and intolerance, particularly those that seek to silence historically marginalized groups. For this reason, X prohibits abusive conduct directed at specific categories of individuals or groups that are legally or socially protected.  

If you observe any behavior on X that you believe violates this policy, please report it to X here .

 

What constitutes a violation of this policy?
We will review and take enforcement action against accounts found to be targeting individuals or groups with any of the following activities through posts or direct messages: 

Hateful ReferencesX

prohibits the targeting of individuals or groups with content intended to offend or allude to violence or violent incidents in which protected categories as defined in some jurisdictions are the primary targets or victims. This includes, but is not limited to, media or text that alludes to or depicts:

Genocide (such as the Holocaust)
Lynching murder
Incitement

X prohibits incitement to acts that target specific categories of individuals or groups that should be protected by law or society. Specifically, the following actions will be taken:

Inciting fear or spreading prejudices against certain categories of people who should be protected by law or society, including allegations that they are more likely to take part in dangerous or illegal activities. Example: ""All (certain religious groups) are terrorists.""
Inciting others on or off platform X to harass people who belong to a legally or socially protected category. Example: ""I'm sick of this (religious group) mentality of being superior. If I see anyone wearing (religious group symbol), I'm going to rip it off and expose their image!""
Inciting discrimination by denying support to a commercial business to individuals or groups because they are perceived to belong to a particular legally or socially protected category. Example: ""When you go to that (religious group) store, you're supporting those (slur). Let's stop giving our money to that (religious slur)."" This may not include content that is political in nature, such as political commentary or content related to boycotts or protests.
Note: Content intended to incite violence against specific categories of people who are legally or socially protected is prohibited by our Violent Speech policy .

Defamation and Discriminatory RidiculeX

prohibits the repeated defamation of others, the subjection of discriminatory ridicule, and other content intended to denigrate or promote negative or harmful prejudice against certain categories of people who should be protected by law or society. In cases of severe and repeated use of defamatory, racist, or sexist language with the intent to harass or intimidate others, X may request the removal of the post. In cases of moderate severity and one-time occurrences of such behavior with the intent to harass or intimidate others, X may limit the visibility of the post as described below.

The erasure of humanity

It also prohibits dehumanization of groups of people on the basis of religion, social status, age, disability, serious illness, place of origin, race, ethnicity, sex, gender identity, or sexual orientation.

Hateful images

We consider hateful imagery to be any logo, symbol or image intended to incite hostility or ill will towards others on the basis of race, religion, disability, sexual orientation, gender identity or ethnicity/national origin. Examples of hateful imagery include, but are not limited to:

Symbols historically associated with hate groups (such as the Nazi swastika)
Images that contain individuals being dehumanized or that have been altered to contain symbols of hate (such as altering an individual's image to look like an animal)
Images that have been altered to include symbols of hate or references to genocide against certain categories of people who should be legally or socially protected (for example, altering an individual's image to include a Star of David, which is reminiscent of the Holocaust)
You may not include hateful images in your live broadcasts, account bio, profile picture, or header image. All other hateful images/videos are also considered sensitive images/videos. Additionally, sending unsolicited hateful images to any individual is a violation of this policy. 

Hateful profiles

You may not use hateful images or symbols as your profile picture or profile header image, and you may not use your username, display name or profile to engage in offensive conduct, including targeted harassment or hate speech directed at a specific person, group, or legally or socially protected category of people.",0,Japanese,0,0,1,0,0,0,1,0,1,0,1,1,0,1,1,1,1,0,0,0,0,1,0,0,0,0,1,0,1,1,1,1,0,0,1,0,0,0,0,0,0,0,0,0,0,0,0,0,0,0,0,0,0,0,0,0,0,0,0,0,0,0,0,0,0,0,0,0,0,0,0,0,0,0,0,0,0,0,0,0,0,0,0,0,0,0,1,0,0,0,0,0,0,0,0,0,0,0,0,0,0,0,0,0,0,0,0,0,0,0,0,0,0,0,0,0,0,0,0,0,0,1,0,0,0,0,0,0,0,0,0,0,0,0,0,0,0,0,0,0,0,0,0,0,0,1,0,0,0,0,0,0,0,0,0,0,0,0,0,0,0,0,0,0,0,0,0,0,0,0,0,0,0,0,0,0,0,0,0,0,0,0,0,0,0,0,0,0,0,0,0,0,0,0,0,0,0,0,0,0,0,0,0,0,0,0,0,0,0,0,0,0,0,0,0,0,0,0,0,0,0,0,0,0,0,0,0,0,0,0,0,0,0,0,0,0,0,0,0,0,0,1,0,0,0
226,X,Platform,"Hate speech
outline
 
April 2023

You must not directly attack others based on their race, ethnicity, nationality, class, sexual orientation, gender, gender identity, religion, age, disability, or serious illness. 

X's mission is to give everyone the power to create and share ideas and information, and to express their opinions and beliefs without barriers. Free expression is a human right. At X, we believe that everyone has the right to have their own opinions and to use them. X's role is to provide a platform for open dialogue, allowing diverse perspectives to be expressed. 

Users who are cyberbullied on X feel threatened in expressing themselves. Research shows that certain groups of people are subject to excessive cyberbullying online. Cyberbullying may be more common for people whose identities are associated with multiple minority groups, and this can actually lead to more serious and damaging harm.

X is committed to combating cyberbullying that stems from hate, bigotry or intolerance, particularly abuse aimed at silencing historically marginalized people. To that end, X prohibits cyberbullying of individuals or groups based on perceived membership in a protected category.  

If you witness any activity that you believe violates this policy, please report it to X.

 

What actions violate this policy?
On X, we review reports and take enforcement action against accounts that target individuals or groups in Tweets or Direct Messages for one or more of the following behaviors: 

Hate-Based References

X prohibits content that references forms of violence or violent incidents where the primary target or victim is a protected category, with the intent to target and harass individuals or groups. This includes, but is not limited to, media or content that references or depicts:

Mass genocide (e.g. Holocaust)
Lynch
agitation

X prohibits incitement that targets individuals or groups that fall within protected categories. This includes:

Actions that promote fear or promote fear-inducing stereotypes about protected categories of people, including claims that people in protected categories are more likely to engage in dangerous or illegal activities (e.g., �All [religious groups] are terrorists�).
Encouraging others to harass individuals in protected categories on or off the platform (e.g., �I�m sick of these [religious group] thinking they�re better than us. If you see someone wearing [religious symbol of your religious group], you should snatch it from their person and take a picture of it!�)
Inciting discrimination against other users by denying them support for the economic activities of individuals or groups because they belong to a particular protected category (e.g., �If you buy from [religious group] store, you�re helping that [derogatory term]. Stop giving your money to this [derogatory term for religious group]!�). This may not include content that is inherently political in nature, such as content related to boycotts or protests, or political commentary.
Note: In accordance with our hate speech policy , content that incites violence against people in protected categories is prohibited.

Slander and Metaphors

X prohibits repeated slander or targeting of slanderous or other content that is intended to disparage or reinforce negative or harmful stereotypes about people in protected categories. In some cases, including but not limited to, repeated use of strong slander or racist/sexist slang in a context that harasses or threatens others, X may request that your Tweets be removed. Alternatively, in cases such as (but not limited to) a single use of less severe profanity in a context that is intended to harass or threaten others, X may limit the visibility of those Tweets, as further explained below.

Personal insult

X prohibits acts that defame a group based on religion, caste, age, disability, serious illness, nationality, race, ethnicity, gender, gender identity, or sexual orientation.

Hate image 

X considers hate imagery to be logos, symbols, or images that are intended to incite hostility and malice toward others based on race, religion, disability, sexual orientation, gender identity, or ethnicity/nationality. Hate imagery includes:

Symbols historically associated with hate groups (e.g., the Nazi swastika)
Images that have been altered to depict others as less than human or to contain hateful symbols (e.g., images of individuals altered to contain animal features)
Images altered to include hate symbols or references to genocide targeting protected categories (e.g., images of individuals altered to include a yellow Star of David badge suggesting the Holocaust)
Media depicting hateful images cannot be used in live videos, account bios, profiles, or header images. In all other cases, media must be marked as sensitive. Additionally, sending unsolicited hateful images to individuals is a violation of this policy. 

Hate Profile

You may not use hateful images or symbols in your profile image or profile header. You may also not engage in violent behavior, such as harassing a specific target or expressing hate toward a person, group, or private category, using your username, display name, or profile bio.
",0,Korean,0,0,1,0,0,0,1,0,1,0,1,1,0,1,1,1,1,0,0,0,0,1,0,0,0,0,1,0,1,1,1,1,0,0,1,0,0,0,0,0,0,0,0,0,0,0,0,0,0,0,0,0,0,0,0,0,0,0,0,0,0,0,0,0,0,0,0,0,0,0,0,0,0,0,0,0,0,0,0,0,0,0,0,0,0,0,1,0,0,0,0,0,0,0,0,0,0,0,0,0,0,0,0,0,0,0,0,0,0,0,0,0,0,0,0,0,0,0,0,0,0,1,0,0,0,0,0,0,0,0,0,0,0,0,0,0,0,0,0,0,0,0,0,0,0,1,0,0,0,0,0,0,0,0,0,0,0,0,0,0,0,0,0,0,0,0,0,0,0,0,0,0,0,0,0,0,0,0,0,0,0,0,0,0,0,0,0,0,0,0,0,0,0,0,0,0,0,0,0,0,0,0,0,0,0,0,0,0,0,0,0,0,0,0,0,0,0,0,0,0,0,0,0,0,0,0,0,0,0,0,0,0,0,0,0,0,0,0,0,0,0,1,0,0,0
227,X,Platform,"Hateful conduct
Overview
 
April 2023

You may not promote violence, attack, or threaten others based on race, ethnicity, national origin, sexual orientation, gender, gender identity, religion, age, disability, or serious illness. 

X's mission is to provide everyone with the opportunity to create and share ideas and information, and to express their opinions and beliefs without any obstacles. Freedom of expression is a human right. We believe that everyone has the right to express their opinions. Our role is to foster public dialogue, and this requires the representation of diverse perspectives. 

We know that people who experience harassment on X may have a risk of expressing themselves. Research has shown that some groups of people experience harassment online disproportionately. For those who identify with multiple underrepresented groups, harassment may be more common, more severe in nature, and more harmful.

We are committed to combating harassment motivated by hate, bias, or intolerance, particularly harassment that seeks to silence the voices of those who have been historically marginalized. For this reason, we prohibit harassing behavior that targets individuals or groups based on their membership in a protected category.  

If you find something on X that appears to violate this policy, please report it .

 

What violates this policy?
We will review and take action against reports of accounts directing following behaviors toward an individual or group of people in posts or Direct Messages. 

Hateful References

It is prohibited to target individuals or groups with content that references forms of violence or violent events in which a protected category is the primary target or victim, where the intent is to harass. This includes, but is not limited to, media or text that depicts or references the following:

genocides (e.g., Holocaust);
lynchings.
Incitement

We prohibit inciting behavior toward individuals or groups of individuals who belong to protected categories. This includes:

inciting fear or spreading stereotypes about a protected category, including asserting that members of a protected category are more likely to engage in dangerous or illegal activities. For example: �all [religious group] are terrorists.�
inciting others to harass members of a protected category on or off the platform. For example: �I can�t stand these [religious group] thinking they�re better than us anymore! If you see someone wearing [religious symbol of such group], rip it off and post it!�
inciting others to discriminate in the form of denying support for a person�s or group�s economic enterprise because of perceived association with a protected category. For example: �If you go to a [religious group] store, you are supporting [slur]. Let�s stop giving our money to [religious slur].� This may not include content intended to be political in nature, such as political commentary or content related to boycotts or protests.
Note: Content intended to incite violence against a protected category is prohibited under Violent Speech .

Insults or Name-calling

You may not direct repeated statements or treatment or other content toward someone that is intended to degrade or reinforce negative or harmful stereotypes about a protected category. In some cases, such as (but not limited to) heavy and repeated use of racist/sexist slurs or clich?s that are intended primarily to harass or intimidate others, we may request that the post be removed. In other cases, such as (but not limited to) moderate and isolated use that is intended to threaten or intimidate others, we may limit the visibility of the post, as described in more detail below.

Dehumanization

We prohibit the dehumanization of a group of people based on religion, caste, age, disability, serious illness, national origin, race, ethnicity, sex, gender identity, or sexual orientation.

Images of hate propagation 

We consider hateful images to be logos, symbols or images that are intended to promote hostility and malice against others based on race, religion, disability, sexual orientation, gender identity or ethnicity/national origin. Some examples of hateful images include, but are not limited to:

symbols historically associated with hate groups, such as the Nazi swastika;
images depicting other people in degrading conditions or altered to include hate-mongering symbols, for example, altering images of individuals to include animalistic features; or
images altered to include hate speech symbols or references to a mass murder targeting a protected category, for example, manipulating images of individuals to include yellow coats of arms with the Star of David, in reference to the Holocaust.
Media depicting hateful imagery is not permitted in live videos, account bios, or profile or cover images. All other instances must be marked as sensitive media. Additionally, sending unsolicited hateful imagery to an individual is a violation of this policy. 

Hate Spreading Profile

You may not use hateful images or symbols in your profile picture or cover. You may also not use your username, display name, profile, or bio to engage in abusive behavior, such as targeted harassment, or to express hate toward a protected person, group, or category.",0,Portuguese,0,0,1,0,0,0,1,0,1,0,1,1,0,1,1,1,1,0,0,0,0,1,0,0,0,0,1,0,1,1,1,1,0,0,1,0,0,0,0,0,0,0,0,0,0,0,0,0,0,0,0,0,0,0,0,0,0,0,0,0,0,0,0,0,0,0,0,0,0,0,0,0,0,0,0,0,0,0,0,0,0,0,0,0,0,0,1,0,0,0,0,0,0,0,0,0,0,0,0,0,0,0,0,0,0,0,0,0,0,0,0,0,0,0,0,0,0,0,0,0,0,1,0,0,0,0,0,0,0,0,0,0,0,0,0,0,0,0,0,0,0,0,0,0,0,1,0,0,0,0,0,0,0,0,0,0,0,0,0,0,0,0,0,0,0,0,0,0,0,0,0,0,0,0,0,0,0,0,0,0,0,0,0,0,0,0,0,0,0,0,0,0,0,0,0,0,0,0,0,0,0,0,0,0,0,0,0,0,0,0,0,0,0,0,0,0,0,0,0,0,0,0,0,0,0,0,0,0,0,0,0,0,0,0,0,0,0,0,0,0,0,1,0,0,0
228,X,Platform,"Hate-mongering behavior
Overview
April 2023

You may not directly attack other people based on their ethnicity, national origin, caste, sexual orientation, gender, gender identity, religious affiliation, age, disability, or serious illness. 

X's mission is to empower everyone to create and share ideas and information, and to express their opinions and beliefs without barriers. Freedom of expression is a human right�we believe everyone has a voice and the right to use it. Our mission is to serve the public conversation, which requires representing a diverse range of perspectives. 

We know that people who experience abusive behavior on X may struggle to speak up. Research has shown that some groups of people experience online abuse disproportionately. The abuse can be more frequent, severe, and damaging for people who identify with multiple underrepresented groups.

We are committed to combating abuse motivated by hatred, prejudice, or intolerance, particularly abuse that seeks to silence the voices of those who have been historically marginalized. Therefore, we prohibit conduct directed at individuals or groups that constitutes abuse based on their (perceived) membership in a protected category.  

If you see something on X that you believe violates this policy, please report it to us .

 

What violates this policy?
We will investigate and take action on reports of accounts that attack an individual or group of individuals using any of the following behaviors, whether in posts or direct messages. 

Hateful References

We prohibit targeting individuals or groups with content that refers to forms of violence or violent events in which a protected class was the primary target or victim, if the intent is to harass them. This includes, but is not limited to, media or text that references or depicts:

Genocides (e.g. the Holocaust);
Lynchings.
Incitement to violence

We prohibit seditious conduct directed against individuals or groups belonging to protected categories, including:

Instilling fear or promoting fear-inducing stereotypes about a protected group, including claiming that members of a protected group are more likely to engage in dangerous or illegal activities, e.g., �all [religious group] are terrorists.�
Encouraging others to harass members of a protected group on or off the platform, e.g., ""I'm sick of this [religious group] thinking they're better than us. If any of you see someone wearing a [religious symbol of the religious group], take it off them and post photos!""
Inciting discrimination against others by denying support for a person or group's economic endeavors because of their (perceived) membership in a protected category, e.g.: ""If you go to a [religious group] store, you are supporting this [expletive]. We should stop giving our money to these [religious slur]."" This does not include political content, such as political commentary or content related to boycotts or protests.
Note: Content intended to incite violence against a protected category is prohibited under the heading Violent Language .

Slurs and Figurative Language

We prohibit targeting others with repeated slurs, figurative language, or other content intended to demean a protected category or reinforce negative or harmful stereotypes. In some cases, such as (but not limited to) severe, repeated use of slurs or racist/sexist figurative language where the context is intended to harass or intimidate others, we may require removal of the post. In other cases, such as (but not limited to) moderate, isolated use in a context intended to harass or intimidate others, we may limit the visibility of posts as described below.

Dehumanization

We prohibit the dehumanization of any group of people on the basis of their religion, caste, age, disability, serious illness, national origin, race, ethnic origin and affiliation, gender, gender identity, or sexual orientation.

Hate-mongering images 

Hateful images include logos, symbols, or images intended to promote hostility and malice against others based on their race, religion, disability, sexual orientation, gender identity, or ethnic/national origin. Examples of hateful images include, but are not limited to:

Symbols historically associated with hate groups, such as the Nazi swastika
Images that depict others as less than fully human or that are edited to contain hate-inducing symbolism, for example, by altering images of people to have animal characteristics
Images that have been altered to contain hate-inciting symbols or references to mass murder of people in a protected category, such as the manipulation of images of people with yellow Stars of David, reminiscent of the Holocaust
Media containing hateful images is not permitted in live videos, account bios, profile images, or header images. All other instances must be marked as sensitive media. Furthermore, sending unsolicited hateful images is a violation of this policy. 

Hate-mongering profiles

You may not use hateful images or symbols in your profile picture or profile header. You may not use your username, display name, or profile bio to engage in abusive behavior, including, but not limited to, targeted harassment and hate speech directed at any individual, group, or protected category.",0,German,0,0,1,0,0,0,1,0,1,0,1,1,0,1,1,1,1,0,0,0,0,1,0,0,0,0,1,0,1,1,1,1,0,0,1,0,0,0,0,0,0,0,0,0,0,0,0,0,0,0,0,0,0,0,0,0,0,0,0,0,0,0,0,0,0,0,0,0,0,0,0,0,0,0,0,0,0,0,0,0,0,0,0,0,0,0,1,0,0,0,0,0,0,0,0,0,0,0,0,0,0,0,0,0,0,0,0,0,0,0,0,0,0,0,0,0,0,0,0,0,0,1,0,0,0,0,0,0,0,0,0,0,0,0,0,0,0,0,0,0,0,0,0,0,0,1,0,0,0,0,0,0,0,0,0,0,0,0,0,0,0,0,0,0,0,0,0,0,0,0,0,0,0,0,0,0,0,0,0,0,0,0,0,0,0,0,0,0,0,0,0,0,0,0,0,0,0,0,0,0,0,0,0,0,0,0,0,0,0,0,0,0,0,0,0,0,0,0,0,0,0,0,0,0,0,0,0,0,0,0,0,0,0,0,0,0,0,0,0,0,0,1,0,0,0
229,X,Platform,"Hateful Behavior
Overview
 
April 2023

You may not directly attack others based on race, ethnicity, national origin, caste, sexual orientation, gender, gender identity, religious belief, age, disability, or major disease. 

X�s mission is to empower everyone to create content, share opinions and information, and express their views and beliefs without restrictions. Freedom of expression is a human right. We believe everyone has a say and the right to say it. Our role is to provide a shared space for conversation that requires representation of diverse perspectives. 

We understand that when people experience harassment on X, their freedom to express themselves can be at risk. Research shows that certain groups are at particularly high rates of harassment online. For people who identify with multiple underrepresented groups, harassment is more frequent, more severe, and more harmful.

We are committed to combating harassment motivated by feelings of hate, prejudice, or intolerance, especially harassment that seeks to silence historically marginalized individuals. For this reason, we prohibit abusive behavior that targets individuals or groups because of their perceived membership in a protected category.  

If you see behavior on X that you believe violates this policy, please let us know .

 

What violates this policy?
We investigate and take action on reports of accounts that target an individual or group of people through the following behaviors in posts or Direct Messages: 

Hateful references

We prohibit targeting individuals or groups with content that references forms of violence or acts of violence that target a protected category as the primary target or victim. This includes, but is not limited to, media or text that suggests or depicts:

genocides (e.g. the Holocaust);
lynching acts.
Provocation

We prohibit inflammatory behavior that targets individuals or groups in protected categories. This includes:

Instilling fear or spreading fearful stereotypes about a protected category, such as by saying that members of that protected category are likely to engage in dangerous or illegal acts. For example, �all [religious groups] are terrorists.�
Encouraging others to harass members of a protected group on or off the platform. For example, ""I am disgusted by these [religious group] who think they are better than us. If you see anyone wearing [religious group's religious symbol], take their picture off!""
Encouraging others to discriminate against supporting an individual or group's economic enterprise because of their perceived membership in a protected category. For example, ""If you go to a [religious group] store, you're supporting terrorists. Let's stop taking our money from this [racial slur]."" This does not include content that is political in nature, such as political commentary or content about boycotts or protests.
Note: Content intended to incite violence against a protected category is prohibited under Violent Speech .

Slander and Allusions

We prohibit repeated slurs, allusions, or other content that is intended to discredit a protected category or reinforce negative or harmful stereotypes. In some cases, such as (but not limited to) serious, repeated use of slurs or racist/sexist allusions where the context is to harass or intimidate others, we may request that a post be removed. In other cases, such as (but not limited to) moderate, isolated uses where the context is to harass or intimidate others, we may limit post visibility as further described below.

Dehumanization

Demonization of specific groups of people because of religion, class, age, disability, serious illness, national origin, race, ethnicity, gender, gender identity or sexual orientation is prohibited.

Hateful Images 

We consider hateful imagery to be any logo, symbol or image that is intended to promote hatred or hostility towards others based on race, religion, disability, sexual orientation, gender identity or ethnicity/national origin. Some examples of hateful imagery include, but are not limited to:

symbols historically associated with hate groups (for example, the Nazi swastika);
images that are altered to depict others as less than human or to include hateful symbols, for example, altering images of individuals to include animal-like features; or
hateful symbols or images that reference mass murder targeting a protected category, for example, adding yellow Star of David badges to images of individuals as a reference to the Holocaust.
Media depicting hateful imagery is not allowed in live video, account bios, profile or header images. All other instances should be flagged as sensitive media. Sending unwanted and hateful imagery to an individual is also a violation of this policy. 

Hateful Profile

You may not use hateful images or symbols in your profile picture or profile title. You may not use your username, display name, or personal information on your profile to target someone or engage in abusive behavior against an individual, group, or protected category.",0,Turkish,0,0,1,0,0,0,1,0,1,0,1,1,0,1,1,1,1,0,0,0,0,1,0,0,0,0,1,0,1,1,1,1,0,0,1,0,0,0,0,0,0,0,0,0,0,0,0,0,0,0,0,0,0,0,0,0,0,0,0,0,0,0,0,0,0,0,0,0,0,0,0,0,0,0,0,0,0,0,0,0,0,0,0,0,0,0,1,0,0,0,0,0,0,0,0,0,0,0,0,0,0,0,0,0,0,0,0,0,0,0,0,0,0,0,0,0,0,0,0,0,0,1,0,0,0,0,0,0,0,0,0,0,0,0,0,0,0,0,0,0,0,0,0,0,0,1,0,0,0,0,0,0,0,0,0,0,0,0,0,0,0,0,0,0,0,0,0,0,0,0,0,0,0,0,0,0,0,0,0,0,0,0,0,0,0,0,0,0,0,0,0,0,0,0,0,0,0,0,0,0,0,0,0,0,0,0,0,0,0,0,0,0,0,0,0,0,0,0,0,0,0,0,0,0,0,0,0,0,0,0,0,0,0,0,0,0,0,0,0,0,0,1,0,0,0
230,X,Platform,"Hateful conduct
Overview
 
April 2023

You may not directly attack other people based on race, ethnicity, national origin, caste, sexual orientation, gender, gender identity, religious affiliation, age, disability, or any serious illness. 

X's mission is to empower everyone to create and share ideas and information, and to express their opinions and beliefs without hindrance. Freedom of expression is a human right. We believe everyone has a voice and the right to make it heard. Our role is to serve the public conversation, which requires representing a wide range of viewpoints. 

We know that if people experience inappropriate behavior online, it can compromise their ability to express themselves. Studies have shown that inappropriate online behavior disproportionately targets certain groups of people. For people who identify with multiple underrepresented groups, inappropriate behavior can be more frequent, more severe, and more harmful.

We are committed to combating inappropriate behavior motivated by hatred, prejudice, or intolerance, particularly that intended to silence the voices of traditionally marginalized people. For this reason, we prohibit behavior that targets individuals or groups who are victims of abuse based on their perceived membership in a protected category.  

If you see content on X that you believe violates this policy, please report it to us .

 

What constitutes a violation of this policy?
We will review reports of accounts that target an individual or group of individuals using one or more of the behaviors below in their posts or Direct Messages, and we will take appropriate action against those accounts. 

Hateful References

We prohibit the targeting of individuals or groups of individuals with content that references forms of violence or violent events in which a protected category was the primary target or victim, with the intent to harass them. This includes, but is not limited to, media or text that mentions or describes:

genocides (the Holocaust, for example);
lynchings.
Incentive

We prohibit incitement behavior that targets individuals or groups of individuals in protected categories. This includes:

Instilling fear or spreading frightening stereotypes about a protected category, including asserting that members of that category are more likely to engage in dangerous or illegal activities. Example: ""All [religious group] are terrorists.""
Inciting others to harass members of a protected category, whether on or off the platform. Example: �I�m sick of these [religious group] people who think they�re better than us. If any of you see someone wearing a [religious symbol of the group concerned], rip it off and post pictures!�
Inciting discrimination in the form of refusing to support a person's or group's business because of their perceived membership in a protected category. Example: ""When you go to a [religious group] store, you're supporting these [slur]. Let's stop giving our money to these [slur targeting a particular religion]."" Political content, such as political commentary or content related to boycotts or protests, may not be covered.
Note: Content intended to incite violence against a protected category is prohibited under our violent speech guidelines .

Slurs

and Critiques We prohibit the targeting of others with repeated slurs, clich?s, and other content intended to degrade individuals or reinforce negative or harmful stereotypes about a protected category. In certain situations, including (but not limited to) significant and repeated use of racist/sexist slurs or clich?s in the context of harassment or bullying, we may require removal of a post. In other situations, including (but not limited to) moderate and isolated use of slurs to harass or bully others, we may limit the visibility of posts as described in more detail below.

Dehumanization

We prohibit the dehumanization of any group of people on the basis of their religion, caste, age, national origin, race, ethnicity, gender, gender identity, sexual orientation, or disability or serious illness.

Hateful imagery

Logos, symbols, or images intended to promote hostility and malice against other people based on their race, religion, disability, sexual orientation, gender identity, or ethnic/national origin are considered hateful imagery. Examples of hateful images include, but are not limited to:

symbols historically associated with hate groups, such as the swastika
images depicting people in a way that denies their humanity, or altered to include hateful symbols, such as images altered to incorporate animal features
images altered to include hate symbols or references to mass murder targeting a protected category, such as manipulated images containing yellow stars, in reference to the Holocaust
Media depicting or depicting hateful images is not permitted in live videos, account bios, profiles, or banner images. All other instances must be marked as sensitive media. Additionally, sending unsolicited hateful images to an individual is a violation of this policy. 

Hate profiles

You may not use hateful images or symbols in your profile picture or banner. You may also not use your username, display name, or profile bio to engage in inappropriate behavior, such as targeted harassment, or to express hatred toward any person, group, or protected category.",0,French,0,0,1,0,0,0,1,0,1,0,1,1,0,1,1,1,1,0,0,0,0,1,0,0,0,0,1,0,1,1,1,1,0,0,1,0,0,0,0,0,0,0,0,0,0,0,0,0,0,0,0,0,0,0,0,0,0,0,0,0,0,0,0,0,0,0,0,0,0,0,0,0,0,0,0,0,0,0,0,0,0,0,0,0,0,0,1,0,0,0,0,0,0,0,0,0,0,0,0,0,0,0,0,0,0,0,0,0,0,0,0,0,0,0,0,0,0,0,0,0,0,1,0,0,0,0,0,0,0,0,0,0,0,0,0,0,0,0,0,0,0,0,0,0,0,1,0,0,0,0,0,0,0,0,0,0,0,0,0,0,0,0,0,0,0,0,0,0,0,0,0,0,0,0,0,0,0,0,0,0,0,0,0,0,0,0,0,0,0,0,0,0,0,0,0,0,0,0,0,0,0,0,0,0,0,0,0,0,0,0,0,0,0,0,0,0,0,0,0,0,0,0,0,0,0,0,0,0,0,0,0,0,0,0,0,0,0,0,0,0,0,1,0,0,0
231,X,Platform,"Conduct that incites hatred
Overview
 
April 2023

You may not directly attack other people based on their race, national origin, caste, sexual orientation, gender, gender identity, religion, age, disability, or serious illness. 

X's purpose is to empower everyone to create and share ideas and information, and to express opinions and beliefs without barriers. Free expression is a human right: we believe everyone has a voice and the right to use it. Our role is to facilitate public conversation, which requires representing a diverse range of viewpoints. 

We know that your ability to express yourself on X can be compromised when you experience abuse. Research shows that certain groups of people are disproportionately affected by online abuse. For people who identify with multiple underrepresented groups, abuse can be more frequent, more severe, and more impactful.

We are committed to combating abuse based on hatred, prejudice or bigotry, especially that which seeks to silence people who have historically been marginalized. That is why we prohibit behavior that targets individuals or groups with abuse based on the perception that they belong to protected categories.  

If you see something on X that you think violates these rules, please report it to us .

 

What behaviors constitute a violation of these rules?
We review and take action on reports of accounts targeting an individual or group of individuals, within posts or Direct Messages, with any of the behaviors listed below. 

Hate speech references

It is prohibited to target individuals or groups, with the purpose of harassing them, with content that refers to forms of violence or violent events of which a protected category has been the target or the primary victim. This includes, but is not limited to, multimedia content or text that describes or refers to:

genocides (e.g. the Holocaust);
lynchings.
Incitement
 

We prohibit incitement behavior that targets individuals or groups of people belonging to protected categories. This includes:

incite fear or spread fearful stereotypes about a protected group, including claiming that members of a protected group are more likely to engage in dangerous or illegal activities, such as ""All [members of a religious group] are terrorists"";
inciting others to harass members of a protected category on or off the platform, e.g. ""I'm sick of these [religious groups] thinking they're better than us, if any of you see anyone wearing a [religious group's religious symbol], grab it and post pictures of it!"";
incite discrimination in the form of denying support for an individual or group's economic endeavor because they appear to belong to a protected category, for example: ""If you go to a [religious group] store, you are supporting the [slur], let's stop giving our money to these [religious slur]."" This may not apply to content of a political nature, such as political commentary or content related to boycotts or protests.
Note: Content that is intended to incite violence against a protected group falls under violent speech .

Insults and clich?s

It is prohibited to target other people with insults, clich?s or other repetitive content aimed at humiliating them or reinforcing negative or harmful stereotypes about a protected category. In some cases, such as when there is severe and repetitive use of racist and sexist insults or innuendos in a context of harassment or intimidation of other people, we may require removal of the posts. In other cases, such as when there is moderate and isolated use of statements in a context of harassment or intimidation of other people, we may limit the visibility of the post as further described below.

Dehumanization

We prohibit the dehumanization of a group of people on the basis of religion, caste, age, disability, serious illness, origin, ethnicity, gender, gender identity or sexual orientation.

Images that incite hatred 

We consider hateful images to be any logo, symbol, or image that is intended to promote hostility and malice against other people based on their race, national origin, religion, disability, sexual orientation, or gender identity. Here are some examples of hateful images:

symbols historically associated with violent groups (e.g. the Nazi swastika);
images that are offensive to human dignity or altered to include symbols that incite hatred (for example images altered to include animal features);
images altered to include symbols of hatred or references to genocide affecting a protected group (for example, manipulation of images of people to include the yellow Star of David emblem, in reference to the Holocaust).
Hateful imagery is not allowed in live videos, account bios, profile photos, or header images. In all other cases, it must be marked as sensitive media. Additionally, sending unsolicited hateful images to someone is a violation of this policy. 

Profile with hate speech

You may not use hateful images or symbols in your profile picture or header. You may also not use your username, display name, or profile bio to engage in abuse, such as harassing someone or expressing hatred toward a protected person, group, or category.",0,Italian,0,0,1,0,0,0,1,0,1,0,1,1,0,1,1,1,1,0,0,0,0,1,0,0,0,0,1,0,1,1,1,1,0,0,1,0,0,0,0,0,0,0,0,0,0,0,0,0,0,0,0,0,0,0,0,0,0,0,0,0,0,0,0,0,0,0,0,0,0,0,0,0,0,0,0,0,0,0,0,0,0,0,0,0,0,0,1,0,0,0,0,0,0,0,0,0,0,0,0,0,0,0,0,0,0,0,0,0,0,0,0,0,0,0,0,0,0,0,0,0,0,1,0,0,0,0,0,0,0,0,0,0,0,0,0,0,0,0,0,0,0,0,0,0,0,1,0,0,0,0,0,0,0,0,0,0,0,0,0,0,0,0,0,0,0,0,0,0,0,0,0,0,0,0,0,0,0,0,0,0,0,0,0,0,0,0,0,0,0,0,0,0,0,0,0,0,0,0,0,0,0,0,0,0,0,0,0,0,0,0,0,0,0,0,0,0,0,0,0,0,0,0,0,0,0,0,0,0,0,0,0,0,0,0,0,0,0,0,0,0,0,1,0,0,0
232,X,Platform,"
Overview
 
April 2023

You may not directly attack other people on the basis of race, ethnicity, national origin, caste, sexual orientation, gender, gender identity, religious affiliation, age, disability, or serious illness. 

Our mission at X is to empower everyone to create and share ideas and information, and to express their opinions and beliefs without restrictions. Freedom of expression is a human right; we believe that every person on this planet has an opinion and the right to express it. Our role is to enrich dialogue among all, which requires the interaction of diverse perspectives and opinions. 

We recognize that people's exposure to abusive behavior on X may diminish their ability to express themselves. Research has shown that certain groups of people are disproportionately exposed to abusive behavior online. For people from multiple marginalized groups, the abusive behavior they experience may be more common, more severe, and more harmful.

We are committed to addressing abusive behaviors motivated by hatred, prejudice, or intolerance, especially behaviors that seek to silence the voices of historically marginalized people. For this reason, we prohibit behaviors that target individuals or groups for the purpose of harming them based on their perceived membership in a protected class.  

If you see anything on X that you believe violates this policy, please report it to us .

 

What constitutes a violation of this policy?
We will review and take action on reports of accounts that target an individual or group of individuals through any of the following behaviors, whether in Tweets or Direct Messages. 

Hateful Referrals:

We prohibit targeting individuals or groups with content that references forms of violence or violent events whose primary targets or majority of victims are protected groups, and for the purpose of harassment. This includes, but is not limited to, media or text that references or depicts:

genocides (such as the Holocaust);
Extrajudicial executions.
incitement

We prohibit inflammatory behavior that targets individuals or groups of individuals belonging to protected categories. This includes:

Instilling fear or stereotyping about a protected group, including asserting that members of a protected group are highly likely to engage in dangerous or illegal activities, for example: �All followers of [a particular religion] are terrorists.�
Inciting others to harass members of a protected class on the platform or in real life, for example, �I�m sick of people from [particular religion] thinking they�re better than us. If anyone sees someone wearing a [religious symbol of that religion], force it off and post a picture of it!�
Inciting discrimination against others by refusing to support the economic venture of an individual or group of individuals because of their perceived membership in a protected class, e.g., �If you go to a [religion] store, you�re supporting [slurs]. Let�s stop giving our money to [religious slurs].� This may not include: Content intended to be political in nature; such as: political commentary or content related to boycotts or protests.
Note: Content that is intended to incite violence against a protected class is prohibited under our policy against speech that incites violence .

Insults and Insinuations

We prohibit targeting others with repeated insults, insinuations, or other content intended to demean or spread negative and harmful stereotypes about a protected group. In some cases, such as (but not limited to) severe and repeated use of racial or sexist insinuations or innuendos in a context intended to harass or intimidate others, we may request that the Tweet be removed. In other cases, such as (but not limited to) moderate and infrequent use in a context intended to harass or intimidate others, we may limit the display of the Tweet as described below.

dehumanization

We also prohibit the dehumanization of a group of people on the basis of religion, caste, age, disability, serious illness, national origin, race, ethnicity, gender, gender identity, or sexual orientation.

hateful images 

We consider hateful imagery to be slogans, symbols, or images intended to incite hostile or malicious actions against others based on race, religion, disability, sexual orientation, gender identity, or ethnicity/national origin. Examples of hateful imagery include, but are not limited to:

Symbols that are historically associated with groups that incite hatred, for example: the Nazi swastika; or
Images that demean others and place them in a less than human status, or images that are modified to include hateful symbols, for example: images modified to depict people with animal characteristics; or
Images altered to include hate symbols or references to mass killings targeting a protected group, for example: altered images of people with the yellow Star of David, to refer to the Holocaust.
Media containing hateful imagery is not permitted in a live video, bio, profile photo, or header. All other similar media must be marked as sensitive. Additionally, sending hateful imagery to someone without their permission is a violation of this policy. 

Hate Profile

You may not use hateful images or symbols in your profile picture or header. You may not use your username, display name, or profile bio to engage in abusive behavior, such as harassing specific individuals or expressing hatred toward a person, group, or protected class.
",0,Arabic,0,0,1,0,0,0,1,0,1,0,1,1,0,1,1,1,1,0,0,0,0,1,0,0,0,0,1,0,1,1,1,1,0,0,1,0,0,0,0,0,0,0,0,0,0,0,0,0,0,0,0,0,0,0,0,0,0,0,0,0,0,0,0,0,0,0,0,0,0,0,0,0,0,0,0,0,0,0,0,0,0,0,0,0,0,0,1,0,0,0,0,0,0,0,0,0,0,0,0,0,0,0,0,0,0,0,0,0,0,0,0,0,0,0,0,0,0,0,0,0,0,1,0,0,0,0,0,0,0,0,0,0,0,0,0,0,0,0,0,0,0,0,0,0,0,1,0,0,0,0,0,0,0,0,0,0,0,0,0,0,0,0,0,0,0,0,0,0,0,0,0,0,0,0,0,0,0,0,0,0,0,0,0,0,0,0,0,0,0,0,0,0,0,0,0,0,0,0,0,0,0,0,0,0,0,0,0,0,0,0,0,0,0,0,0,0,0,0,0,0,0,0,0,0,0,0,0,0,0,0,0,0,0,0,0,0,0,0,0,0,0,1,0,0,0
233,X,Platform,"Hateful behavior
Overview
 
April 2023

You may not directly attack other people based on their race, ethnicity, national origin, caste, sexual orientation, gender, gender identity, religious affiliation, age, disability, or serious disease. 

X�s mission is to enable everyone to create and share ideas and information, and express their opinions and beliefs without restrictions. Freedom of expression is a human right: we believe everyone has an opinion and the right to express it. Our role is to support public conversations. This requires a diverse range of viewpoints to be represented. 

We recognize that those who are targeted by misconduct on X may be hindered from expressing themselves freely. Research has shown that certain groups of people are more likely to be targeted for online misconduct than others. People who identify with multiple underrepresented groups may be more likely to be targeted and may experience more severe and damaging forms of misconduct.

We are committed to combating misconduct driven by hatred, prejudice, or intolerance, especially misconduct aimed at silencing people who have been historically marginalized. For this reason, we prohibit misconduct that targets individuals or groups under the assumption that they are part of a protected group.  

If you see something on X that you believe violates our policies, please report it to us .

 

What is a violation of this policy?
We monitor accounts and take action if we receive reports that these accounts target an individual or group of people and engage in the behavior listed below in their posts or direct messages. 

Hateful references

It is prohibited to target individuals with content that refers to forms of violence or violent events where a protected category was the primary target or victim, with the intent to intimidate. Some examples of this include media or text that refers to or depicts:

genocides (e.g. the Holocaust);
lynchings.
Stir up

We prohibit inflammatory behavior directed against individuals or groups of individuals belonging to a protected category. Some examples:

inciting fear or spreading fearful stereotypes about a protected category, for example by claiming that members of a protected category are more likely to engage in dangerous or illegal activities, for example �all [religious group] are terrorists�;
inciting others, both on and off our platform, to harass members of a protected category, e.g.: �I'm going crazy with this [religious group] who think they're better than us, if you see someone wearing a [religious symbol of the religious group] like that, rip it off their head and post a picture!�;
inciting others to discriminate in the form of declining to support the business enterprise of a person or group because they are assumed to fall into a protected category, e.g.: ""If you go to a store owned by a [religious group], you are supporting that [swear word], let's stop giving our money to that [religious swear word]."" This may not apply to content that is politically oriented, such as political commentary or content related to boycotts or protests.
Please note: Content intended to incite violence against a protected category is prohibited under violent expressions .

Insults and Statements

Targeting others with repeated insults, statements, or other content intended to demean or reinforce negative or harmful stereotypes about a protected category is prohibited. In some cases, such as (but not limited to) severe, repeated use of insults or racial/sexist statements in the context of harassing or intimidating others, we may require the post to be removed. In some other cases, such as (but not limited to) moderate, isolated uses where the context is to harass or intimidate others, we may limit the visibility of the post as further described below.

Belittlement

We prohibit the denigration of any group of people on the basis of their religion, caste, age, disability, serious illness, nationality, race, ethnicity, gender, gender identity or sexual orientation.

Hateful images 

Hateful images include logos, symbols, or images that are intended to promote hostility and malice against other people based on their race, religion, disability, sexual orientation, gender identity, or ethnicity/nationality. Here are some examples of hateful images:

symbols associated with hate groups, for example the Nazi swastika;
images that depict people as subhuman, or that have been edited with hateful symbols, for example images of people with animal features added; or
images edited with hateful symbols or references to mass murder of the protected category being targeted, for example editing images of people with yellow Stars of David, as a reference to the Holocaust.
Media containing hateful images is not allowed in live videos, account bios, profiles, or header images. In all other cases, the content should be marked as sensitive media. Additionally, sending unsolicited hateful images to an individual is a violation of this policy. 

Hateful profile

You may not use hateful images or symbols as your profile picture or in your profile cover. You may not use your username, display name, or profile bio to engage in offensive behavior, such as deliberately harassing an individual, group, or protected category.",0,Dutch,0,0,1,0,0,0,1,0,1,0,1,1,0,1,1,1,1,0,0,0,0,1,0,0,0,0,1,0,1,1,1,1,0,0,1,0,0,0,0,0,0,0,0,0,0,0,0,0,0,0,0,0,0,0,0,0,0,0,0,0,0,0,0,0,0,0,0,0,0,0,0,0,0,0,0,0,0,0,0,0,0,0,0,0,0,0,1,0,0,0,0,0,0,0,0,0,0,0,0,0,0,0,0,0,0,0,0,0,0,0,0,0,0,0,0,0,0,0,0,0,0,1,0,0,0,0,0,0,0,0,0,0,0,0,0,0,0,0,0,0,0,0,0,0,0,1,0,0,0,0,0,0,0,0,0,0,0,0,0,0,0,0,0,0,0,0,0,0,0,0,0,0,0,0,0,0,0,0,0,0,0,0,0,0,0,0,0,0,0,0,0,0,0,0,0,0,0,0,0,0,0,0,0,0,0,0,0,0,0,0,0,0,0,0,0,0,0,0,0,0,0,0,0,0,0,0,0,0,0,0,0,0,0,0,0,0,0,0,0,0,0,1,0,0,0
234,X,Platform,"Hate Behavior
Overview
 
April 2023

You may not directly attack other users on the basis of race, ethnicity, national origin, caste, sexual orientation, gender, gender identity, religious affiliation, age, disability, or serious disease. 

X�s mission is to empower everyone to create and share ideas and information, and to express their opinions and beliefs, without barriers. Freedom of expression is a fundamental right � we believe that everyone has a voice, and deserves to have it heard. Our role is to serve the public conversation, which requires representation of a broad and diverse range of perspectives. 

We recognize that a person�s ability to express themselves can be more vulnerable when they experience online harassment on X. Research shows that some groups of people are more likely to be targeted by online harassment. Those who identify with more than one underrepresented group may be targeted by online harassment more frequently, with the harassment being more severe and more harmful.

We are committed to combating online harassment that is motivated by hate, prejudice, or intolerance, especially online harassment that seeks to silence the voices of historically marginalized people. For this reason, we prohibit online harassment that targets an individual or group because they are members of a protected category.  

If you see something on X that you believe violates this policy, please report it to us .

 

What constitutes a violation of this policy?
We will review and take action on reports of accounts that target an individual or group of people with any of the following behaviors, either in posts or Direct Messages. 

Hate references

We prohibit targeting individuals or groups with content that references forms of violence or violent events in which a protected category is the primary target or victim, for the purpose of harassment. This includes, but is not limited to, media or text that refers to or depicts:

genocide, (e.g., the Holocaust);
mob judgment.
Incitement

We prohibit inflammatory behavior that targets individuals or groups of individuals who are part of a protected category. This includes:

instill fear or spread frightening stereotypes about protected categories, including asserting that members of protected categories are more likely to take part in dangerous or illegal activities, for example, �all [religious group] people are terrorists.�
inciting others to harass members of a protected category either on or off the platform, for example, ""I'm sick of this [religious group] thinking they're better than us, if you see someone wearing [religious symbol of the religious group], pull them off and post a picture!""
inciting others to discriminate by denying support for a person or group�s economic endeavors because they are members of a protected category, such as �If you go to [religious group] stores, you are supporting [slur]. Let�s stop giving our money to this [religious slur].� This does not include content that is intended to be political, such as political commentary or content related to boycotts or protests.
Note: content intended to incite violence against protected categories is prohibited under Violent Speech .

Taunts and Name-calling

We prohibit the repeated targeting of others with slurs, name-calling, or other content that is intended to demean or reinforce negative or harmful stereotypes about protected categories. In some cases, such as (but not limited to) repeated use of severe racist/sexist slurs or language in the context of harassing or intimidating others, we may require posts to be removed. In other cases, such as (but not limited to) isolated use of moderate racist or sexist slurs, name-calling, or language in the context of harassing or intimidating others, we may limit the visibility of posts as further described below.

Dehumanization

We prohibit the dehumanization of a group of people based on their religion, caste, age, disability, serious disease, country of origin, race, ethnicity, gender, gender identity, or sexual orientation.

Hate Image 

We consider hateful imagery to include any logo, symbol, or image that is intended to promote hostility or malice toward others on the basis of race, religion, disability, sexual orientation, gender identity, or ethnicity/national origin. Some examples of hateful imagery include, but are not limited to:

symbols historically associated with hate groups, such as the Nazi swastika;
images that depict others as less than human, or are altered to include hate symbols, for example, altering a person's image to include animalistic features; or
images altered to include hate symbols or references to mass murder targeting protected categories, for example, manipulating an image of a person to include a yellow Star of David badge, which refers to the Holocaust.
Media depicting hateful images is not allowed in live videos, account bios, profile images or headers. All other examples of media must be marked as sensitive media. Additionally, sending hateful images to someone, unsolicited, is a violation of this policy. 

Hate Profile

You may not use hateful images or symbols in your profile picture or profile header. You may also not use your username, display name, or profile bio to engage in offensive behavior, such as targeted harassment or hate speech against an individual, group, or protected category.",0,Indonesian,0,0,1,0,0,0,1,0,1,0,1,1,0,1,1,1,1,0,0,0,0,1,0,0,0,0,1,0,1,1,1,1,0,0,1,0,0,0,0,0,0,0,0,0,0,0,0,0,0,0,0,0,0,0,0,0,0,0,0,0,0,0,0,0,0,0,0,0,0,0,0,0,0,0,0,0,0,0,0,0,0,0,0,0,0,0,1,0,0,0,0,0,0,0,0,0,0,0,0,0,0,0,0,0,0,0,0,0,0,0,0,0,0,0,0,0,0,0,0,0,0,1,0,0,0,0,0,0,0,0,0,0,0,0,0,0,0,0,0,0,0,0,0,0,0,1,0,0,0,0,0,0,0,0,0,0,0,0,0,0,0,0,0,0,0,0,0,0,0,0,0,0,0,0,0,0,0,0,0,0,0,0,0,0,0,0,0,0,0,0,0,0,0,0,0,0,0,0,0,0,0,0,0,0,0,0,0,0,0,0,0,0,0,0,0,0,0,0,0,0,0,0,0,0,0,0,0,0,0,0,0,0,0,0,0,0,0,0,0,0,0,1,0,0,0
235,X,Platform,"Incitement to hatred
Review
April 2023

Direct attacks against others based on race, ethnicity, nationality, caste, sexual orientation, gender, gender identity, religious beliefs, age, physical or mental disability, or serious illness are prohibited. 

The goal of X is to provide everyone with the opportunity to generate and exchange ideas and information, and to freely share their opinions and beliefs. Freedom of expression is a fundamental human right � we believe that everyone has the right to have an opinion and to express it. We see our role as supporting an open conversation where a wide range of views are represented. 

We understand that when people are subject to abuse on X, it can hinder their ability to express themselves freely. Research shows that some groups of people are more likely to be subject to abuse online. People who belong to multiple minority groups may be more likely to be subject to abuse. The abuse may also be more severe and cause more harm.

We are committed to combating harassment based on hatred, prejudice, or intolerance, especially harassment that seeks to silence the voices of those who have historically been persecuted. To that end, we prohibit conduct that seeks to harass individuals based on their perceived membership in a protected category.  

If you see anything on X that you believe violates this policy, please report it to us .

 

What constitutes a violation of this policy?
We review and take action based on reports of accounts that engage in any of the following behavior toward an individual or group of individuals through Tweets or Direct Messages. 

References to incidents of hate violence

It is prohibited to publish material for the purpose of harassment against individuals or groups that reference forms of violence or violent events in which protected groups of users were the main victims or targets. This includes, but is not limited to, media or text files that mention or depict:

genocide (for example, the Holocaust);
lynchings.
Incitement

We prohibit incitement to actions against individuals or groups in protected categories. This includes:

cultivating fear or spreading fear-inducing stereotypes about a protected category, including statements that members of a protected category are likely to engage in dangerous or illegal activities, such as: �all [members of a religious group] are terrorists�;
incitement to harassment of members of a protected category on or off the platform, such as: �I�m sick of these [members of a religious group] thinking they�re better than us. If you see someone with [religious group symbol], grab them and post pictures of them!�
incitement to discrimination by refusing to support economic enterprises owned by individuals or groups of individuals who are considered to belong to a protected category, such as: �If you buy groceries from a [religious affiliation] store, you are supporting those [offensive expression]. Stop giving money to those [religious offensive expression]!� An exception may be content of a political nature, such as political commentary or content related to boycotts or protests.
Note: Content intended to incite violence against members of protected categories is prohibited by our Violent Speech Policy .

Hate speech and stereotyping

You must not post content that is hateful to individuals, contains repeated slurs, cliches, or other content that is derogatory or promotes negative or harmful stereotypes about a protected category. In some cases, including but not limited to the repeated use of violent slurs or racially or gender-discriminatory tropes in the context of harassment or bullying, we may require that a Tweet be removed. In other cases, such as a single use of such language in the context of harassment or bullying, we may limit the visibility of a Tweet as described below.

Dehumanization

It is prohibited to dehumanize groups of people based on their religious beliefs, age, gender, gender identity, sexual orientation, race, ethnicity, nationality, caste, or the presence of a disease or disability.

Images that incite hatred

By hateful images we mean logos, symbols and images that are intended to promote hostility and malice towards others based on their race, religion, disability, sexual orientation, gender identity, ethnicity or nationality. Such images include, but are not limited to:

symbols historically associated with xenophobic organizations, such as the Nazi swastika;
dehumanizing images or images that incorporate hate symbols, such as depicting people as animals;
images that contain hate symbols or references to mass murder of protected groups, such as yellow six-pointed stars added to photographs of people as a reference to the Holocaust.
Hateful imagery is prohibited in live video feeds, bios, profile pictures, and headers. In all other cases, content should be marked as sensitive. Additionally, sending unsolicited hateful imagery to users violates this policy. 

Hate speech in profile

You may not use hateful images or symbols in your profile picture or header. You may also not use your username, display name, or profile information to insult other users or to intentionally harass or incite hatred against an individual, group, or protected class of persons.",0,Russian,0,0,1,0,0,0,1,0,1,0,1,1,0,1,1,1,1,0,0,0,0,1,0,0,0,0,1,0,1,1,1,1,0,0,1,0,0,0,0,0,0,0,0,0,0,0,0,0,0,0,0,0,0,0,0,0,0,0,0,0,0,0,0,0,0,0,0,0,0,0,0,0,0,0,0,0,0,0,0,0,0,0,0,0,0,0,1,0,0,0,0,0,0,0,0,0,0,0,0,0,0,0,0,0,0,0,0,0,0,0,0,0,0,0,0,0,0,0,0,0,0,1,0,0,0,0,0,0,0,0,0,0,0,0,0,0,0,0,0,0,0,0,0,0,0,1,0,0,0,0,0,0,0,0,0,0,0,0,0,0,0,0,0,0,0,0,0,0,0,0,0,0,0,0,0,0,0,0,0,0,0,0,0,0,0,0,0,0,0,0,0,0,0,0,0,0,0,0,0,0,0,0,0,0,0,0,0,0,0,0,0,0,0,0,0,0,0,0,0,0,0,0,0,0,0,0,0,0,0,0,0,0,0,0,0,0,0,0,0,0,0,1,0,0,0
236,X,Platform,"hateful behavior
Overview
 
April 2023

You may not engage in direct attack against others based on race, ethnicity, national origin, colour, sexual orientation, gender, gender identity, religious affiliation, age, disability, or serious disease. 

X's mission is to give everyone the power to create and share ideas and information without barriers, and to express their opinions and beliefs. Freedom of expression is a human right - we believe everyone has an opinion and the right to express it. Our role is to promote public conversation, which requires the representation of a diversity of viewpoints. 

We recognise that if people experience abuse on X, it can threaten their ability to express themselves. Research has shown that certain groups of people are disproportionately targeted by abuse online. Abuse may be more common, more severe and more harmful for people identified as belonging to an underrepresented group.

We are committed to combating abuse motivated by hate, prejudice, or intolerance, particularly abuse that seeks to silence the voices of historically marginalized people. For this reason, we prohibit behavior that targets and abuses people or groups based on their perceived membership in a protected category.  

If you see something on X that you think violates this policy, please report it to us .

 

What violates this policy?
We'll review reports and take action against accounts that are targeting an individual or group of people with any of the following behaviors, whether in Tweets or Direct Messages. 

Hateful references

We prohibit targeting individuals or groups with content that references violence or violent events where a protected class is the primary target or victim, with the intent to harass. This includes, but is not limited to, media or text that references or depicts:

genocide, (e.g., the Holocaust);
Lynching.
Provoke

We prohibit inciting behavior that targets individuals or groups of people in protected classes. This includes:

Spreading fear or alarmist stereotypes about a protected class, including claiming that members of a protected class are more likely to participate in dangerous or illegal activities, for example, �all [religious group] are terrorists�.
Inciting others to harass members of a protected class on or off the platform, for example, �I�m upset with these [religious group] thinking they�re better than us, if any of you see someone wearing [religious symbol of the religious group], snatch it from them and post pictures!
Inciting others to discriminate, such as by refusing to support a person's or group's economic enterprise because of their perceived membership in a protected class, for example, ""If you go into a [religious group] store, it means you're supporting their [slur], let's stop giving our money to these [religious slur]"". This may not include content intended as political in nature, such as political commentary or content related to boycotts or protests.
Note: Content intended to incite violence against a protected class is prohibited under violent speech .

Slurs and tropes

We prohibit repeated targeting of others with slurs, tropes, or other content that is intended to degrade or spread negative or harmful stereotypes about a protected class. In some cases, such as (but not limited to) severe, repeated swearing or use of racist/sexist slurs intended to harass or intimidate others, we may ask for such Tweet to be removed. In other cases, such as (but not limited to) moderate, one-off use with the primary intent to harass or intimidate others, we may limit the visibility of such Tweets, as described below.

Inhumane treatment

We prohibit the dehumanization of groups of people based on religion, race, age, disability, serious disease, national origin, race, ethnicity, gender, gender identity, or sexual orientation.

Hateful images 

We consider hate images to be people, symbols or images that are intended to promote hostility and hatred towards others on the basis of race, religion, disability, sexual orientation, gender identity or ethnicity/national origin. Some examples of hate images include, but are not limited to, the following:

Symbols historically associated with hate groups, such as the Nazi swastika;
Images that portray others as less than human, or images altered to include hateful symbols, for example, altering images of individuals to include animal characteristics; or
Images altered to include hate symbols or images that reference mass murder that targets a protected class, e.g., manipulating images of individuals to include yellow Star of David badges in reference to the Holocaust.
Media that features hateful images is not allowed in live videos, account bios, profile or header images. All other such instances must be marked as sensitive media. Additionally, sending an unsolicited hateful image to someone is a violation of this policy. 

Scandalous profile

You cannot use hateful images or symbols in your profile image or profile header. You also cannot use your username, display name, or profile bio to engage in abusive behavior, such as targeted harassment or expressing hatred toward an individual, group, or protected category.",0,Hindi,0,0,1,0,0,0,1,0,1,0,1,1,0,1,1,1,1,0,0,0,0,1,0,0,0,0,1,0,1,1,1,1,0,0,1,0,0,0,0,0,0,0,0,0,0,0,0,0,0,0,0,0,0,0,0,0,0,0,0,0,0,0,0,0,0,0,0,0,0,0,0,0,0,0,0,0,0,0,0,0,0,0,0,0,0,0,1,0,0,0,0,0,0,0,0,0,0,0,0,0,0,0,0,0,0,0,0,0,0,0,0,0,0,0,0,0,0,0,0,0,0,1,0,0,0,0,0,0,0,0,0,0,0,0,0,0,0,0,0,0,0,0,0,0,0,1,0,0,0,0,0,0,0,0,0,0,0,0,0,0,0,0,0,0,0,0,0,0,0,0,0,0,0,0,0,0,0,0,0,0,0,0,0,0,0,0,0,0,0,0,0,0,0,0,0,0,0,0,0,0,0,0,0,0,0,0,0,0,0,0,0,0,0,0,0,0,0,0,0,0,0,0,0,0,0,0,0,0,0,0,0,0,0,0,0,0,0,0,0,0,0,1,0,0,0
237,X,Platform,"
Overview
 
April 2023

Do not promote violence against others, directly attack them, or threaten them based on race, ethnicity, country of origin, status, sexual orientation, gender, gender identity, religious affiliation, age, disability, or serious illness. 

X�s mission is to empower everyone to create and share ideas and information, and to express their opinions and beliefs without barriers. Freedom of expression is a fundamental right � we believe that everyone has a voice and the right to use it. Our role is to serve the public discourse, which requires adequate representation of a wide range of views. 

We recognize that when people experience X-trauma, it can compromise their ability to express themselves. Research has shown that certain groups of people are disproportionately exposed to online trauma. For those who identify with multiple underrepresented groups, trauma can inherently be more prevalent, severe, and damaging.

We are committed to combating harms motivated by hatred, prejudice, or intolerance, and especially harms that seek to silence the voices of those who have been historically marginalized. For this reason, we prohibit conduct that targets individuals or groups with harm based on the perception that they belong to a protected category.  

If you've seen something on X that you believe violates our hate speech policy, we'd love to hear from you .

 

What violates this policy?
We will review reports and take action against accounts that attempt to harm an individual or group of individuals through any of the behaviors listed below, whether in Tweets or direct messages. 

Hateful Reference

We prohibit the harassment of individuals or groups through the posting of content that refers to violence of any kind or to violent incidents in which members of the protected category were the primary target or victims. This includes, without limitation, media or text that refers to or depicts:

Genocide (such as the Holocaust);
Lynching events.
incitement

We prohibit inflammatory behavior directed at people belonging to one of the protected categories. This includes:

Incite fear or spread threatening stereotypes about a protected category, including claiming that members of a protected category are more likely to engage in dangerous or illegal activities, such as ""all [religious group] are terrorists.""
Incite others to abuse members of a protected category, on or off the platform, such as ""I hate that [religious group] thinks they are better than us, if any of you see one of them with [religious symbol of the religious group], tear it off! And upload a picture!""
Incite others to discriminate by withholding support for an individual or group's economic initiative based on their possible membership in a protected category, such as ""Anyone who shops at a [religious group] store supports [derogatory term], so let's stop giving our money to [derogatory religious term]."" The rule may not apply to inherently political content, such as political commentary or content related to boycotts or protests.
Note: We prohibit the publication of content that is intended to spread incitement against a protected category under violent discourse .

Defamation

We prohibit flagging others for repeated defamation or other content intended to denigrate or reinforce negative or harmful stereotypes about a protected category. In some cases, such as (but not limited to) repeated severe defamation, or racist/sexist slurs intended to harass or intimidate others, we may require removal of a Tweet. In other cases, such as (but not limited to) mild, one-time use where the primary intent is to harass or intimidate others, we may limit the visibility of the Tweet as described below.

Dehumanization

We also prohibit the dehumanization of a group of people based on religion, class, age, disability, serious illness, country of origin, race, ethnicity, gender, gender identity, or sexual orientation.

Hateful images 

Hate speech is any logo, symbol, or image intended to promote hostility and malice against others based on race, religion, disability, sexual orientation, gender identity, or ethnic/national origin. Examples of hate speech include, but are not limited to:

Symbols historically associated with hate groups, such as the Nazi swastika;
Images that depict others as less than human, or that have been altered to incorporate hateful symbols, such as altering images of individuals to include animal features; or
Images that have been altered by inserting hate symbols or references to mass murder directed at a protected category, such as processing images of individuals by inserting a yellow star in them, in reference to the Holocaust.
Media containing hateful imagery should not be used in video broadcasts, bios, profiles, or account header images. In all other cases, the content must be marked as sensitive media. Additionally, sending hateful imagery to individuals who have not requested it is a violation of our Harassment Policy. 

Hate-filled profile

You may not use hateful images or symbols in your profile picture or profile title. You may not use your username, display name, or profile bio to engage in offensive behavior, such as targeted harassment or hate speech against an individual, group, or protected category of person.
",0,Hebrew,0,0,1,0,0,0,1,0,1,0,1,1,0,1,1,1,1,0,0,0,0,1,0,0,0,0,1,0,1,1,1,1,0,0,1,0,0,0,0,0,0,0,0,0,0,0,0,0,0,0,0,0,0,0,0,0,0,0,0,0,0,0,0,0,0,0,0,0,0,0,0,0,0,0,0,0,0,0,0,0,0,0,0,0,0,0,1,0,0,0,0,0,0,0,0,0,0,0,0,0,0,0,0,0,0,0,0,0,0,0,0,0,0,0,0,0,0,0,0,0,0,1,0,0,0,0,0,0,0,0,0,0,0,0,0,0,0,0,0,0,0,0,0,0,0,1,0,0,0,0,0,0,0,0,0,0,0,0,0,0,0,0,0,0,0,0,0,0,0,0,0,0,0,0,0,0,0,0,0,0,0,0,0,0,0,0,0,0,0,0,0,0,0,0,0,0,0,0,0,0,0,0,0,0,0,0,0,0,0,0,0,0,0,0,0,0,0,0,0,0,0,0,0,0,0,0,0,0,0,0,0,0,0,0,0,0,0,0,0,0,0,1,0,0,0
238,X,Platform,"Hateful conduct
Overview
 
April 2023

You may not directly attack others based on their race, ethnicity, national origin, caste, sexual orientation, gender, gender identity, religious beliefs, age, disability, or serious medical condition. 

X's mission is to empower everyone to create and share ideas and information, while expressing their opinions and beliefs without barriers. Free speech is a human right - we believe everyone has a voice and the right to speak it. Our role is to serve the public conversation, and that requires representing diverse viewpoints. 

We know that when people are abused on X, it harms their ability to express themselves. Research shows that some groups are disproportionately abused online. For people who identify with multiple underrepresented groups, the abuse can be more common, more severe, and more harmful.

We are committed to combating abuse motivated by hatred, bigotry or intolerance, especially abuse that seeks to silence the voices of historically marginalized people. That is why we prohibit abuse against individuals or groups based on their perceived membership in a protected class.  

If you see something on X that you believe violates this policy, please report it to us .

 

What constitutes a violation of this policy?
We will review and take action on reports of any of the following behaviors directed at individuals or groups, whether in tweets or direct messages: 

Hate References

We prohibit content that targets individuals or groups for the purpose of harassment through references to forms of violence or incidents of violence that have protected categories as primary targets or victims. This includes, but is not limited to, media or text that references or depicts:

genocide (such as the Holocaust);
Lynching.
incite

We prohibit incitement against individuals or groups that fall into protected categories. This includes:

Inciting fear or spreading fearful stereotypes about protected classes, including assertions that members of protected classes are more likely to engage in dangerous or illegal activities, such as �all [religious groups] are terrorists.�
Inciting others to harass members of a protected class on or off the platform, such as �I hate these self-righteous [religious group] people, if any of you see someone wearing [religious group�s religious symbol], grab it and post the picture!�
Inciting others to discriminate by refusing to support the economic cause of an individual or group because they are considered a member of a protected class, such as ""By patronizing [religious group]'s store, you're supporting those [stigmas], and we can't let those [religious stigmas] take the money."" This may not include content of a political nature, such as political commentary or content related to boycotts or protests.
Note: Content intended to incite violence against protected categories falls under the violent speech prohibition.

We prohibit repeated slurs, tropes

, or other content directed at others that is intended to dehumanize, demean, or reinforce negative or harmful stereotypes about protected categories. In some cases, such as (but not limited to) frequent and repeated use of slurs or racist/sexist tropes for the purpose of harassing or intimidating others, we may require removal of a Tweet. In other cases, such as (but not limited to) occasional, isolated mentions primarily for the purpose of harassing or intimidating others, we may limit the visibility of a Tweet as described below.

Dehumanization

We prohibit the dehumanization of a group of people based on religion, caste, age, disability, serious medical condition, national origin, race, ethnicity, gender, gender identity, or sexual orientation.

Hateful Images

We consider hate images to be signs, symbols or images that are intended to incite hostility and ill will towards someone because of their race, religion, disability, sexual orientation, gender identity or ethnicity/national origin. Some examples of hate images include, but are not limited to:

symbols historically associated with hate groups, such as the swastika;
Images that portray others as inferior or are altered to include hate symbols, such as images of individuals altered to include animal features; or
Alteration of an image to include a hate symbol or reference to the Holocaust against a protected category, such as altering an image of a person to include a yellow Star of David emblem to reference the Holocaust.
Media depicting hateful imagery is not permitted in live videos, account bios, profiles, or header images. All other instances must be marked as sensitive media. Additionally, actively sending hateful imagery to others will violate this policy. 

Hate Profiles

Do not use hateful images or symbols in your profile picture or profile header. Do not use your username, display name, or profile description to engage in abusive behavior such as targeted harassment or hateful behavior toward an individual, group, or protected category.",0,Chinese,0,0,1,0,0,0,1,0,1,0,1,1,0,1,1,1,1,0,0,0,0,1,0,0,0,0,1,0,1,1,1,1,0,0,1,0,0,0,0,0,0,0,0,0,0,0,0,0,0,0,0,0,0,0,0,0,0,0,0,0,0,0,0,0,0,0,0,0,0,0,0,0,0,0,0,0,0,0,0,0,0,0,0,0,0,0,1,0,0,0,0,0,0,0,0,0,0,0,0,0,0,0,0,0,0,0,0,0,0,0,0,0,0,0,0,0,0,0,0,0,0,1,0,0,0,0,0,0,0,0,0,0,0,0,0,0,0,0,0,0,0,0,0,0,0,1,0,0,0,0,0,0,0,0,0,0,0,0,0,0,0,0,0,0,0,0,0,0,0,0,0,0,0,0,0,0,0,0,0,0,0,0,0,0,0,0,0,0,0,0,0,0,0,0,0,0,0,0,0,0,0,0,0,0,0,0,0,0,0,0,0,0,0,0,0,0,0,0,0,0,0,0,0,0,0,0,0,0,0,0,0,0,0,0,0,0,0,0,0,0,0,1,0,0,0
239,X,Platform,"Malicious acts
Overview
 
April 2023

You must not directly harm another person on the basis of race, ethnicity, national origin, class, sexual orientation, gender, gender identity, religious affiliation, age, disability, or serious medical condition. 

X's mission is to empower all people to create and share ideas and information, and to express their opinions and beliefs without barriers. Free expression is a human right, and we believe everyone has an opinion and has the right to express it. Our role is to serve a public dialogue that requires a diversity of viewpoints to be represented. 

We recognize that when users encounter inappropriate behavior on X, it can harm their ability to express themselves. Research shows that certain groups of people are disproportionately targeted by inappropriate behavior online. For those who identify as marginalized groups, inappropriate behavior can be more frequent, more severe, and more harmful.

We are committed to combating abusive behavior motivated by hatred, bias, or intolerance, particularly behavior that attempts to silence those who have historically been marginalized. For this reason, we prohibit abusive behavior directed at individuals or groups based on their perceived membership in protected categories.  

If you see anything on X that you believe violates this policy, please report it to us.

 

What constitutes a violation of this policy?
We review and take action on reports of accounts targeting individuals or groups who engage in the following behavior, whether within Tweets or direct messages: 

Hateful references

We prohibit targeting of individuals or groups with content that references forms of violence or violent incidents that are primarily targeted or victimized by protected categories, with the intent to harass. This includes, but is not limited to, media or text that alleges or depicts:

Genocide (e.g., massacre)
The lynching
Incitement

We prohibit inciting behavior directed at individuals or groups that fall into protected categories, including:

Inciting fear or spreading fear-mongering about protected categories, including assertions that members of protected categories are more likely to engage in dangerous or illegal activities, such as �all of them are terrorists.�
Inciting others to harass members of protected categories, either on or off the platform, such as �I'm sick of these [religious groups] thinking they're better than us. If you see someone wearing [religious symbols of a religious group], pull it out and post a picture!�
Inciting others to discriminate in the form of refusing to support an individual or group's economic organization because of their perceived membership in a protected category, e.g., �If you go to [religious group]'s store, you're supporting [expletive]. Stop giving our money to [religious slur].� This may not include content that has a political intent, such as political commentary or content related to boycotts or protests.
NOTE: Content intended to incite violence against protected categories is prohibited under Violent Speech.

Profanity and discrimination

We prohibit the repeated targeting of individuals with profanity, discrimination, or other content that is intended to demean or reinforce negative or harmful stereotypes about protected categories. In some cases, such as (but not limited to) repeated use of profanity or racist/sexist slurs that are contextually threatening or intimidating to another person, we may be required to remove the Tweet. In other cases, such as (but not limited to) a single, less severe use that is contextually threatening or intimidating to another person, we may limit the visibility of the Tweet, as further described below.

Dehumanization

We prohibit any form of dehumanization of any group of people based on their religion, caste, age, disability, serious illness, national origin, race, ethnicity, national origin, sex, gender identity or sexual orientation.

Images that express hate 

We consider hateful imagery to be any logo, symbol, or image that is intended to promote hostility and hostility toward others based on race, religion, disability, sexual orientation, gender identity, or ethnicity/national origin. Some examples of hateful imagery include, but are not limited to:

Symbols associated with past hate groups, such as the Nazi swastika
Images that portray others as inferior or that are edited to contain hateful symbols, such as editing an image of a person to make them look like an animal, or
Images that have been altered to contain hate symbols or references to mass murder that target protected categories, such as altering an image of a person to include a yellow Star of David in reference to the Holocaust.
Hateful imagery within live videos is not allowed. Account bios, profile images, or header images must be marked as sensitive in all other cases. Additionally, submitting unsolicited hateful imagery violates this policy. 

Hateful Personal Data

You must not use hateful images or symbols in your profile picture or profile header. You must also not use your username, display name, or bio in your profile to engage in inappropriate behavior, such as targeted harassment or hate toward any person, group, or protected category.",0,Thai,0,0,1,0,0,0,1,0,1,0,1,1,0,1,1,1,1,0,0,0,0,1,0,0,0,0,1,0,1,1,1,1,0,0,1,0,0,0,0,0,0,0,0,0,0,0,0,0,0,0,0,0,0,0,0,0,0,0,0,0,0,0,0,0,0,0,0,0,0,0,0,0,0,0,0,0,0,0,0,0,0,0,0,0,0,0,1,0,0,0,0,0,0,0,0,0,0,0,0,0,0,0,0,0,0,0,0,0,0,0,0,0,0,0,0,0,0,0,0,0,0,1,0,0,0,0,0,0,0,0,0,0,0,0,0,0,0,0,0,0,0,0,0,0,0,1,0,0,0,0,0,0,0,0,0,0,0,0,0,0,0,0,0,0,0,0,0,0,0,0,0,0,0,0,0,0,0,0,0,0,0,0,0,0,0,0,0,0,0,0,0,0,0,0,0,0,0,0,0,0,0,0,0,0,0,0,0,0,0,0,0,0,0,0,0,0,0,0,0,0,0,0,0,0,0,0,0,0,0,0,0,0,0,0,0,0,0,0,0,0,0,1,0,0,0
240,X,Platform,"Hostile behavior
Overview
 
April 2023

You may not directly attack others based on their race, ethnicity, national origin, caste, sexual orientation, gender, gender identity, religion, age, disability or serious medical condition. 

X's mission is to empower people to create and share ideas and information, and to express their opinions and beliefs without barriers. Freedom of expression is a human right, and we believe everyone has a voice and the right to use it. Our role is to facilitate community discussion and expression of diverse perspectives. 

We recognize that abuse on X can impact a person�s ability to express themselves. Research has shown that online abuse is often targeted at certain groups. For people who identify with multiple marginalized groups, abuse can be more common, more severe, and more harmful.

We are committed to combating abuse that is motivated by hate, prejudice or intolerance, especially those that suppress the voices of people who are traditionally marginalized. For this reason, we prohibit abuse directed at individuals or groups based on their membership in a protected category.  

If you see something on X that you believe violates this policy, please let us know .

 

What is a violation of this policy?
We review and take action when we receive reports of accounts targeting an individual or group of people who engage in any of the following behaviors, whether in posts or Direct Messages. 

Hate References

We prohibit targeting individuals or groups with content that references violence or violent events in which a protected category of people is the primary target or victim, with the intent to harass. This includes, but is not limited to, media or content that references or depicts:

genocide, (e.g., the Holocaust);
private
Aggressive behavior

We prohibit incitement directed at individuals or groups that fall into the category of protected persons. This includes:

inciting fear or spreading fearful stereotypes about a protected group, including claiming that members of a protected category of persons are more likely to engage in dangerous or illegal activities, e.g. �all [religious groups] are terrorists�.
inciting others to harass members of a protected category of people, whether on or off platform X, for example: �I�m sick of these [religious group] people, they think they�re better than us, if any of you see anyone wearing this [religious group symbol], tear it off and post a picture!�
inciting others to discriminate in the form of refusing to support a company or group because they are considered to be a member of a protected category, for example: �If you go into a [religious group] store, you are supporting [insulting name], everyone should stop giving our money to [insulting name].� This can include content that is intended to be political, such as political commentary or content related to boycotts or protests.
Note: Content intended to incite violence against a category of people protected under the Violent Speech policy is prohibited .

Abusive Speech and Innuendo

We prohibit the repeated targeting of individuals with offensive speech, innuendo, or other content that is intended to degrade or emphasize negative or harmful characteristics of a protected category of people. In some cases, such as (but not limited to) severe, repeated use of offensive speech, profanity, or racist/sexist innuendo where the primary purpose is to harass or threaten another person, we may require the post to be removed. In other cases, such as (but not limited to) moderate, isolated use in a context to harass or threaten another person, we may limit the visibility of the post as further described below.

mocking behavior

We prohibit making fun of a group of people based on their religion, caste, age, disability, serious medical condition, national origin, race, ethnicity, gender, gender identity, or sexual orientation.

Hateful images 

We consider hate imagery to be logos, symbols or images that are intended to promote hostility and ill will towards others based on their race, religion, disability, sexual orientation, gender identity or ethnicity/national origin. Examples of hate imagery include, but are not limited to:

symbols historically associated with hate groups, e.g. the Nazi swastika;
images that depict others as subhuman or are altered to include hate symbols, for example, altering personal images to include bestiality; or
images are manipulated to include hate symbols or references to mass killings targeting a protected category of people, for example, arranging images of individuals to include a yellow Star of David symbol when referring to the Holocaust.
Media depicting hate imagery is not allowed in live videos, account bios, profiles, or header images. All other instances must be marked as sensitive media. Additionally, sending unwanted hate imagery is a violation of this policy. 

Hostile Profile

You may not use hateful images or symbols in your profile image or profile header. You also may not use your username, display name, or profile bio to engage in abusive behavior, such as targeted harassment or hate speech toward a protected person, group, or category of people.",0,Vietnamese,0,0,1,0,0,0,1,0,1,0,1,1,0,1,1,1,1,0,0,0,0,1,0,0,0,0,1,0,1,1,1,1,0,0,1,0,0,0,0,0,0,0,0,0,0,0,0,0,0,0,0,0,0,0,0,0,0,0,0,0,0,0,0,0,0,0,0,0,0,0,0,0,0,0,0,0,0,0,0,0,0,0,0,0,0,0,1,0,0,0,0,0,0,0,0,0,0,0,0,0,0,0,0,0,0,0,0,0,0,0,0,0,0,0,0,0,0,0,0,0,0,1,0,0,0,0,0,0,0,0,0,0,0,0,0,0,0,0,0,0,0,0,0,0,0,1,0,0,0,0,0,0,0,0,0,0,0,0,0,0,0,0,0,0,0,0,0,0,0,0,0,0,0,0,0,0,0,0,0,0,0,0,0,0,0,0,0,0,0,0,0,0,0,0,0,0,0,0,0,0,0,0,0,0,0,0,0,0,0,0,0,0,0,0,0,0,0,0,0,0,0,0,0,0,0,0,0,0,0,0,0,0,0,0,0,0,0,0,0,0,0,1,0,0,0
241,X,Platform,"Hateful Behavior
Overview
 
April 2023

You may not directly attack others based on race, ethnicity, national origin, caste, sexual orientation, gender, gender identity, religious affiliation, age, disability or serious illness. 

X�s mission is to empower everyone to create and share ideas and information and to express their opinions and beliefs without limits. Freedom of expression is a fundamental human right � we believe that everyone has a voice and the right to use that voice. Our role is to facilitate public conversation, which requires representation of a diverse range of views. 

We recognize that if people experience harassment on X, this can affect their ability to speak out. Research shows that some groups of people are unfairly targeted for online harassment. For those who identify with multiple minority groups, harassment may be more common, more severe, and more dangerous.

We are committed to combating harassment motivated by hate, prejudice, or intolerance, particularly harassment that seeks to silence the voices of people who have been historically marginalized. For this reason, we prohibit conduct that targets individuals or groups with harassment based on their perceived membership in a protected category.  

If you see something on X that you believe violates this policy, please report it to us .

 

What violates this policy?
We will review and take action on reports of accounts that target individuals or groups of people with any of the following behaviors, whether in posts or Direct Messages. 

Hateful references

We prohibit targeting individuals or groups using content that references forms of violence or violent events that target protected categories as primary targets or victims, with the intent to cause harm. This includes, but is not limited to, media or text that references or depicts:

ethnic cleansing, (eg the Holocaust);
lynching.
Incitement

We prohibit incitement to target individuals or groups of people who fall into protected categories. This includes:

inciting fear or spreading fear-based stereotypes about a protected category, including stating that members of a protected category are more likely to engage in dangerous or illegal activities, e.g. �all [religious groups] are terrorists.�
inciting others to harass members of protected categories on or off the platform, e.g. �I�m sick of this [religious group] thinking they�re better than us, if you see anyone wearing [the group�s religious symbol], take it from them and post a picture!�
incite others to discriminate in the form of denial of support for an individual or group�s economic enterprise as a result of their perceived membership in a protected category, e.g. �If you go to [religious group] stores, you are supporting [hate speech], let�s stop giving money to this [religious hate speech].� This may not include content that is political in nature, such as political commentary or content related to boycotts or protests.
Note: content intended to incite violence against protected categories is prohibited under Violent Speech .

Insults and Slurs

We prohibit targeting others with repeated insults, slurs, or other content that is intended to demean, humiliate, or reinforce negative or harmful stereotypes about protected categories. In some cases, such as (but not limited to) repeated, severe insults, or racist/sexist slurs with a context to harass or intimidate others, we may request that the post be removed. In other cases, such as (but not limited to) simple, isolated use with a context to harass or intimidate others, we may limit the visibility of the post as further explained below.

Dehumanization

We also prohibit the dehumanization of groups of people based on their religion, caste, age, disability, serious illness, country of origin, race, ethnicity, gender, gender identity or sexual orientation.

Hateful Imagery 

We consider hateful imagery to be any logo, symbol, or image that is intended to promote violence and ill will toward others based on race, religion, disability, sexual orientation, gender, gender identity, or ethnic/national origin. Some examples of hateful imagery include, but are not limited to:

symbols historically associated with hate groups, e.g. the Nazi swastika;
images that depict others as less than human or modified to include hateful symbols, e.g. modifying an image of an individual to include animal traits; or
images modified to include hate symbols or references to mass murders targeting protected categories, e.g. manipulating an individual's image to include a yellow Star of David badge, which references the Holocaust.
Media depicting hateful imagery is not permitted in live videos, account bios, profiles, or header images. All other instances must be marked as sensitive media. Additionally, sending unsolicited hateful imagery to individuals is a violation of this policy. 

Hateful Profile

You may not use hateful images or symbols in your profile image or profile header. You may also not use your username, display name, or profile bio to engage in abusive behavior, such as targeted attacks or expressing hatred against a person, group, or protected category.",0,Malay,0,0,1,0,0,0,1,0,1,0,1,1,0,1,1,1,1,0,0,0,0,1,0,0,0,0,1,0,1,1,1,1,0,0,1,0,0,0,0,0,0,0,0,0,0,0,0,0,0,0,0,0,0,0,0,0,0,0,0,0,0,0,0,0,0,0,0,0,0,0,0,0,0,0,0,0,0,0,0,0,0,0,0,0,0,0,1,0,0,0,0,0,0,0,0,0,0,0,0,0,0,0,0,0,0,0,0,0,0,0,0,0,0,0,0,0,0,0,0,0,0,1,0,0,0,0,0,0,0,0,0,0,0,0,0,0,0,0,0,0,0,0,0,0,0,1,0,0,0,0,0,0,0,0,0,0,0,0,0,0,0,0,0,0,0,0,0,0,0,0,0,0,0,0,0,0,0,0,0,0,0,0,0,0,0,0,0,0,0,0,0,0,0,0,0,0,0,0,0,0,0,0,0,0,0,0,0,0,0,0,0,0,0,0,0,0,0,0,0,0,0,0,0,0,0,0,0,0,0,0,0,0,0,0,0,0,0,0,0,0,0,1,0,0,0
242,X,Platform,"Hateful Behavior
Overview
 
April 2023

You may not directly attack another person based on race, ethnicity, national origin, caste, sexual orientation, gender, gender identity, religious affiliation, age, disability, or serious illness. 

X's mission is to empower everyone to create and share ideas and information, and to express their opinions and beliefs, without hindrance. Free expression is a human right � we believe that everyone has a voice, and has the right to use it. It is our duty to serve the public conversation that requires representation of a variety of perspectives. 

We recognize that if people experience abuse on X, it can compromise their ability to express themselves. Research shows that certain groups of people are more likely to be targeted by online abuse. For members of many underrepresented groups, abuse can be more common, more severe, and more damaging.

We are committed to combating abuse that is motivated by hatred, prejudice, or intolerance, especially abuse that seeks to silence the voices of historically marginalized people. As such, we prohibit behavior that targets individuals or groups with abuse based on their perceived membership in a protected category.  

If you see something on X that you think violates this policy, please report it to us .

 

What is against this policy?
We will review and take action on reports of accounts targeting individuals or groups of people who engage in any of the following behaviors, whether in Posts or Direct Messages. 

Hateful references

We prohibit targeting individuals or groups with content that mentions forms of violence or events of violence where a protected category is the primary target or victims, and the intent is to harass. This includes, but is not limited to, media or text that mentions or depicts:

genocides, (eg, the Holocaust);
lynchings.
Motivational

We prohibit incitement that targets individuals or groups of people who fall into protected categories. This includes:

incite fear or spread frightening stereotypes about a protected category, including stating that members of a protected category are more likely to engage in dangerous or illegal activities, e.g., �all [religious groups] are terrorists.�
incite others to harass members of a protected category on or off the platform, e.g., �I�m tired of [religious group], who do they think they are, if you�re seen wearing [religious symbol of religious group], take it off and post pics!�
incite others to discriminate in the form of refusing to support an individual or group's economic enterprise because of their perceived membership in a protected category, e.g., �If you go to a [religious group] store, you are supporting those [slurs], let's stop spending our money on those [religious slurs].� This may not include content intended to be political, such as political commentary or content related to boycotts or protests.
Note: content intended to incite violence against a protected category is prohibited under Violent Speech .

Insults and Insulting Statements

We prohibit targeting others with repeated insults, insulting statements, or other content that is intended to belittle or reinforce negative or offensive stereotypes about a protected category. In some cases, such as (but not limited to) egregious and repeated use of insults, or racist/sexist statements where the context is to harass or intimidate others, we may remove the post. In some cases, such as (but not limited to) moderate and unique use where the context is to harass or intimidate others, we may limit who can see the post as described below.

Belittling

We also prohibit the discrimination of a group of people based on their religion, caste, age, disability, serious illness, national origin, race, ethnicity, gender, gender identity, or sexual orientation.

Hateful Imagery 

For us, hateful imagery is any logo, symbol, or image that is intended to promote hostility and malice against others based on their race, religion, disability, sexual orientation, gender identity, or ethnicity/national origin. Some examples of hateful imagery include, but are not limited to:

symbols associated with hate groups in history, e.g., the Nazi swastika;
images that depict others as subhuman, or altered to display hateful symbols, e.g., altering images of individuals to include animalistic characteristics; or
images altered to include hateful symbols or references to mass murder targeting a protected category, e.g., manipulating images of individuals to include yellow Star of David badges, in reference to the Holocaust.
The display of hateful imagery is not permitted in live video, account bio, profile or header images. All other instances of it must be marked as sensitive media. Additionally, sending an individual unsolicited hateful imagery is a violation of this policy. 

Hateful Profile

You may not use hateful images or symbols in your profile picture or profile header. You may also not use your username, display name, or profile bio to engage in abusive behavior, such as acting in concert to harass or otherwise express hatred against a person, group, or protected category.
",0,Filipino,0,0,1,0,0,0,1,0,1,0,1,1,0,1,1,1,1,0,0,0,0,1,0,0,0,0,1,0,1,1,1,1,0,0,1,0,0,0,0,0,0,0,0,0,0,0,0,0,0,0,0,0,0,0,0,0,0,0,0,0,0,0,0,0,0,0,0,0,0,0,0,0,0,0,0,0,0,0,0,0,0,0,0,0,0,0,1,0,0,0,0,0,0,0,0,0,0,0,0,0,0,0,0,0,0,0,0,0,0,0,0,0,0,0,0,0,0,0,0,0,0,1,0,0,0,0,0,0,0,0,0,0,0,0,0,0,0,0,0,0,0,0,0,0,0,1,0,0,0,0,0,0,0,0,0,0,0,0,0,0,0,0,0,0,0,0,0,0,0,0,0,0,0,0,0,0,0,0,0,0,0,0,0,0,0,0,0,0,0,0,0,0,0,0,0,0,0,0,0,0,0,0,0,0,0,0,0,0,0,0,0,0,0,0,0,0,0,0,0,0,0,0,0,0,0,0,0,0,0,0,0,0,0,0,0,0,0,0,0,0,0,1,0,0,0
243,X,Platform,"
Overview
 
April 2023

You should not directly attack other people because of their race, ethnicity, national origin, class, sexual orientation, gender, gender identity, religious affiliation, age, disability, or serious illness. 

X�s mission is to provide opportunities for everyone to create and share ideas and information, and to express their views and beliefs without hindrance. Freedom of expression is a human right � we believe that everyone has a voice and an opinion and is entitled to use it. Our role is to serve the public conversation, which requires a wide and diverse range of perspectives. 

We understand that if people in X are insulted, it may compromise their ability to express their own views. Research has shown that some groups of people are disproportionately targeted by online insults. Insults to people who are part of multiple disadvantaged groups may be more common, more severe, and more damaging.

We are committed to confronting abuse that is rooted in hatred, bigotry, or intolerance, especially abuse that seeks to silence the voices of those who have been marginalized in the past. For this reason, we prohibit behavior that targets individuals or groups who are presumed to be members of protected classes.  

If you see something on X that you believe violates this policy, please report it to us .

 

Violations of this policy:
We review and take action on reports of accounts that target an individual or group of individuals, whether in Tweets or private messages, with any of the following behaviors: 

Hateful References

We prohibit targeting individuals or groups with content that references types of violence or violent events where a protected group was the primary target or victim, with the intent to harass. This includes, but is not limited to, media or writing that references or depicts the following:

Genocide (such as the Holocaust);
To defame.
Stimulation

We prohibit inflammatory behavior that targets individuals or groups belonging to protected categories. This includes:

Inciting fear or promoting fear-based stereotypes about a protected group, including claims that members of a protected group are more likely to engage in dangerous or illegal activities, for example, �all [religious groups] are terrorists.�
Inciting others to harass members of a protected group on or off the platform, for example, ""I'm sick of this [religious group] thinking they're better than us, if any of you see someone wearing [religious group symbol], take it off them and post a picture!""
Incitement to discrimination by refusing to support a business or group based on their membership in a protected group, for example, �If you go to [religious group]�s store, you�re supporting that [insult], let�s not give our money to this [insult].� This may not include content that is political in nature, such as political commentary or content related to boycotts or protests.
Note: The policy against violent speech prohibits content that is intended to incite violence against a protected group.

Defamation, Insults, Insults, and Insults

Repeatedly targeting others with defamation, insults, insults, or other content that is intended to denigrate, denigrate, or reinforce negative or harmful stereotypes about protected groups is prohibited. In some cases, including (but not limited to) severe and repeated use of defamation, slurs, and racist or sexist insults when the primary purpose is to harass or intimidate others, we may require an individual to remove a Tweet. In other cases, including (but not limited to) a single, mild use with the intent to harass or intimidate others, we may limit the viewability of a Tweet as described below.

To consider inhuman

We prohibit the dehumanization of groups of people based on their religion, class, age, disability, serious illness, national origin, race, ethnicity, gender, gender identity, or sexual orientation.

Disgusting images 

We define hateful imagery as logos, symbols, or images that are intended to promote hostility and malice toward others based on their race, religion, disability, sexual orientation, gender identity, or ethnic/national origin. Some examples of hateful imagery include, but are not limited to:

Symbols historically associated with hate groups, such as the Nazi swastika;
Images that depict others as less than human, or that incorporate hateful symbols with modifications, such as altering images of people and incorporating animal features; or
Altered images that incorporate hateful symbols or references to the mass killing of a protected group, such as manipulating images of people to include yellow Star of David symbols, to refer to the Holocaust.
Media that depicts hateful imagery is not allowed in live videos, account bios, profiles, or header images. All other examples must be marked as sensitive media. Additionally, posting a non-consensual hateful image of someone violates our policy against hateful conduct. 

Disgusting profile

You must not use hateful images or symbols in your profile picture or profile header image. You must not use your profile ID, screen name, or biographical description with the intent to engage in offensive behavior, such as targeted harassment or hate speech against a protected person, group, or class.
",0,Persian,0,0,1,0,0,0,1,0,1,0,1,1,0,1,1,1,1,0,0,0,0,1,0,0,0,0,1,0,1,1,1,1,0,0,1,0,0,0,0,0,0,0,0,0,0,0,0,0,0,0,0,0,0,0,0,0,0,0,0,0,0,0,0,0,0,0,0,0,0,0,0,0,0,0,0,0,0,0,0,0,0,0,0,0,0,0,1,0,0,0,0,0,0,0,0,0,0,0,0,0,0,0,0,0,0,0,0,0,0,0,0,0,0,0,0,0,0,0,0,0,0,1,0,0,0,0,0,0,0,0,0,0,0,0,0,0,0,0,0,0,0,0,0,0,0,1,0,0,0,0,0,0,0,0,0,0,0,0,0,0,0,0,0,0,0,0,0,0,0,0,0,0,0,0,0,0,0,0,0,0,0,0,0,0,0,0,0,0,0,0,0,0,0,0,0,0,0,0,0,0,0,0,0,0,0,0,0,0,0,0,0,0,0,0,0,0,0,0,0,0,0,0,0,0,0,0,0,0,0,0,0,0,0,0,0,0,0,0,0,0,0,1,0,0,0
244,X,Platform,"Hateful behavior
Overview
 
April 2023

You may not directly attack other people based on race, ethnicity, national origin, caste, sexual orientation, gender, gender identity, religious affiliation, age, disability, or serious illness. 

X's mission is to empower everyone to develop and share ideas and information, and to empower everyone to express their opinions and beliefs without barriers. Freedom of expression is a human right. We believe that everyone has a right to use their voice to be heard. Our role is to serve the public conversation, which means allowing a wide range of different perspectives to be heard. 

We recognize that experiencing abuse on X can hurt people's ability and desire to express themselves. Research has shown that some groups of people are disproportionately exposed to abuse online. For those who identify with more underrepresented groups, abuse can be more common, more severe, and more harmful.

We are constantly working to combat abuse motivated by hate, prejudice, or intolerance, and especially abuse that seeks to silence those who have been historically marginalized. For this reason, we prohibit conduct that targets individuals or groups with abuse based on their perceived membership in a protected category.  

If you see something on X that you believe violates this policy, please report it to us .

 

What is a violation of this policy?
We review and act on reports of accounts where an individual or group has been subjected to the following behavior � whether in posts or direct messages. 

Hateful References

We prohibit targeting individuals or groups with content that references forms of violence or violent events where a protected category was the primary target or victim, where the intent is to harass. This includes, but is not limited to, media files or text that references or depicts:

genocide (e.g. Holocaust);
lynchings.
Incentive

We prohibit provocative behavior directed at individuals or groups of people who belong to protected categories. This includes:

Incite fear or spread fear-inducing stereotypes about a protected category, including claiming that members of a protected category are more likely to engage in dangerous or illegal activities, e.g., ""all [religious groups] are terrorists.""
encourage others to harass members of a protected category on or off the platform, e.g. ""I'm tired of these [religious group] thinking they're better than us, if any of you see someone wearing a [religious symbol of the religious group], take it off them and post pictures!""
encourage others to discriminate by denying support for an individual or group's economic activity based on their perceived membership in a protected category, such as ""If you go to a [religious group] store, you are supporting these [expletive], let's stop giving our money to these [religious expletive]."" This may not include content that is political in nature, including political commentary or content that relates to boycotts or protests.
Note: content intended to incite violence against a protected category is prohibited under Violent Speech .

Insults and Tropes

We prohibit targeting others with repeated insults, tropes, or other content that is intended to denigrate or reinforce negative or harmful stereotypes about a protected category. In some cases, we may require posts to be removed, such as (but not limited to) severe and repeated use of insults or racist/sexist tropes that are intended to harass or intimidate others. In other cases, such as (but not limited to) moderate, isolated use where the context is to harass or intimidate others, we may limit the visibility of posts as further described below.

Dehumanization

We prohibit the dehumanization of a group of people based on their religion, caste, age, disability, serious illness, national origin, race, ethnicity, gender, gender identity, or sexual orientation.

Hateful imagery 

We consider logos, symbols, or images that are intended to promote hostility or malice toward others based on their race, religion, disability, sexual orientation, gender identity, or ethnicity/national origin to be hateful images. Examples of hateful images include, but are not limited to:

symbols historically associated with hate groups, such as the Nazi swastika;
images that depict others as less than human, or images that have been edited to include hateful symbols, such as editing images of individuals to highlight animalistic features; or
images that have been altered to include hateful symbols or references to a mass murder targeting a protected category, such as manipulating images of individuals with the insertion of Jewish stars as a reference to the Holocaust.
Media files that display hateful imagery are not permitted in live videos or account bios, profile, or header images. In all other cases, the content must be marked as sensitive media. Additionally, it is a violation of this policy to unsolicitedly send hateful imagery to someone. 

Hateful profile

You may not use hateful images or symbols in your profile picture or profile banner. You may not use your username, display name, or profile bio to engage in offensive behavior, such as targeted harassment or hate speech against an individual, group, or protected category.",0,Danish,0,0,1,0,0,0,1,0,1,0,1,1,0,1,1,1,1,0,0,0,0,1,0,0,0,0,1,0,1,1,1,1,0,0,1,0,0,0,0,0,0,0,0,0,0,0,0,0,0,0,0,0,0,0,0,0,0,0,0,0,0,0,0,0,0,0,0,0,0,0,0,0,0,0,0,0,0,0,0,0,0,0,0,0,0,0,1,0,0,0,0,0,0,0,0,0,0,0,0,0,0,0,0,0,0,0,0,0,0,0,0,0,0,0,0,0,0,0,0,0,0,1,0,0,0,0,0,0,0,0,0,0,0,0,0,0,0,0,0,0,0,0,0,0,0,1,0,0,0,0,0,0,0,0,0,0,0,0,0,0,0,0,0,0,0,0,0,0,0,0,0,0,0,0,0,0,0,0,0,0,0,0,0,0,0,0,0,0,0,0,0,0,0,0,0,0,0,0,0,0,0,0,0,0,0,0,0,0,0,0,0,0,0,0,0,0,0,0,0,0,0,0,0,0,0,0,0,0,0,0,0,0,0,0,0,0,0,0,0,0,0,1,0,0,0
245,X,Platform,"Hateful behavior
In brief
 
April 2023

Attacking others based on race, ethnicity, nationality, caste, sexual orientation, gender, gender identity, religious belief, age, disability, or serious illness is prohibited. 

Xi's goal is to give everyone the opportunity to produce and share ideas and information, and to express opinions and views without hindrance. Freedom of expression is a human right. We believe that everyone has a voice and the right to use it. Our role is to serve the public debate. This requires different perspectives to be presented. 

We recognize that harassment experienced on X can threaten an individual�s ability to express themselves. Research evidence shows that certain groups of people experience more harassment online than others. Members of more underrepresented groups may experience harassment more frequently, and the harassment may be more severe and harmful in nature.

We are committed to opposing harassment based on hate, prejudice, and intolerance, and in particular harassment that seeks to silence the voices of those historically marginalized. For this reason, we prohibit harassing behavior that targets individuals or groups based on their presumed membership in a protected group.  

If you see something on X that you think violates this policy, please let us know .

 

What is against this practice?
We investigate reports of accounts that tweet or send private messages targeting an individual or group with any of the behaviors listed below, and take action as necessary. 

Hateful references

We prohibit the targeted harassment of an individual or group with content that depicts acts of violence that have historically been directed against members of a protected group. This prohibition includes both visual and textual material.

genocides (e.g. the Holocaust)
lynchings.
Excitement

We prohibit incitement to commit acts against a legally protected group or individuals. This includes the following:

Inciting fear or spreading frightening stereotypes about a legally protected group, for example by making claims that members of the group are more likely to engage in dangerous or illegal activities. Example: �All [religious group] are terrorists.�
Inciting others to harass members of a legally protected group, within or outside of X. Example: �I�m fed up with how [religious group] thinks they�re better than us. If you see someone wearing [group�s religious symbol], grab it and post pictures!�
Inciting discrimination against an individual or group by refusing to do business with a business based on the person�s alleged membership in a group protected by law. Example: �If you shop at [religious group] stores, you are supporting [expletive]. Let�s stop giving money to [expletive referring to religion].� This prohibition may not cover content that is intended to be political in nature, such as political commentary or content related to boycotts or protests.
Note: Content that incites violence against a legally protected group is prohibited under the policy on addressing violent speech .

Defamation and Harmful Myths

We prohibit repeated defamation of others and other content that denigrates or reinforces negative and harmful stereotypes against a group protected by law. In some cases, we may require the removal of a Tweet. Such an incident may be (for example) serious, repeated use of defamation or racist or sexist myths with the intent to harass or intimidate. In some other cases, we may limit the visibility of a Tweet as described below. Such an incident may be (for example) moderately serious, isolated use of profanity with the intent to harass or intimidate others.

Dehumanization

We prohibit the dehumanization of a group of people based on religion, caste, age, disability, serious illness, nationality, race, ethnic origin, gender, gender identity, or sexual orientation.

Hate Imagery 

We consider hate speech to be logos, symbols, and images that are intended to incite hostility and resentment against someone based on their race, religion, disability, sexual orientation, gender identity, or ancestry. Examples of hate speech include:

symbols historically associated with hate groups, example: the Nazi swastika
images that depict someone as inferior to a human being, or images that have been edited to include hate symbols, such as editing images of individuals to include animalistic features
Images that have been edited to contain symbols of hatred or references to a massacre targeting a group protected by law, for example, adding a Star of David to images of a person using image editing software as a reference to the Holocaust.
Media containing hate speech is not allowed in live videos, account descriptions, profiles, or header images. In all other instances, media containing such imagery must be separately marked as sensitive. An unsolicited hate speech message to an individual also violates this policy. 

Hate profile

You may not use hate speech images or symbols in your profile picture or profile header. You may not use your username, screen name, or profile description to harass. This includes targeted harassment and hate speech directed at an individual, group, or protected class of people.",0,Finnish,0,0,1,0,0,0,1,0,1,0,1,1,0,1,1,1,1,0,0,0,0,1,0,0,0,0,1,0,1,1,1,1,0,0,1,0,0,0,0,0,0,0,0,0,0,0,0,0,0,0,0,0,0,0,0,0,0,0,0,0,0,0,0,0,0,0,0,0,0,0,0,0,0,0,0,0,0,0,0,0,0,0,0,0,0,0,1,0,0,0,0,0,0,0,0,0,0,0,0,0,0,0,0,0,0,0,0,0,0,0,0,0,0,0,0,0,0,0,0,0,0,1,0,0,0,0,0,0,0,0,0,0,0,0,0,0,0,0,0,0,0,0,0,0,0,1,0,0,0,0,0,0,0,0,0,0,0,0,0,0,0,0,0,0,0,0,0,0,0,0,0,0,0,0,0,0,0,0,0,0,0,0,0,0,0,0,0,0,0,0,0,0,0,0,0,0,0,0,0,0,0,0,0,0,0,0,0,0,0,0,0,0,0,0,0,0,0,0,0,0,0,0,0,0,0,0,0,0,0,0,0,0,0,0,0,0,0,0,0,0,0,1,0,0,0
246,X,Platform,"Hateful behavior
Overview
 
April 2023

You may not directly attack others based on their race, ethnicity, national origin, caste, sexual orientation, gender, gender identity, religious affiliation, age, disability, or serious illness. 

X�s mission is to empower everyone to create and share ideas and information, and to express their opinions and beliefs without hindrance. Freedom of expression is a human right � we believe that everyone has a voice and the right to have it silenced. Our role is to facilitate public discourse, which requires a variety of perspectives to be expressed. 

We recognize that if people experience abuse on X, it can put their ability to express themselves at risk. Research shows that certain groups are disproportionately exposed to abuse online. For people who identify with multiple underrepresented groups, abuse can be more common, more severe in nature, and more harmful.

We do everything we can to combat abuse motivated by hatred, prejudice, and/or intolerance, especially abuse that seeks to silence those who have historically been marginalized. For this reason, we do not tolerate behavior that targets individuals or groups with abuse based on their perceived membership in a protected category.  

If you see something on X that you believe violates this policy, we want you to report it to us .

 

What violates this policy?
We review and take action when we receive reports of accounts targeting an individual or group and exhibiting any of the following behaviors, either in posts or direct messages. 

Hateful References

We do not allow targeting of individuals or groups with content that references forms of violence or violent incidents where a protected category was the primary target or victim, if the purpose is to harass. This includes but is not limited to media or text that references or depicts

genocide (e.g. the Holocaust)
lynchings.
Incitement

We do not allow anyone to incite behavior that is directed against individuals or groups belonging to protected categories. This includes:

Instill fear or spread horrific stereotypes about a protected category, including claiming that members of a protected category are more likely to engage in dangerous or illegal activities, such as �all [religious group] are terrorists�
inciting others to harass members of a protected category on or off the platform, e.g. �I hate that this [religious group] thinks it�s better than us, if any of you see someone wearing a [non-religious symbol for the religious group], take it and post pictures!�
incite others to discriminate by refusing to support an individual or group�s economic activity because they are perceived to belong to a protected category, e.g. �If you visit a [religious group�s] store, you are supporting that [expletive], stop giving money to that [expletive].� This may or may not include content that is intended to be political in nature, such as political commentary or content related to boycotts or protests.
Note: Content intended to incite violence against a protected category is prohibited under the Violent Speech Policy .

Derogatory language and tropes

We do not allow anyone to target others with repeated derogatory language, tropes, or other content that is intended to degrade or reinforce negative or harmful stereotypes about a protected category. In some cases, such as severe, repetitive use of derogatory language or racist/sexist tropes where the intent is to harass or intimidate others, we may require the post to be removed. In other cases, such as (but not limited to) moderate, isolated use where the context is to harass or intimidate others, we may limit the visibility of the post as discussed below.

Dehumanization

We do not allow the dehumanization of a group based on their religion, caste, age, disability, serious illness, national origin, race, ethnicity, gender, gender identity, or sexual orientation.

Hateful images 

We consider hate speech to be any logo, symbol or image that is intended to incite hostility or ill will towards others based on their race, religion, disability, sexual orientation, gender identity or ethnicity/national origin. Some examples of hate speech include:

symbols historically linked to hate groups, such as the Nazi swastika
images that depict others as inferior or that have been altered to contain hateful symbols, such as altering images of individuals to have animal-like characteristics
images that have been altered to contain hateful symbols or references to mass murders directed at a protected category, such as manipulating images of individuals to include the yellow Star of David as a reference to the Holocaust.
Media containing hateful imagery is not permitted in live video, account bios, profile and header images. All other instances must be marked as sensitive media. Additionally, it is a violation of this policy to send hateful imagery to an individual. 

Hateful profile

You may not use hateful images or symbols in your profile picture or profile caption. You may not use your username, display name, or profile bio to offend anyone. This may involve targeted harassment or expressing hatred toward a person, group, or protected category.",0,Swedish,0,0,1,0,0,0,1,0,1,0,1,1,0,1,1,1,1,0,0,0,0,1,0,0,0,0,1,0,1,1,1,1,0,0,1,0,0,0,0,0,0,0,0,0,0,0,0,0,0,0,0,0,0,0,0,0,0,0,0,0,0,0,0,0,0,0,0,0,0,0,0,0,0,0,0,0,0,0,0,0,0,0,0,0,0,0,1,0,0,0,0,0,0,0,0,0,0,0,0,0,0,0,0,0,0,0,0,0,0,0,0,0,0,0,0,0,0,0,0,0,0,1,0,0,0,0,0,0,0,0,0,0,0,0,0,0,0,0,0,0,0,0,0,0,0,1,0,0,0,0,0,0,0,0,0,0,0,0,0,0,0,0,0,0,0,0,0,0,0,0,0,0,0,0,0,0,0,0,0,0,0,0,0,0,0,0,0,0,0,0,0,0,0,0,0,0,0,0,0,0,0,0,0,0,0,0,0,0,0,0,0,0,0,0,0,0,0,0,0,0,0,0,0,0,0,0,0,0,0,0,0,0,0,0,0,0,0,0,0,0,0,1,0,0,0
247,X,Platform,"Hateful behavior
Overview
 
April 2023

You must not directly commit violence against others on the basis of race, ethnicity, nationality, caste, sexual orientation, gender, gender identity, religion, age, disability or serious illness. 

X's mission is to give everyone the right to create and disseminate information, and to express their opinions and beliefs without borders. Being able to express themselves freely is a human right. We believe that everyone has a voice and the right to use it. Our role is to enable conversations in the public space, and this requires that different points of view are represented. 

We know that if users experience harassment on X, it can jeopardize their ability to express themselves. Research has shown that certain groups of people are more vulnerable than others to online harassment. People from more underrepresented groups may experience harassment that is more frequent, severe, and harmful.

We oppose harassment based on hatred, prejudice, or intolerance, especially harassment that seeks to silence the voices of people who have been historically marginalized. Therefore, we prohibit harassment of individuals or groups based on their perceived membership in a protected category.  

If you come across anything on X that you believe violates this rule, please report it to us .

 

What is against these guidelines?
We review and take action on reports of accounts that harass an individual or group with the following behavior in posts or direct messages: 

Hateful references

We prohibit content that mentions acts of violence against a protected group and where the purpose of mentioning it is harassment. This may include content that mentions or describes the following:

genocide (e.g. extermination of Jews)
lynching.
Incitement

We prohibit content that incites harassment of individuals or groups belonging to protected categories. This includes the following:

Content that incites fear or creates fearful stereotypes of a protected category, including by claiming that people in the category often engage in dangerous or illegal activities, such as ""All [religious group] are terrorists.""
Content that provokes others to harass members of a protected category on or off X, e.g. ""I'm so sick of these [religious group] people who think they're better than us. If you see someone wearing [religious group symbol], rip it off and take pictures!""
Content that incites others to discriminate by removing support for a person or group's economic activities because they are believed to belong to a protected category, such as ""If you go into a store run by [religious group], you are supporting them. So stop giving these people money."" This does not include content that is intended to be political in nature, such as political commentary or content about boycotts or protests.
Note: Content intended to incite violence against a protected category is prohibited under Hate Speech .

Derogatory language and tropes

It is prohibited to subject others to repeated derogatory language, tropes, or other content that is intended to be derogatory or that is intended to reinforce negative or offensive stereotypes about a protected category. In some cases, such as severe, repeated use of derogatory language or racist or sexist tropes where the intent is to harass others, we may require removal of posts. For example, in the case of moderate and isolated use where the context is to harass others, we may limit the visibility of the post as described in more detail below.

Dehumanization

We prohibit the dehumanization of a group of people based on religion, caste, age, disability, serious illness, national origin, race, ethnicity, gender, gender identity, or sexual orientation.

Hat photos 

Hate speech refers to logos, symbols or images that promote aggression and hostility towards others on the basis of race, religion, disability, sexual orientation, gender identity or ethnicity. Examples of hate speech include the following:

Symbols historically associated with hate groups, such as the swastika
Images that depict others as less than human, or modified with hateful symbols, such as images of individuals with animalistic features
Images modified with hateful symbols or references to a mass murder that targeted a protected category, such as images of individuals with Stars of David, referring to the Holocaust.
Content that displays hateful imagery is not allowed in live videos, account bios, profiles, or header images. All other occurrences must be flagged as potentially offensive content. Additionally, sending an individual unsolicited hateful imagery is a violation of this policy. 

Hateful profile

You may not use hateful images or symbols in your profile picture or profile header image. You may not use your username, display name, or profile bio to engage in offensive behavior such as targeted harassment or to express hatred toward any person, group, or protected category.",0,Norwegian,0,0,1,0,0,0,1,0,1,0,1,1,0,1,1,1,1,0,0,0,0,1,0,0,0,0,1,0,1,1,1,1,0,0,1,0,0,0,0,0,0,0,0,0,0,0,0,0,0,0,0,0,0,0,0,0,0,0,0,0,0,0,0,0,0,0,0,0,0,0,0,0,0,0,0,0,0,0,0,0,0,0,0,0,0,0,1,0,0,0,0,0,0,0,0,0,0,0,0,0,0,0,0,0,0,0,0,0,0,0,0,0,0,0,0,0,0,0,0,0,0,1,0,0,0,0,0,0,0,0,0,0,0,0,0,0,0,0,0,0,0,0,0,0,0,1,0,0,0,0,0,0,0,0,0,0,0,0,0,0,0,0,0,0,0,0,0,0,0,0,0,0,0,0,0,0,0,0,0,0,0,0,0,0,0,0,0,0,0,0,0,0,0,0,0,0,0,0,0,0,0,0,0,0,0,0,0,0,0,0,0,0,0,0,0,0,0,0,0,0,0,0,0,0,0,0,0,0,0,0,0,0,0,0,0,0,0,0,0,0,0,1,0,0,0
248,X,Platform,"Behavior filled with hatred
Abbreviation
 
April 2023

It is prohibited to attack other people based on their race, ethnicity, national origin, caste, sexual orientation, gender, gender identity, religion, age, disability or serious illness. 

Our mission is to provide everyone with an equal opportunity to create content, share ideas and information, and express their opinions and beliefs without any restrictions. Freedom of speech is a human right � we believe that each of us has the right to be heard and to exercise it. Our role is to create a space for public discussion with diverse perspectives. 

We recognize that when X users experience abuse, it can limit their ability to express themselves. Research shows that some groups of people are more likely to experience abuse online than others. For people who identify with multiple underrepresented groups, abuse can be more frequent, more severe, and more damaging.

Our goal is to combat abuse motivated by hate, prejudice, or intolerance, especially abuse that seeks to silence the voices of those who have been historically marginalized. As such, we do not allow abusive behavior that targets individuals or groups of people because they are perceived to belong to a protected category.  

If you see something on the X platform that you believe violates these policies, please report it .

 

What behaviors constitute violations of these rules?
We will investigate all reports of alleged abuse listed below directed at specific individuals or groups of individuals via posts or private messages and take appropriate action. 

Hate speech

You may not direct content that refers to forms of violence or violent events that were primarily targeted by a protected category, or to victims of those events, in order to harass them. This includes, but is not limited to, media or text that refers to or depicts the following situations:

genocide (e.g. Holocaust),
lynching.
Incitement

It is prohibited to encourage others to conduct themselves against individuals or groups of individuals who fall into protected categories. This includes the following types of violations:

Inciting fear or spreading fearsome stereotypes about a protected category, including stating that members of that category are more likely to engage in dangerous or illegal activities, such as �all [religious group] are terrorists�;
encouraging others to harass members of a protected category on or off the X platform, e.g., ""I'm sick of these [religious group]. They think they're better than us - if you see someone wearing [religious symbol], rip it off and post a picture!""
inciting others to discriminate by refusing to support a business venture of an individual or group of people because of their perceived membership in a protected category, e.g., ""If you go to a [religious group] store, you're supporting these [slur]. Let's stop giving our money to these [religious slur]."" This cannot include political content, such as political commentary or content related to boycotts or protests.
Note: Content that is intended to incite violence against a protected category is prohibited under the Hate Speech Policy .

Insults and Name-calling

Repeated use of insults, inappropriate phrases, or other content that is intended to degrade or reinforce negative or harmful stereotypes about a protected category is prohibited. In some cases, such as severe and repeated use of racist/sexist slurs or phrases intended to harass or intimidate others, we may require that a post be removed. In other cases, such as moderate, one-time use of phrases intended primarily to harass or intimidate others, we may limit the visibility of a post as described below.

Dehumanization

It is prohibited to dehumanize a group of people on the basis of their religion, caste, age, disability, serious illness, national origin, race, ethnicity, gender, gender identity or sexual orientation.

Images filled with hate 

We consider hate speech to be logos, symbols, or images that are intended to promote hostility and malice toward others based on their race, religion, disability, sexual orientation, gender identity, or ethnic or national origin. Hate speech may include, but is not limited to:

historical symbols associated with organizations promoting hatred, such as the Nazi swastika,
Images that depict other people as lesser beings or images that have been altered to include hateful symbols, such as altering images of people to suggest animalistic characteristics,
Images altered to include hateful symbols or references to the mass destruction of a protected category of people, such as manipulating images of individuals to include yellow Star of David badges referencing the Holocaust.
You may not share media that depicts hateful images in a live stream, account description, profile picture, or header. In all other cases, such content must be flagged as inappropriate media. Additionally, sending unsolicited hateful images to targeted individuals is a violation of this Policy. 

Profiles filled with hate

Hateful images or symbols may not be used as profile pictures or header images. Your username, display name, and account description may not be used for abusive behavior, such as targeted harassment or hate speech against a specific individual, group of individuals, or protected categories of individuals.",0,Polish,0,0,1,0,0,0,1,0,1,0,1,1,0,1,1,1,1,0,0,0,0,1,0,0,0,0,1,0,1,1,1,1,0,0,1,0,0,0,0,0,0,0,0,0,0,0,0,0,0,0,0,0,0,0,0,0,0,0,0,0,0,0,0,0,0,0,0,0,0,0,0,0,0,0,0,0,0,0,0,0,0,0,0,0,0,0,1,0,0,0,0,0,0,0,0,0,0,0,0,0,0,0,0,0,0,0,0,0,0,0,0,0,0,0,0,0,0,0,0,0,0,1,0,0,0,0,0,0,0,0,0,0,0,0,0,0,0,0,0,0,0,0,0,0,0,1,0,0,0,0,0,0,0,0,0,0,0,0,0,0,0,0,0,0,0,0,0,0,0,0,0,0,0,0,0,0,0,0,0,0,0,0,0,0,0,0,0,0,0,0,0,0,0,0,0,0,0,0,0,0,0,0,0,0,0,0,0,0,0,0,0,0,0,0,0,0,0,0,0,0,0,0,0,0,0,0,0,0,0,0,0,0,0,0,0,0,0,0,0,0,0,1,0,0,0
249,X,Platform,"Hateful behavior
Overview
 
April 2023

You may not post content that harasses others based on race, ethnicity, nationality, caste, sexual orientation, gender, gender identity, religious beliefs, age, disability, or serious illness. 

AX�s mission is to empower everyone to think, create and share ideas, and express their opinions and beliefs without limits. Freedom of expression is a human right � we believe that everyone has a voice and the right to have it heard. Our role is to support public dialogue, which requires the representation of diverse perspectives. 

We know that when people experience harassment online, it can threaten their freedom of expression. Research shows that certain groups of people are disproportionately affected by online harassment. For those who belong to multiple underrepresented groups, abuse can be more frequent, more severe, and more damaging.

We are committed to combating abuse based on hate, prejudice, or intolerance, especially harassment that seeks to silence the voices of historically marginalized people. That's why we prohibit behavior that attacks individuals or groups based on their perceived membership in a protected category.  

If you see something on Xen that you believe violates these guidelines, please report it to us .

 

What constitutes a violation of these guidelines?
We investigate reports of user accounts that target an individual or group with any of the following behaviors, whether in posts or Private Messages. 

Hateful Content

You are prohibited from attacking individuals or groups with content that refers to violent acts or incidents where a protected category is the primary target or victim, and is intended to harass. This includes, but is not limited to, media content or text that refers to or depicts:

genocides (e.g. the Holocaust);
lynchings.
Incitement
 

Incitement against individuals or groups in protected categories is prohibited. This includes the following:

spreading fear-mongering or fear-inducing stereotypes about a protected category, including claiming that members of a protected category are more likely to engage in dangerous or illegal activities, such as �all [religious groups] are terrorists.�
inciting others to harass members of a protected category on or off the platform, e.g. ""I'm sick of these [religious group] thinking they're better than us; if any of you see someone wearing [religious group's religious symbol], tear it off and post pictures!""
inciting others to discriminate against an individual or group�s business by withholding support because of their perceived membership in a protected category, e.g., �If you shop at a [religious group] store, you are supporting [expletive]; let�s stop giving our money to these [religious expletive].� This may not include content of a political nature, such as political commentary or content related to boycotts or protests.
Note: The Violent Speech Policy prohibits posting content that is intended to incite violence against a protected category.

Insults and Verbal Abuse

You may not attack others with repeated insults, slurs, or other content that is intended to demean others or reinforce negative or harmful stereotypes about a particular protected category. In some cases, such as (but not limited to) severe, repeated use of slurs or racist/sexist slurs when the context is to harass or intimidate others, we may request removal of the post. In other cases, such as (but not limited to) moderate, isolated use when the purpose is to harass or intimidate others, we may limit the visibility of the post as described below.

Dehumanization

Dehumanization of a group of people based on religion, caste, age, disability, serious illness, nationality, race, ethnicity, gender, gender identity, or sexual orientation is prohibited.

Hateful images 

We consider hate speech to be any logo, symbol, or image that is intended to incite hostility or ill will toward others based on race, religion, disability, sexual orientation, gender identity, or ethnic/national origin. Some examples of hate speech include, but are not limited to:

symbols historically associated with hate groups, such as the Nazi swastika;
images that depict others as less than human or that are modified to include hateful symbols, such as when images of individuals are modified to include animalistic features; or
Modified images that contain hateful symbols or references to mass murder targeting a protected category, such as manipulating images of individuals to include yellow Star of David badges in reference to the Holocaust.
You may not display media content that depicts hateful imagery in live videos, in your account contact information, profile, or header image. In all other cases, the content must be marked as sensitive media content. Additionally, sending unsolicited hateful imagery to a person is a violation of these guidelines. 

Hateful profile

You may not use hateful images or symbols in your profile picture or profile header. You may not use your username, display name, or profile contact information for abuse, such as to harass others or to express hatred against individuals, groups, or protected categories.",0,Hungarian,0,0,1,0,0,0,1,0,1,0,1,1,0,1,1,1,1,0,0,0,0,1,0,0,0,0,1,0,1,1,1,1,0,0,1,0,0,0,0,0,0,0,0,0,0,0,0,0,0,0,0,0,0,0,0,0,0,0,0,0,0,0,0,0,0,0,0,0,0,0,0,0,0,0,0,0,0,0,0,0,0,0,0,0,0,0,1,0,0,0,0,0,0,0,0,0,0,0,0,0,0,0,0,0,0,0,0,0,0,0,0,0,0,0,0,0,0,0,0,0,0,1,0,0,0,0,0,0,0,0,0,0,0,0,0,0,0,0,0,0,0,0,0,0,0,1,0,0,0,0,0,0,0,0,0,0,0,0,0,0,0,0,0,0,0,0,0,0,0,0,0,0,0,0,0,0,0,0,0,0,0,0,0,0,0,0,0,0,0,0,0,0,0,0,0,0,0,0,0,0,0,0,0,0,0,0,0,0,0,0,0,0,0,0,0,0,0,0,0,0,0,0,0,0,0,0,0,0,0,0,0,0,0,0,0,0,0,0,0,0,0,1,0,0,0
250,X,Platform,"Hateful behavior
Overview
 
April 2023

It is not permitted to attack other people on the basis of race, ethnicity, national origin, caste, sexual orientation, gender, gender identity, religious affiliation, age, disability or serious illness. 

X�s mission is to empower everyone to create and share ideas and information, and to express their opinions and beliefs regardless of borders. Freedom of expression is a human right � we believe that everyone has a voice and the right to use it. X�s goal is to provide a platform for public conversations, which requires the representation of a diverse range of perspectives. 

We recognize that if people experience abuse on X, it can jeopardize their ability to express themselves. Research has shown that some groups of people are disproportionately targeted by online abuse. For those who identify with more underrepresented groups, abuse can be more frequent, more severe, and more damaging.

We are committed to combating abuse motivated by hate, prejudice, or intolerance, especially abuse that seeks to silence the voices of those who have been historically marginalized. For this reason, we prohibit conduct that targets individuals or groups with abuse based on their perceived membership in a protected category.  

If you see something on X that you believe violates this policy, please report it to us .

 

What constitutes a violation of this policy?
We will review and take action on reports of accounts targeting an individual or group of individuals who engage in any of the following behaviors, either in posts or Direct Messages. 

Hateful References

We prohibit targeting individuals or groups with content that references forms of violence or violent events in which a protected group was the primary target or victim, where the intent is to harass. This category includes, but is not limited to, media or text that refers to or depicts:

genocides (e.g., the Holocaust);
lynchings.
incitement

We prohibit inflammatory behavior that targets individuals or groups of individuals belonging to protected categories. This includes the following:

inciting fear or spreading frightening stereotypes about a protected category, including stating that members of a protected category are more likely to participate in dangerous or illegal activities, for example, �all [religious group] are terrorists.�
inciting others to harass members of a protected category on or off the platform, for example, ""I'm sick of these [religious group] people thinking they're better than us; if any of you see someone wearing [religious group's religious symbol], rip it off them and post pictures!""
incitement to discriminate by refusing to support the economic enterprise of a person or group because of their perceived membership in a protected category, for example, �If you go to a [religious group] store, you are supporting those [expletive]; let�s stop giving money to those [expletive].� This cannot include content of a political nature, such as political commentary or content related to boycotts or protests.
Note: Content intended to incite violence against a protected group is prohibited under our violent language policy .

Insults and Slurs

We prohibit targeting others with repeated insults, slurs, or other content that is intended to degrade or reinforce negative or harmful stereotypes about a protected group. In some cases, such as (but not limited to) heavy and repeated use of racist/sexist slurs or slurs, where the context is to harass or intimidate others, we may request removal of the post. In other cases, such as (but not limited to) moderate, isolated use, where the context is to harass or intimidate others, we may limit the visibility of posts as described below.

Dehumanization

We prohibit the dehumanization of a group of people based on religion, caste, age, disability, serious illness, national origin, race, ethnicity, gender, gender identity, or sexual orientation.

Hateful images 

We consider hate speech to be logos, symbols, or images that are intended to promote hostility and malice against others based on race, religion, disability, sexual orientation, gender identity, or ethnic/national origin. Some examples of hate speech include, but are not limited to:

symbols historically associated with hate groups, for example, the Nazi swastika;
images that depict others as subhuman or that have been altered to include hateful symbols, for example, altering images of individuals to include animalistic features; or
images modified to include hate symbols or references to a mass murder that targeted a protected category, for example, manipulating images of individuals to include yellow Star of David badges, in reference to the Holocaust.
Media that features hateful imagery is not permitted in live videos, account bios, profiles, or header images. All other examples must be marked as sensitive media. Additionally, sending an unsolicited, hateful, individual image is a violation of this policy. 

The hate speech profile

Hateful imagery or symbols may not be used in your profile picture or profile header. You may not use your username, display name, or profile bio to engage in abusive behavior, such as targeted harassment or expressing hatred toward a protected person, group, or category.",0,Romanian,0,0,1,0,0,0,1,0,1,0,1,1,0,1,1,1,1,0,0,0,0,1,0,0,0,0,1,0,1,1,1,1,0,0,1,0,0,0,0,0,0,0,0,0,0,0,0,0,0,0,0,0,0,0,0,0,0,0,0,0,0,0,0,0,0,0,0,0,0,0,0,0,0,0,0,0,0,0,0,0,0,0,0,0,0,0,1,0,0,0,0,0,0,0,0,0,0,0,0,0,0,0,0,0,0,0,0,0,0,0,0,0,0,0,0,0,0,0,0,0,0,1,0,0,0,0,0,0,0,0,0,0,0,0,0,0,0,0,0,0,0,0,0,0,0,1,0,0,0,0,0,0,0,0,0,0,0,0,0,0,0,0,0,0,0,0,0,0,0,0,0,0,0,0,0,0,0,0,0,0,0,0,0,0,0,0,0,0,0,0,0,0,0,0,0,0,0,0,0,0,0,0,0,0,0,0,0,0,0,0,0,0,0,0,0,0,0,0,0,0,0,0,0,0,0,0,0,0,0,0,0,0,0,0,0,0,0,0,0,0,0,1,0,0,0
251,X,Platform,"Manifestations of hatred
General information
 
April 2023

It is forbidden to criticize other people based on race, ethnicity, national origin, caste, sexual orientation, gender, gender identity, religious affiliation, age, physical or mental disability, or serious illness. 

Mission X is to empower everyone to produce and exchange ideas and information, and to share their thoughts and beliefs freely. Everyone has the right to free expression � we believe that everyone has a voice and the right to use it. Our role is to support a public debate that is meaningful and diverse in its representation. 

We recognize that X-rated content can negatively impact people�s ability to express themselves. Research has shown that online content disproportionately targets certain groups of people. People who identify with multiple underrepresented groups may experience more severe forms of abuse. This can happen more often and with more negative consequences.

We are committed to combating hate speech, prejudice, or intolerance, especially when it seeks to silence historically marginalized groups. For this reason, we prohibit the harassment and abuse of individuals and groups based on the assumption that they belong to a protected category.  

If you see something on X that you think violates these rules, please let us know .

 

What is a violation of these rules?
We will review complaints about profiles that harass an individual or group of people and engage in any of the following types of behavior in tweets or private messages, and will take appropriate action against such profiles. 

Hateful Links

We prohibit content that references forms of violence or violent incidents that target individuals or groups, where the primary targets or victims are members of a protected category, when posted with the intent to harass. This includes media or text that depicts or refers to:

genocides (e.g., the Holocaust);
lynching.
Incitement

We prohibit incitement to act against individuals or groups of people who belong to protected categories. Specifically, the following is prohibited.

Incite fear or spread frightening stereotypes about a protected category, including claiming that members of a protected category are more likely to engage in dangerous or illegal activities, such as: �All [religious group] are terrorists.�
Inciting others to harass members of a protected category on or off the platform, for example: ""I'm fed up with these [religious group] people who think they're better than us. If any of you see someone wearing [religious group symbol], take it off and post a picture!""
Incite others to discriminate by withholding support for the economic enterprise of an individual or group of people based on the assumption that they belong to a protected category, such as: �If you shop at [religious group], you are supporting [expletive], let�s not spend money on this [expletive name of religious group].� This may not include content of a political nature, such as political commentary or content related to boycotts or protests.
Note: Posting content that incites violence against protected groups is prohibited by the Harassment Policy .

Name-calling and slurs

We prohibit the repeated use of name-calling, slurs, or other content that is intended to demean or reinforce negative or harmful stereotypes about a protected category. In some cases, such as severe, repeated use of name-calling or racist or sexist slurs intended to harass or intimidate others, we may request removal of a Tweet. In other cases, such as moderate, isolated use intended to harass or intimidate others, we may limit the visibility of Tweets, as described below.

Dehumanization

We prohibit dehumanizing a group of people based on religion, caste, age, physical or mental disability, serious illness, national origin, race, ethnicity, gender, gender identity, or sexual orientation.

Hateful images 

We consider hate speech to be logos, symbols, or images that promote hostility or malice toward others based on their race, religion, physical or mental disability, sexual orientation, gender identity, ethnicity, or national origin. Examples of hate speech include:

symbols historically associated with hate groups, such as the Nazi swastika;
images that show other people as less than human or add hateful symbols to them, such as animalistic features; or
Images that have been added with hate symbols or allusions to the mass murder of a protected category, such as adding Stars of David to images of people with an allusion to the Holocaust.
Hateful imagery may not be added to live video, bios, profile pictures, or cover images. All other instances must be marked as sensitive media. Additionally, sending unsolicited hateful imagery to someone is a violation of these policies. 

Hateful profile

You may not use hateful images or symbols as your profile picture or cover. You may not use your username, display name, or personal information to incite offensive behavior, such as targeted harassment or hate speech against an individual, group, or protected category.",0,Ukrainian,0,0,1,0,0,0,1,0,1,0,1,1,0,1,1,1,1,0,0,0,0,1,0,0,0,0,1,0,1,1,1,1,0,0,1,0,0,0,0,0,0,0,0,0,0,0,0,0,0,0,0,0,0,0,0,0,0,0,0,0,0,0,0,0,0,0,0,0,0,0,0,0,0,0,0,0,0,0,0,0,0,0,0,0,0,0,1,0,0,0,0,0,0,0,0,0,0,0,0,0,0,0,0,0,0,0,0,0,0,0,0,0,0,0,0,0,0,0,0,0,0,1,0,0,0,0,0,0,0,0,0,0,0,0,0,0,0,0,0,0,0,0,0,0,0,1,0,0,0,0,0,0,0,0,0,0,0,0,0,0,0,0,0,0,0,0,0,0,0,0,0,0,0,0,0,0,0,0,0,0,0,0,0,0,0,0,0,0,0,0,0,0,0,0,0,0,0,0,0,0,0,0,0,0,0,0,0,0,0,0,0,0,0,0,0,0,0,0,0,0,0,0,0,0,0,0,0,0,0,0,0,0,0,0,0,0,0,0,0,0,0,1,0,0,0
252,X,Platform,"Hateful behavior
Overview
 
April 2023

You may not directly attack other people on the basis of race, ethnicity, national origin, caste, sexual orientation, gender, gender identity, religious affiliation, age, disability, or serious disease. 

X?��s mission is to give everyone the power to create and share ideas and information, and to express their opinions and beliefs without barriers. Free expression is a human right ?�� we believe that everyone has a voice, and the right to use it. Our role is to serve the public conversation, which requires representation of a diverse range of perspectives. 

We recognize that if people experience abuse on X, it can jeopardize their ability to express themselves. Research has shown that some groups of people are disproportionately targeted with abuse online. For those who identify with multiple underrepresented groups, abuse may be more common, more severe in nature, and more harmful.

We are committed to combating abuse motivated by hatred, prejudice or intolerance, particularly abuse that seeks to silence the voices of those who have been historically marginalized. For this reason, we prohibit behavior that targets individuals or groups with abuse based on their perceived membership in a protected category.  

If you see something on X that you believe violates this policy, please report it to us.

 

What is in violation of this policy?
We will review and take action against reports of accounts targeting an individual or group of people with any of the following behavior, whether within posts or Direct Messages. 

Hateful references

We prohibit targeting individuals or groups with content that references forms of violence or violent events where a protected category was the primary target or victims, where the intent is to harass. This includes, but is not limited to media or text that refers to or depicts:

genocides, (e.g., the Holocaust);
lynchings.
Incitement

We prohibit inciting behavior that targets individuals or groups of people belonging to protected categories. This includes:

inciting fear or spreading fearful stereotypes about a protected category, including asserting that members of a protected category are more likely to take part in dangerous or illegal activities, e.g., ?�?all [religious group] are terrorists.?��
inciting others to harass members of a protected category on or off platform, e.g., ?�?I?��m sick of these [religious group] thinking they are better than us, if any of you see someone wearing a [religious symbol of the religious group], grab it off them and post pics!?�?
inciting others to discriminate in the form of denial of support to the economic enterprise of an individual or group because of their perceived membership in a protected category, e.g., ?�?If you go to a [religious group] store, you are supporting those [slur], let?��s stop giving our money to these [religious slur].?�� This may not include content intended as political in nature, such as political commentary or content relating to boycotts or protests.
Note: content intended to incite violence against a protected category is prohibited under Violent Speech.

Slurs and Tropes

We prohibit targeting others with repeated slurs, tropes or other content that intends to degrade or reinforce negative or harmful stereotypes about a protected category. In some cases, such as (but not limited to) severe, repetitive usage of slurs, or racist/sexist tropes where the context is to harass or intimidate others, we may require post removal. In other cases, such as (but not limited to) moderate, isolated usage where the context is to harass or intimidate others, we may limit post visibility as further described below.

Dehumanization

We prohibit the dehumanization of a group of people based on their religion, caste, age, disability, serious disease, national origin, race, ethnicity, gender, gender identity, or sexual orientation.

Hateful Imagery 

We consider hateful imagery to be logos, symbols, or images whose purpose is to promote hostility and malice against others based on their race, religion, disability, sexual orientation, gender identity or ethnicity/national origin. Some examples of hateful imagery include, but are not limited to:

symbols historically associated with hate groups, e.g., the Nazi swastika;
images depicting others as less than human, or altered to include hateful symbols, e.g., altering images of individuals to include animalistic features; or
images altered to include hateful symbols or references to a mass murder that targeted a protected category, e.g., manipulating images of individuals to include yellow Star of David badges, in reference to the Holocaust.
Media depicting hateful imagery is not permitted within live video, account bio, profile or header images. All other instances must be marked as sensitive media. Additionally, sending an individual unsolicited hateful imagery is a violation of this policy. 

Hateful Profile

You may not use hateful images or symbols in your profile image or profile header. You also may not use your username, display name, or profile bio to engage in abusive behavior, such as targeted harassment or expressing hate towards a person, group, or protected category.

Do I need to be the target of this content for it to be a violation of the X Rules?
Some posts may appear to be hateful when viewed in isolation, but may not be when viewed in the context of a larger conversation. For example, members of a protected category may refer to each other using terms that are typically considered as slurs. When used consensually, the context behind these terms is not abusive, but a means to reclaim terms that were historically used to demean individuals.  

When we review this type of content, it may not be clear whether the context is to abuse an individual on the basis of their protected status, or if it is part of a consensual conversation. To help our teams understand the context, we sometimes need to hear directly from the person being targeted to ensure that we have the information needed prior to taking any enforcement action.

Note: individuals do not need to be a member of a specific protected category for us to take action. We will never ask people to prove or disprove membership in any protected category and we will not investigate this information. 
",0,Slovak,0,0,1,0,0,0,1,0,1,0,1,1,0,1,1,1,1,0,0,0,0,1,0,0,0,0,1,0,1,1,1,1,0,0,1,0,0,0,0,0,0,0,0,0,0,0,0,0,0,0,0,0,0,0,0,0,0,0,0,0,0,0,0,0,0,0,0,0,0,0,0,0,0,0,0,0,0,0,0,0,0,0,0,0,0,0,1,0,0,0,0,0,0,0,0,0,0,0,0,0,0,0,0,0,0,0,0,0,0,0,0,0,0,0,0,0,0,0,0,0,0,1,0,0,0,0,0,0,0,0,0,0,0,0,0,0,0,0,0,0,0,0,0,0,0,1,0,0,0,0,0,0,0,0,0,0,0,0,0,0,0,0,0,0,0,0,0,0,0,0,0,0,0,0,0,0,0,0,0,0,0,0,0,0,0,0,0,0,0,0,0,0,0,0,0,0,0,0,0,0,0,0,0,0,0,0,0,0,0,0,0,0,0,0,0,0,0,0,0,0,0,0,0,0,0,0,0,0,0,0,0,0,0,0,0,0,0,0,0,0,0,1,0,0,0
253,X,Platform,"Hateful Behavior
Internal Return
 
April 2023

You can't direct assault on people based on their racial, ethnic, national origin, ancestry, sexual establishment, gender, gender identity, religious identity, age, disability, or serious illness. 

Mission X is to encourage everyone to share their ideas and information; and to express their own ideas without any restrictions. Freedom of expression is a natural right � we believe that everyone can exercise this ability and right. Our role is to facilitate community conversations, which have different representational perspectives. 

We understand that if people are having trouble with X, it will be a problem for them to not express themselves. Research shows that a small group of people are illegally targeted by the offline problem. For marginalized groups of people, these problems are often common, more severe, and harmful.

We work hard to prevent the harm of hatred, discrimination and intolerance, especially the harm that aims to deprive those who have been historically oppressed of their voices. For this reason, we prevent behaviors that focus on the expected classifications of people or groups in which they belong.  

If you see anything that violates this policy on X, please report it to us .

 

What is the transition to this policy?
We will review and take action on numerous reports of individuals or groups with the following characteristics via Twitter posts or live messages. 

For Hate Prevention

We prevent Content that contains abuse or harm to individuals or groups whose expected classification is the focus of the abuse in the first place. This includes, but is not limited to the media or article we are viewing or this revelation:

murder, (e.g., Mass murder)
strangling and killing.
Motivation

We defend features of the stimulus that target individuals or groups with expected assignments. This includes:

inciting threats or threatening statements against the protected group, including forcing members of the protected group to participate in harsh acts that are contrary to the norm, e.g., ""all [religious groups] are terrorists.""
on the handle and inciting others to harass members of the guard group, e.g., ""I have a hard time saying these [religious groups] know better than you, if you see someone wearing [religious symbols], take them away and post pictures!""
inciting others to deny and discriminate against economic assistance because a person or group is a member of an expected assignment, e.g., ""If you go to the [religious group's] fund, you are helping with that [name of religion], let's stop giving our money to those. These do not include content that is political in nature, such as political opinion or content that contains resistance or protest.
Reminder: According to Prohibited Speech, content that incites violence against a protected group is prohibited.

Verbal and Ridicule

About the expected section We will ensure that no one uses verbal, sarcastic or other content that demeans them or makes them feel inferior or hurt. For extremely frequent situations, repeated use of words, racial/sexual slurs whose content is harassing or disturbing to another person, we ask that the article be deleted. In other circumstances, such as (but not limited to) simple, isolated circumstances in which access is harassment or disturbance to others, we may restrict the availability of the publication as further described below.

Dehumanization

We prevent incitement to violence based on racial identity, ethnicity, national origin, ethnic origin, sexual orientation, gender, gender identity, religious identity, age, disability, or serious illness.

Examples of Hatred 

We understand hate images, logos, symbols, or images that are intended to incite violence and intimidation based on race, religion, disability, sexual orientation, gender identity, or nationality. Examples of hate images include, but are not limited to:

symbols historically associated with hate groups, e.g., the Nazi swastika
images of other people being inferior to others, or altered to show signs of hatred, eg making human images look like animals; or
images altered to be symbols of hatred or mass murder targeting expected assignment groups, e.g., images of individuals carrying David's yellow badge, in connection with mass murder.
They do not allow hateful media images through the broadcast of live images, multiple stories, profiles or images containing mate images. all others are considered suspicious media. Additionally, sending hateful images to an individual is a violation of our hate ethics policy. 

Hedda Hateful

You may not use hateful images or symbols in your profile picture or profile mate. You also may not use usernames, display names, or profile stories that promote disruptive behavior that targets injuries or incites violence against individuals, groups, or an expected unit.",0,Oromo,0,0,1,0,0,0,1,0,1,0,1,1,0,1,1,1,1,0,0,0,0,1,0,0,0,0,1,0,1,1,1,1,0,0,1,0,0,0,0,0,0,0,0,0,0,0,0,0,0,0,0,0,0,0,0,0,0,0,0,0,0,0,0,0,0,0,0,0,0,0,0,0,0,0,0,0,0,0,0,0,0,0,0,0,0,0,1,0,0,0,0,0,0,0,0,0,0,0,0,0,0,0,0,0,0,0,0,0,0,0,0,0,0,0,0,0,0,0,0,0,0,1,0,0,0,0,0,0,0,0,0,0,0,0,0,0,0,0,0,0,0,0,0,0,0,1,0,0,0,0,0,0,0,0,0,0,0,0,0,0,0,0,0,0,0,0,0,0,0,0,0,0,0,0,0,0,0,0,0,0,0,0,0,0,0,0,0,0,0,0,0,0,0,0,0,0,0,0,0,0,0,0,0,0,0,0,0,0,0,0,0,0,0,0,0,0,0,0,0,0,0,0,0,0,0,0,0,0,0,0,0,0,0,0,0,0,0,0,0,0,0,1,0,0,0
254,Microsoft,Platform,"Hate speech
Microsoft wants to create an online environment where everyone can participate and feel welcome.

We don't allow hateful content that attacks, insults, or degrades someone based on protected characteristics such as race, ethnicity, gender, gender identity, sexual orientation, religion, national origin, age, disability, or caste.

Hate speech includes:

Promoting harmful stereotypes about people because of a protected characteristic.
Dehumanizing statements, such as comparing someone to an animal or other non-human being because of a protected characteristic.
Inciting or supporting violence against someone else because of a protected sign.
Calls to segregate, exclude, or intimidate people because of their protected sign.
Symbols, logos, or other images that are considered symbols expressing hatred or racial superiority.",0,Czech,,,,,,,,,,,,,,,,,,,,,,,,,,,,,,,,,,,,,,,,,,,,,,,,,,,,,,,,,,,,,,,,,,,,,,,,,,,,,,,,,,,,,,,,,,,,,,,,,,,,,,,,,,,,,,,,,,,,,,,,,,,,,,,,,,,,,,,,,,,,,,,,,,,,,,,,,,,,,,,,,,,,,,,,,,,,,,,,,,,,,,,,,,,,,,,,,,,,,,,,,,,,,,,,,,,,,,,,,,,,,,,,,,,,,,,,,,,,,,,,,,,,,
255,Microsoft,Platform,"Microsoft wants to create online spaces where everyone can participate and feel welcome.

We don't allow hateful content that attacks, insults, or degrades someone based on a protected characteristic, such as their race, ethnicity, gender, gender identity, sexual orientation, religion, nationality, age, disability status, or caste.

Hate speech includes:

Promoting harmful stereotypes about people because of a protected characteristic.
Dehumanizing statements, such as comparing someone to an animal or other non-human object because of a protected characteristic.
Incitement or support of violence against someone because of a protected characteristic.
Support for the segregation, exclusion, or intimidation of individuals because of their protected characteristics.
Symbols, logos, and other images that are considered to communicate hatred or racial superiority.",0,Danish,,,,,,,,,,,,,,,,,,,,,,,,,,,,,,,,,,,,,,,,,,,,,,,,,,,,,,,,,,,,,,,,,,,,,,,,,,,,,,,,,,,,,,,,,,,,,,,,,,,,,,,,,,,,,,,,,,,,,,,,,,,,,,,,,,,,,,,,,,,,,,,,,,,,,,,,,,,,,,,,,,,,,,,,,,,,,,,,,,,,,,,,,,,,,,,,,,,,,,,,,,,,,,,,,,,,,,,,,,,,,,,,,,,,,,,,,,,,,,,,,,,,,
256,Microsoft,Platform,"Microsoft wants to create online spaces where everyone can feel included and welcome.

We do not tolerate hate content that attacks, insults, or degrades a person based on a protected characteristic, such as race, ethnicity, gender, gender identity, sexual orientation, religion, national origin, age, disability, or membership in a social group.

Examples of hate comments include:

Spreading negative stereotypes about people based on a characteristic worthy of protection.
Dehumanising statements relating to a protected characteristic, such as comparing a person to an animal or other non-human being
Promoting or supporting violence against a person based on a protected characteristic
Call for segregation, exclusion or threat to people based on their protected characteristics
Symbols, logos or other images that are considered to be expressions of hatred or racial superiority.",0,German,,,,,,,,,,,,,,,,,,,,,,,,,,,,,,,,,,,,,,,,,,,,,,,,,,,,,,,,,,,,,,,,,,,,,,,,,,,,,,,,,,,,,,,,,,,,,,,,,,,,,,,,,,,,,,,,,,,,,,,,,,,,,,,,,,,,,,,,,,,,,,,,,,,,,,,,,,,,,,,,,,,,,,,,,,,,,,,,,,,,,,,,,,,,,,,,,,,,,,,,,,,,,,,,,,,,,,,,,,,,,,,,,,,,,,,,,,,,,,,,,,,,,
257,Microsoft,Platform,"Microsoft wants to create spaces online where everyone can participate and feel welcome.

We don't allow hateful content that attacks, insults, or degrades someone based on a legally protected characteristic, such as race, ethnicity, gender, gender identity, sexual orientation, religion, national origin, age, disability, or caste.

Hate speech includes:

spreading harmful stereotypes about people because of a protected characteristic;
dehumanizing statements, such as comparing someone to an animal or other non-human because of a protected characteristic;
incitement or support for violence against someone because of a protected characteristic;
calls for the segregation, exclusion or intimidation of people because of any protected characteristic of those people;
symbols, logos, or other images known to be associated with displays of hatred or racial superiority.",0,Estonian,,,,,,,,,,,,,,,,,,,,,,,,,,,,,,,,,,,,,,,,,,,,,,,,,,,,,,,,,,,,,,,,,,,,,,,,,,,,,,,,,,,,,,,,,,,,,,,,,,,,,,,,,,,,,,,,,,,,,,,,,,,,,,,,,,,,,,,,,,,,,,,,,,,,,,,,,,,,,,,,,,,,,,,,,,,,,,,,,,,,,,,,,,,,,,,,,,,,,,,,,,,,,,,,,,,,,,,,,,,,,,,,,,,,,,,,,,,,,,,,,,,,,
258,Microsoft,Platform,"Microsoft wants to create online spaces where everyone can participate and feel welcome.

We do not allow hateful content that attacks, insults, or degrades anyone because of a protected characteristic, such as race, ethnicity, sex, gender identity, sexual orientation, religion, national origin, age, disability status, or caste.

Hate speech includes:

Promoting harmful stereotypes about people because of a protected characteristic.
Dehumanizing phrases, for example, comparing someone to an animal or object because of a protected characteristic.
Promoting or supporting violence against someone because of a protected characteristic.
Claiming the segregation, exclusion or intimidation of people because of a protected characteristic.
Symbols, logos, or other images that may in any way communicate hatred or racial superiority.",0,Spanish,,,,,,,,,,,,,,,,,,,,,,,,,,,,,,,,,,,,,,,,,,,,,,,,,,,,,,,,,,,,,,,,,,,,,,,,,,,,,,,,,,,,,,,,,,,,,,,,,,,,,,,,,,,,,,,,,,,,,,,,,,,,,,,,,,,,,,,,,,,,,,,,,,,,,,,,,,,,,,,,,,,,,,,,,,,,,,,,,,,,,,,,,,,,,,,,,,,,,,,,,,,,,,,,,,,,,,,,,,,,,,,,,,,,,,,,,,,,,,,,,,,,,
259,Microsoft,Platform,"Microsoft aims to create online spaces where everyone can participate and feel welcome.

We do not allow hateful content that attacks, insults, or degrades someone based on a protected characteristic, such as race, ethnicity, gender, gender identity, sexual orientation, religion, national origin, age, disability, or caste.

Examples of hate speech:

Promotion of harmful stereotypes against people because of a protected characteristic.
Dehumanizing statements, such as comparing a person to an animal or other non-human person, because of a protected characteristic.
Encouraging or supporting violence against a person because of a protected characteristic.
Call for the segregation, exclusion or intimidation of people because of their protected characteristic.
Symbols, logos or other images recognized as conveying racial hatred or superiority.",0,French,,,,,,,,,,,,,,,,,,,,,,,,,,,,,,,,,,,,,,,,,,,,,,,,,,,,,,,,,,,,,,,,,,,,,,,,,,,,,,,,,,,,,,,,,,,,,,,,,,,,,,,,,,,,,,,,,,,,,,,,,,,,,,,,,,,,,,,,,,,,,,,,,,,,,,,,,,,,,,,,,,,,,,,,,,,,,,,,,,,,,,,,,,,,,,,,,,,,,,,,,,,,,,,,,,,,,,,,,,,,,,,,,,,,,,,,,,,,,,,,,,,,,
260,Microsoft,Platform,"Microsoft wants to create online spaces where everyone can participate and feel welcome.

We do not allow content that spreads hate and attacks, insults or degrades people based on protected characteristics such as race, ethnicity, gender, gender identity, sexual orientation, religion, national origin, age, disability status or caste.

Hate speech includes:

Promoting harmful stereotypes about people based on a protected characteristic.
dehumanizing statements, such as comparing a person to an animal or other non-human beings, based on a protected characteristic
inciting or supporting violence against a person based on a protected characteristic
calling for segregation, exclusion or intimidation of people because of their protected characteristic
Symbols, logos or other images recognizable as a way of expressing hatred or racial supremacy.",0,Croatian,,,,,,,,,,,,,,,,,,,,,,,,,,,,,,,,,,,,,,,,,,,,,,,,,,,,,,,,,,,,,,,,,,,,,,,,,,,,,,,,,,,,,,,,,,,,,,,,,,,,,,,,,,,,,,,,,,,,,,,,,,,,,,,,,,,,,,,,,,,,,,,,,,,,,,,,,,,,,,,,,,,,,,,,,,,,,,,,,,,,,,,,,,,,,,,,,,,,,,,,,,,,,,,,,,,,,,,,,,,,,,,,,,,,,,,,,,,,,,,,,,,,,
261,Microsoft,Platform,"Microsoft wants to create an online space that facilitates everyone to participate and feel welcome.

We don't allow hateful content that attacks, insults, or degrades someone based on a legally protected characteristic, such as race, ethnicity, gender, gender identity, sexual orientation, religion, national origin, age, disability status, or caste.

Hate speech includes:

Promoting harmful stereotypes about people based on characteristics protected by law.
Dehumanizing statements, such as comparing a person to an animal or other non-human, regarding a characteristic protected by law.
Encouraging or supporting violence against a person based on a characteristic protected by law.
Calling for the segregation, exclusion, or intimidation of people on the basis of a characteristic protected by law.
Symbols, logos, or other images deemed to communicate hatred or racial superiority.",0,Indonesian,,,,,,,,,,,,,,,,,,,,,,,,,,,,,,,,,,,,,,,,,,,,,,,,,,,,,,,,,,,,,,,,,,,,,,,,,,,,,,,,,,,,,,,,,,,,,,,,,,,,,,,,,,,,,,,,,,,,,,,,,,,,,,,,,,,,,,,,,,,,,,,,,,,,,,,,,,,,,,,,,,,,,,,,,,,,,,,,,,,,,,,,,,,,,,,,,,,,,,,,,,,,,,,,,,,,,,,,,,,,,,,,,,,,,,,,,,,,,,,,,,,,,
262,Microsoft,Platform,"Microsoft wants to create online spaces where anyone can participate and feel welcome.

We don't allow offensive content that attacks, insults, or disparages someone based on a protected characteristic, such as race, ethnicity, gender identity, sexual orientation, religion, country of origin, age, disability, or caste.

Hate speech includes:

Promotion of harmful stereotypes based on a protected characteristic.
Dehumanizing statements, such as comparing someone to an animal or other non-human entity, based on a protected characteristic.
Incitement to violence against someone based on a protected characteristic.
Promoting segregation, exclusion, or intimidation of people based on their protected characteristic.
Symbols, logos, or other images that communicate hatred or racial superiority.",0,Italian,,,,,,,,,,,,,,,,,,,,,,,,,,,,,,,,,,,,,,,,,,,,,,,,,,,,,,,,,,,,,,,,,,,,,,,,,,,,,,,,,,,,,,,,,,,,,,,,,,,,,,,,,,,,,,,,,,,,,,,,,,,,,,,,,,,,,,,,,,,,,,,,,,,,,,,,,,,,,,,,,,,,,,,,,,,,,,,,,,,,,,,,,,,,,,,,,,,,,,,,,,,,,,,,,,,,,,,,,,,,,,,,,,,,,,,,,,,,,,,,,,,,,
263,Microsoft,Platform,"Microsoft wants to create online spaces where everyone can participate and feel welcome.

We don't allow hateful content that is offensive, insulting, or derogatory based on a person's protected characteristic, such as race, ethnicity, gender, gender identity, sexual orientation, religion, national origin, age, functional status, or caste.

Hate speech includes all of the following.

Promoting harmful stereotypes about people because of a protected characteristic.
Dehumanizing statements related to a protected characteristic, such as comparing a person to an animal or other non-human being.
Promoting or advocating violence related to a person's protected characteristic.
Requesting segregation, exclusion, or intimidation related to a person's protected characteristic.
Symbols, logos, or other images that are recognized as promoting hatred or racial superiority.",0,Latvian,,,,,,,,,,,,,,,,,,,,,,,,,,,,,,,,,,,,,,,,,,,,,,,,,,,,,,,,,,,,,,,,,,,,,,,,,,,,,,,,,,,,,,,,,,,,,,,,,,,,,,,,,,,,,,,,,,,,,,,,,,,,,,,,,,,,,,,,,,,,,,,,,,,,,,,,,,,,,,,,,,,,,,,,,,,,,,,,,,,,,,,,,,,,,,,,,,,,,,,,,,,,,,,,,,,,,,,,,,,,,,,,,,,,,,,,,,,,,,,,,,,,,
264,Microsoft,Platform,"Microsoft wants to create online spaces where everyone can participate and feel welcome.

We don't allow hateful content that attacks, insults, or degrades a person based on protected characteristics, such as race, ethnicity, gender, gender identity, sexual orientation, religion, nationality, age, disability, or caste.

Hate speech includes:

promoting harmful stereotypes about people based on a protected characteristic;
dehumanizing statements, such as comparing a person to an animal or other non-human because of a protected characteristic;
encouraging or supporting violence against a person based on protected characteristics;
incitement to discriminate, isolate or intimidate people because of their protected characteristic;
symbols, logos or other images that are recognized as spreading hatred or racial superiority.",0,Lithuanian,,,,,,,,,,,,,,,,,,,,,,,,,,,,,,,,,,,,,,,,,,,,,,,,,,,,,,,,,,,,,,,,,,,,,,,,,,,,,,,,,,,,,,,,,,,,,,,,,,,,,,,,,,,,,,,,,,,,,,,,,,,,,,,,,,,,,,,,,,,,,,,,,,,,,,,,,,,,,,,,,,,,,,,,,,,,,,,,,,,,,,,,,,,,,,,,,,,,,,,,,,,,,,,,,,,,,,,,,,,,,,,,,,,,,,,,,,,,,,,,,,,,,
265,Microsoft,Platform,"Microsoft wants to create online spaces where everyone can participate and have fun.

We don't allow hateful content that attacks, insults, or degrades someone based on a protected characteristic, such as race, ethnicity, gender, gender identity, sexual orientation, religion, ancestry, age, disability, or caste.

The following are considered hate speech:

Promoting harmful stereotypes about a protected human characteristic.
Dehumanizing statements, such as comparing a person to an animal or other non-human living being or thing, because of a protected characteristic.
Encouraging or supporting violence against someone because of a protected characteristic.
Calling for the segregation, exclusion, or intimidation of people because of some protected characteristic.
Symbols, emblems, or other images that openly communicate hatred or racial superiority.",0,Hungarian,,,,,,,,,,,,,,,,,,,,,,,,,,,,,,,,,,,,,,,,,,,,,,,,,,,,,,,,,,,,,,,,,,,,,,,,,,,,,,,,,,,,,,,,,,,,,,,,,,,,,,,,,,,,,,,,,,,,,,,,,,,,,,,,,,,,,,,,,,,,,,,,,,,,,,,,,,,,,,,,,,,,,,,,,,,,,,,,,,,,,,,,,,,,,,,,,,,,,,,,,,,,,,,,,,,,,,,,,,,,,,,,,,,,,,,,,,,,,,,,,,,,,
266,Microsoft,Platform,"Microsoft wants to create online spaces where everyone can participate and feel welcome.

We do not allow offensive content that attacks, insults, or degrades someone based on a protected characteristic such as race, ethnicity, gender, gender identity, sexual orientation, religion, nationality, age, disability status, or caste.

Hate speech includes:

Promoting harmful stereotypes about people because of a protected characteristic.
Dehumanizing statements such as comparing someone to an animal or something other non-human, because of a protected characteristic.
Encouraging or supporting violence against someone because of a protected characteristic.
Calls for segregation, exclusion or intimidation of persons because of a protected characteristic of theirs.
Symbols, logos or other images that are recognized as hate or an expression of racial discrimination.",0,Dutch,,,,,,,,,,,,,,,,,,,,,,,,,,,,,,,,,,,,,,,,,,,,,,,,,,,,,,,,,,,,,,,,,,,,,,,,,,,,,,,,,,,,,,,,,,,,,,,,,,,,,,,,,,,,,,,,,,,,,,,,,,,,,,,,,,,,,,,,,,,,,,,,,,,,,,,,,,,,,,,,,,,,,,,,,,,,,,,,,,,,,,,,,,,,,,,,,,,,,,,,,,,,,,,,,,,,,,,,,,,,,,,,,,,,,,,,,,,,,,,,,,,,,
267,Microsoft,Platform,"Microsoft wants to facilitate areas online where everyone can participate and feel welcome.

We don't allow hateful content that attacks, harasses, or degrades someone based on a protected characteristic, such as race, ethnicity, gender, gender identity, sexual orientation, religion, national origin, age, disability, or caste.

Hate speech includes:

promoting harmful stereotypes about people because of a protected characteristic.
dehumanizing statements, such as comparing someone to an animal or other non-human, because of a protected characteristic
to encourage or support violence against someone because of a protected characteristic
to encourage the segregation, exclusion, or intimidation of people because of their protected characteristics
symbols, logos or other images known to convey hatred or racial superiority.",0,Norwegian,,,,,,,,,,,,,,,,,,,,,,,,,,,,,,,,,,,,,,,,,,,,,,,,,,,,,,,,,,,,,,,,,,,,,,,,,,,,,,,,,,,,,,,,,,,,,,,,,,,,,,,,,,,,,,,,,,,,,,,,,,,,,,,,,,,,,,,,,,,,,,,,,,,,,,,,,,,,,,,,,,,,,,,,,,,,,,,,,,,,,,,,,,,,,,,,,,,,,,,,,,,,,,,,,,,,,,,,,,,,,,,,,,,,,,,,,,,,,,,,,,,,,
268,Microsoft,Platform,"Microsoft aims to create online spaces where anyone can participate and feel welcome.

Therefore, we do not allow hateful content that attacks, insults, or degrades someone because of a protected characteristic, such as race, ethnicity, gender identity, sexual orientation, religion, national origin, age, disability, or caste.

Hate speech includes:

The promotion of harmful stereotypes of people because of protected characteristics.
Dehumanizing speech, such as comparing someone to an animal or other non-human species because of protected characteristics.
Encouraging or supporting violence against someone because of protected characteristics.
Supporting the segregation, exclusion or intimidation of people because of protected characteristics.
Symbols, logos, or other images recognized as expressions of racial hatred or superiority.",0,Portuguese,,,,,,,,,,,,,,,,,,,,,,,,,,,,,,,,,,,,,,,,,,,,,,,,,,,,,,,,,,,,,,,,,,,,,,,,,,,,,,,,,,,,,,,,,,,,,,,,,,,,,,,,,,,,,,,,,,,,,,,,,,,,,,,,,,,,,,,,,,,,,,,,,,,,,,,,,,,,,,,,,,,,,,,,,,,,,,,,,,,,,,,,,,,,,,,,,,,,,,,,,,,,,,,,,,,,,,,,,,,,,,,,,,,,,,,,,,,,,,,,,,,,,
269,Microsoft,Platform,"Microsoft wants to create online spaces where anyone can participate and feel welcome.

We don't allow hateful content that attacks, insults, or degrades people because of a protected characteristic, such as race, ethnicity, gender, gender identity, sexual orientation, religion, national origin, age, disability, or social status.

Hate speech includes:

Promoting harmful stereotypes about people because of a protected characteristic.
Dehumanizing statements, such as comparing a person to an animal or other non-human entities, because of a protected trait.
Encouraging or advocating violence against a person because of a protected characteristic.
Calling for the separation, exclusion, or intimidation of individuals because of their protected characteristic.
Symbols, logos, or other images that are recognized as spreading hatred or racial superiority.",0,Romanian,,,,,,,,,,,,,,,,,,,,,,,,,,,,,,,,,,,,,,,,,,,,,,,,,,,,,,,,,,,,,,,,,,,,,,,,,,,,,,,,,,,,,,,,,,,,,,,,,,,,,,,,,,,,,,,,,,,,,,,,,,,,,,,,,,,,,,,,,,,,,,,,,,,,,,,,,,,,,,,,,,,,,,,,,,,,,,,,,,,,,,,,,,,,,,,,,,,,,,,,,,,,,,,,,,,,,,,,,,,,,,,,,,,,,,,,,,,,,,,,,,,,,
270,Microsoft,Platform,"Microsoft wants to create online spaces where everyone can collaborate and feel welcome.

We don't allow hateful content that attacks, insults, or degrades a person based on a protected characteristic, such as race, ethnicity, gender, gender identity, sexual orientation, religion, nationality, age, disability status, or caste.

Hate speech includes the following:

Promoting harmful stereotypes about people because of a protected characteristic.
Dehumanizing statements, such as comparing someone to an animal or other non-human person because of a protected characteristic.
Encouraging or supporting violence against a person because of a protected characteristic.
Calling for the segregation, exclusion, or intimidation of people because of their protected characteristic.
Symbols, logos, or other images that communicate hatred or racial superiority.",0,Slovenian,,,,,,,,,,,,,,,,,,,,,,,,,,,,,,,,,,,,,,,,,,,,,,,,,,,,,,,,,,,,,,,,,,,,,,,,,,,,,,,,,,,,,,,,,,,,,,,,,,,,,,,,,,,,,,,,,,,,,,,,,,,,,,,,,,,,,,,,,,,,,,,,,,,,,,,,,,,,,,,,,,,,,,,,,,,,,,,,,,,,,,,,,,,,,,,,,,,,,,,,,,,,,,,,,,,,,,,,,,,,,,,,,,,,,,,,,,,,,,,,,,,,,
271,Microsoft,Platform,"Microsoft wants to create online environments where everyone can participate and feel safe.

We don't allow hateful content that attacks, insults, or demeans someone based on a protected characteristic, such as race, ethnicity, gender, gender identity, sexual orientation, religion, national origin, age, disability, or caste.

Incitement against a group of people includes:

Making harmful stereotypes about people because of a protected characteristic.
Dehumanizing statements, such as comparing someone to an animal or something else inhumane because of a protected characteristic.
Encourage or support violence against someone because of a protected characteristic.
Calling for segregation, exclusion, or threats against people because of their protected characteristics.
Symbols, logos, or other images that promote hatred or racial superiority.",0,Swedish,,,,,,,,,,,,,,,,,,,,,,,,,,,,,,,,,,,,,,,,,,,,,,,,,,,,,,,,,,,,,,,,,,,,,,,,,,,,,,,,,,,,,,,,,,,,,,,,,,,,,,,,,,,,,,,,,,,,,,,,,,,,,,,,,,,,,,,,,,,,,,,,,,,,,,,,,,,,,,,,,,,,,,,,,,,,,,,,,,,,,,,,,,,,,,,,,,,,,,,,,,,,,,,,,,,,,,,,,,,,,,,,,,,,,,,,,,,,,,,,,,,,,
272,Microsoft,Platform,"Microsoft wants to create online spaces where everyone can participate and feel welcome.

We don't allow hateful content that attacks, insults, or degrades someone because of a protected characteristic, such as race, ethnicity, gender, gender identity, sexual orientation, religion, national origin, age, disability, or status.

Hate speech includes:

Promoting harmful stereotypes about others due to a protected characteristic.
Dehumanizing statements, such as comparing another person to an animal or something non-human because of a protected characteristic.
Encouraging or advocating violence against another person because of a protected characteristic.
Calls for discrimination, exclusion, or intimidation of another person because of a protected characteristic.
Symbols, logos or other images recognized as conveying hatred or racial superiority.",0,Vietnamese,,,,,,,,,,,,,,,,,,,,,,,,,,,,,,,,,,,,,,,,,,,,,,,,,,,,,,,,,,,,,,,,,,,,,,,,,,,,,,,,,,,,,,,,,,,,,,,,,,,,,,,,,,,,,,,,,,,,,,,,,,,,,,,,,,,,,,,,,,,,,,,,,,,,,,,,,,,,,,,,,,,,,,,,,,,,,,,,,,,,,,,,,,,,,,,,,,,,,,,,,,,,,,,,,,,,,,,,,,,,,,,,,,,,,,,,,,,,,,,,,,,,,
273,Microsoft,Platform,"Microsoft aims to create online spaces where everyone can feel free and belong.

We do not allow hate speech that aims to attack, insult or disparage someone based on a legally protected characteristic, such as their race, ethnicity, gender, gender identity, sexual orientation, religion, national origin, age, disability or social class.

Hate speech includes:

Reinforcing harmful stereotypes about a characteristic of people that is protected by law.
Statements that treat a person as non-human by comparing them to animals or other non-human entities based on a protected characteristic.
Encouraging or supporting violence against any person because of a protected characteristic.
Calling for discrimination against, exclusion or intimidation of people because of their protected characteristics.
Symbols, logos or other images that are considered hate speech or racist propaganda.",0,Turkish,,,,,,,,,,,,,,,,,,,,,,,,,,,,,,,,,,,,,,,,,,,,,,,,,,,,,,,,,,,,,,,,,,,,,,,,,,,,,,,,,,,,,,,,,,,,,,,,,,,,,,,,,,,,,,,,,,,,,,,,,,,,,,,,,,,,,,,,,,,,,,,,,,,,,,,,,,,,,,,,,,,,,,,,,,,,,,,,,,,,,,,,,,,,,,,,,,,,,,,,,,,,,,,,,,,,,,,,,,,,,,,,,,,,,,,,,,,,,,,,,,,,,
274,Microsoft,Platform,"Microsoft wants to create spaces online where everyone can participate and feel welcome.

We don't allow hateful content that attacks, insults, or belittles someone because of a protected characteristic, such as their race, ethnicity, gender, gender identity, sexual orientation, religion, national origin, age, disability status, or social status.

Hate speech includes:

Promoting harmful stereotypes about people because of a protected characteristic.
Dehumanizing statements, such as comparing someone to an animal or other non-human person, because of a protected characteristic.
Encouraging or supporting violence against a user because of a protected characteristic.
Calling for segregation, exclusion, or harassment of individuals because of their protected characteristic.
Symbols, logos, or other images that are recognized as hate speech or racial superiority.",0,Greek,,,,,,,,,,,,,,,,,,,,,,,,,,,,,,,,,,,,,,,,,,,,,,,,,,,,,,,,,,,,,,,,,,,,,,,,,,,,,,,,,,,,,,,,,,,,,,,,,,,,,,,,,,,,,,,,,,,,,,,,,,,,,,,,,,,,,,,,,,,,,,,,,,,,,,,,,,,,,,,,,,,,,,,,,,,,,,,,,,,,,,,,,,,,,,,,,,,,,,,,,,,,,,,,,,,,,,,,,,,,,,,,,,,,,,,,,,,,,,,,,,,,,
275,Microsoft,Platform,"Microsoft wants to create online places where everyone can participate and feel welcome.

We don't allow hateful content that attacks, insults, or degrades someone because of a protected characteristic, such as their race, ethnicity, gender, gender identity, sexual orientation, religion, national origin, age, disability, or caste.

Hate speech includes:

Promoting harmful stereotypes about people because of a protected characteristic.
Dehumanizing statements, such as comparing someone to an animal or other non-human thing because of a protected characteristic.
Encouraging or supporting violence against someone because of a protected characteristic.
Calling for the segregation, exclusion, or intimidation of people because of their protected characteristic.
Symbols, emblems, or other images that are recognized as promoting hatred or racial superiority.",0,Bulgarian,,,,,,,,,,,,,,,,,,,,,,,,,,,,,,,,,,,,,,,,,,,,,,,,,,,,,,,,,,,,,,,,,,,,,,,,,,,,,,,,,,,,,,,,,,,,,,,,,,,,,,,,,,,,,,,,,,,,,,,,,,,,,,,,,,,,,,,,,,,,,,,,,,,,,,,,,,,,,,,,,,,,,,,,,,,,,,,,,,,,,,,,,,,,,,,,,,,,,,,,,,,,,,,,,,,,,,,,,,,,,,,,,,,,,,,,,,,,,,,,,,,,,
276,Microsoft,Platform,"Microsoft is committed to creating online spaces where everyone feels welcome.

Content that incites hatred or contains offensive, offensive or derogatory attacks against people based on certain characteristics, such as race, ethnicity, gender, gender identity, sexual orientation, religion, national origin, age, disability or caste is prohibited.

Hate speech includes the following:

dissemination of harmful stereotypes about people with certain common characteristics;
statements that degrade the human dignity of bearers of protected characteristics, for example, comparing them to animals or other non-human beings;
encouragement or support of violence against people with protected characteristics;
calls for segregation, exclusion or intimidation of people with protected characteristics;
symbols, logos and other images that are perceived as an expression of hatred or racial superiority.",0,Russian,,,,,,,,,,,,,,,,,,,,,,,,,,,,,,,,,,,,,,,,,,,,,,,,,,,,,,,,,,,,,,,,,,,,,,,,,,,,,,,,,,,,,,,,,,,,,,,,,,,,,,,,,,,,,,,,,,,,,,,,,,,,,,,,,,,,,,,,,,,,,,,,,,,,,,,,,,,,,,,,,,,,,,,,,,,,,,,,,,,,,,,,,,,,,,,,,,,,,,,,,,,,,,,,,,,,,,,,,,,,,,,,,,,,,,,,,,,,,,,,,,,,,
277,Microsoft,Platform,"Microsoft is committed to creating online spaces where everyone feels free, safe, and at ease.

We prohibit content that promotes hate, and that insults or degrades people based on race, ethnicity, gender, gender identity, sexual orientation, religion, national origin, age, disability, or caste.

Below are examples of hate speech.

Promoting harmful stereotypes about people based on the above characteristics.
Dehumanization, including comparing people to animals or other non-human entities, based on the characteristics listed above.
Encouraging or supporting violence against people based on the above characteristics.
Calls for segregation, exclusion, or oppression of people based on the above characteristics.
Symbols, emblems, or other images that promote hatred and racial superiority.",0,Ukrainian,,,,,,,,,,,,,,,,,,,,,,,,,,,,,,,,,,,,,,,,,,,,,,,,,,,,,,,,,,,,,,,,,,,,,,,,,,,,,,,,,,,,,,,,,,,,,,,,,,,,,,,,,,,,,,,,,,,,,,,,,,,,,,,,,,,,,,,,,,,,,,,,,,,,,,,,,,,,,,,,,,,,,,,,,,,,,,,,,,,,,,,,,,,,,,,,,,,,,,,,,,,,,,,,,,,,,,,,,,,,,,,,,,,,,,,,,,,,,,,,,,,,,
278,Microsoft,Platform," participate and feel welcome.

We don't allow hateful content that attacks, insults, or degrades someone based on a protected characteristic, such as race, ethnicity, gender, gender identity, sexual orientation, religion, national origin, age, disability, or caste.

Hate speech includes:

Promoting harmful stereotypes about people due to a protected characteristic.
Statements that express dehumanization, such as comparing someone to an animal or other non-human creature, due to a protected characteristic.
Encouraging or supporting violence against someone because of a protected characteristic.
Calling for the segregation, exclusion, or intimidation of people due to a protected characteristic.
Symbols, logos, or other images that are identified as expressing hatred or racial superiorit",0,Hebrew,,,,,,,,,,,,,,,,,,,,,,,,,,,,,,,,,,,,,,,,,,,,,,,,,,,,,,,,,,,,,,,,,,,,,,,,,,,,,,,,,,,,,,,,,,,,,,,,,,,,,,,,,,,,,,,,,,,,,,,,,,,,,,,,,,,,,,,,,,,,,,,,,,,,,,,,,,,,,,,,,,,,,,,,,,,,,,,,,,,,,,,,,,,,,,,,,,,,,,,,,,,,,,,,,,,,,,,,,,,,,,,,,,,,,,,,,,,,,,,,,,,,,
279,Microsoft,Platform,"
Microsoft wants to create online spaces where everyone can participate and feel welcome.

We do not allow hateful content that attacks, insults, or degrades someone because of a protected characteristic, such as race, ethnicity, gender, gender identity, sexual orientation, religion, national origin, age, disability, or class.

Hate speech includes:

Reinforcing harmful stereotypes about people because of a protected trait.
Dehumanizing statements such as comparing someone to an animal or other non-human thing, because of a protected trait.
Encouraging or supporting violence against someone because of a protected characteristic.
Advocating discrimination, exclusion, or intimidation of people because of a protected characteristic.
Symbols, logos, or other images recognized as connoting hatred or racial superiority",0,Arabic,,,,,,,,,,,,,,,,,,,,,,,,,,,,,,,,,,,,,,,,,,,,,,,,,,,,,,,,,,,,,,,,,,,,,,,,,,,,,,,,,,,,,,,,,,,,,,,,,,,,,,,,,,,,,,,,,,,,,,,,,,,,,,,,,,,,,,,,,,,,,,,,,,,,,,,,,,,,,,,,,,,,,,,,,,,,,,,,,,,,,,,,,,,,,,,,,,,,,,,,,,,,,,,,,,,,,,,,,,,,,,,,,,,,,,,,,,,,,,,,,,,,,
280,Microsoft,Platform,"Microsoft wants to create an online space where everyone can participate and feel welcome.

We don't allow hate content that attacks, insults, or degrades people based on protected characteristics such as race, ethnicity, gender, gender identity, sexual orientation, religion, national origin, age, disability status, or caste.

Hateful communication includes:

Promoting harmful attitudes about individuals because of protected characteristics
Dehumanizing messages, such as comparing a person to animals or other non-human entities because of protected characteristics.
Promoting or supporting the use of violence against individuals because of protected characteristics.
Calls for discrimination, exclusion or harassment of individuals because of a protected characteristic.
Symbols, logos or other images that convey hatred or racism.",0,Thai,,,,,,,,,,,,,,,,,,,,,,,,,,,,,,,,,,,,,,,,,,,,,,,,,,,,,,,,,,,,,,,,,,,,,,,,,,,,,,,,,,,,,,,,,,,,,,,,,,,,,,,,,,,,,,,,,,,,,,,,,,,,,,,,,,,,,,,,,,,,,,,,,,,,,,,,,,,,,,,,,,,,,,,,,,,,,,,,,,,,,,,,,,,,,,,,,,,,,,,,,,,,,,,,,,,,,,,,,,,,,,,,,,,,,,,,,,,,,,,,,,,,,
281,Microsoft,platform,"Microsoft wants to create an online space where everyone can participate and feel welcome.

Hateful content that attacks, insults, or degrades others based on protected characteristics such as race, ethnicity, gender, gender identity, sexual orientation, religion, nationality, age, disability, or class is not permitted.

Hate speech includes:

Speech that promotes hateful stereotypes about a person or groups of people based on a protected characteristic.
Speech that compares a person to an animal or other non-human being because of a protected characteristic.
Speech that encourages or promotes violence against others because of a protected characteristic.
Speech that promotes discriminatory segregation, exclusion, or intimidation of certain people on the basis of a protected characteristic.
Symbols, logos, or other images that display hatred or racial superiority.",0,Korean,,,,,,,,,,,,,,,,,,,,,,,,,,,,,,,,,,,,,,,,,,,,,,,,,,,,,,,,,,,,,,,,,,,,,,,,,,,,,,,,,,,,,,,,,,,,,,,,,,,,,,,,,,,,,,,,,,,,,,,,,,,,,,,,,,,,,,,,,,,,,,,,,,,,,,,,,,,,,,,,,,,,,,,,,,,,,,,,,,,,,,,,,,,,,,,,,,,,,,,,,,,,,,,,,,,,,,,,,,,,,,,,,,,,,,,,,,,,,,,,,,,,,
282,Microsoft,Platform,"Microsoft wants to create a web space where everyone can participate and feel at home.

We don't allow hateful content that attacks, insults, or demeans someone based on a protected characteristic, such as race, ethnicity, gender, gender identity, sexual orientation, religion, national origin, age, disability, or caste.

Hate speech includes:

Promoting harmful stereotypes about people because of protected characteristics.
Dehumanizing statements, such as comparing a person to an animal or other non-human being because of a protected characteristic.
Encouraging or supporting violence against a person because of a protected characteristic.
Call for not isolating, excluding or intimidating others because of protected characteristics.
Symbols, logos, or other imagery identified as conveying hatred or racial superiority.",0,Chinese,,,,,,,,,,,,,,,,,,,,,,,,,,,,,,,,,,,,,,,,,,,,,,,,,,,,,,,,,,,,,,,,,,,,,,,,,,,,,,,,,,,,,,,,,,,,,,,,,,,,,,,,,,,,,,,,,,,,,,,,,,,,,,,,,,,,,,,,,,,,,,,,,,,,,,,,,,,,,,,,,,,,,,,,,,,,,,,,,,,,,,,,,,,,,,,,,,,,,,,,,,,,,,,,,,,,,,,,,,,,,,,,,,,,,,,,,,,,,,,,,,,,,
283,Microsoft,Platform,"Microsoft aims to create an online space where everyone can join and feel welcome.

We do not allow harmful content that attacks, degrades or disparages anyone on the basis of any protected characteristic, including race, ethnicity, sex, gender identity, sexual orientation, religion, nationality, age, disability status or social status.

Hate speech includes:

Promoting harmful stereotypes about people because of a protected characteristic.
Dehumanizing comments, such as likening someone to an animal or other non-human thing because of a protected characteristic.
Promoting or supporting violence against anyone because of a protected characteristic.
Advocating racial discrimination, ostracism or intimidation of people because of any protected characteristic.
Symbols, logos or other images that are perceived to convey hatred or racial superiority.",0,Japanese,,,,,,,,,,,,,,,,,,,,,,,,,,,,,,,,,,,,,,,,,,,,,,,,,,,,,,,,,,,,,,,,,,,,,,,,,,,,,,,,,,,,,,,,,,,,,,,,,,,,,,,,,,,,,,,,,,,,,,,,,,,,,,,,,,,,,,,,,,,,,,,,,,,,,,,,,,,,,,,,,,,,,,,,,,,,,,,,,,,,,,,,,,,,,,,,,,,,,,,,,,,,,,,,,,,,,,,,,,,,,,,,,,,,,,,,,,,,,,,,,,,,,
286,Pinterest,Platform,"Content that attacks vulnerable groups on the basis of race, ethnicity, national origin, religion, sex, gender, sexual orientation, age, disability, or medical condition is not allowed on Pinterest.

Inappropriate language directed at the government, public figures, or other groups does not violate our policies.

",0,Indonesian,,,,,,,,,,,,,,,,,,,,,,,,,,,,,,,,,,,,,,,,,,,,,,,,,,,,,,,,,,,,,,,,,,,,,,,,,,,,,,,,,,,,,,,,,,,,,,,,,,,,,,,,,,,,,,,,,,,,,,,,,,,,,,,,,,,,,,,,,,,,,,,,,,,,,,,,,,,,,,,,,,,,,,,,,,,,,,,,,,,,,,,,,,,,,,,,,,,,,,,,,,,,,,,,,,,,,,,,,,,,,,,,,,,,,,,,,,,,,,,,,,,,,
287,Pinterest,Platform,"Content that attacks vulnerable groups based on things like race, ethnicity, nationality, religion, gender, sexual orientation, age, disability, or health condition is not allowed on Pinterest.

Making offensive comments about governments, public figures, or other groups does not violate our policies",0,Czech,,,,,,,,,,,,,,,,,,,,,,,,,,,,,,,,,,,,,,,,,,,,,,,,,,,,,,,,,,,,,,,,,,,,,,,,,,,,,,,,,,,,,,,,,,,,,,,,,,,,,,,,,,,,,,,,,,,,,,,,,,,,,,,,,,,,,,,,,,,,,,,,,,,,,,,,,,,,,,,,,,,,,,,,,,,,,,,,,,,,,,,,,,,,,,,,,,,,,,,,,,,,,,,,,,,,,,,,,,,,,,,,,,,,,,,,,,,,,,,,,,,,,
288,Pinterest,Platform,"Content that attacks vulnerable groups based on their race, ethnicity, country of origin, religion, gender, sexual orientation, age, disability, health condition, or other factors is not allowed on Pinterest.

Unfriendly language directed at governments, public figures, or other groups does not violate our policies.",0,Danish,,,,,,,,,,,,,,,,,,,,,,,,,,,,,,,,,,,,,,,,,,,,,,,,,,,,,,,,,,,,,,,,,,,,,,,,,,,,,,,,,,,,,,,,,,,,,,,,,,,,,,,,,,,,,,,,,,,,,,,,,,,,,,,,,,,,,,,,,,,,,,,,,,,,,,,,,,,,,,,,,,,,,,,,,,,,,,,,,,,,,,,,,,,,,,,,,,,,,,,,,,,,,,,,,,,,,,,,,,,,,,,,,,,,,,,,,,,,,,,,,,,,,
289,Pinterest,Platform,"Content that attacks vulnerable groups based on their ethnicity, national origin, religion, sex, gender, sexual orientation, age, disability, or mental condition is not permitted on Pinterest.

Unfriendly statements about governments, public figures, or other groups do not violate our policies.",0,German,,,,,,,,,,,,,,,,,,,,,,,,,,,,,,,,,,,,,,,,,,,,,,,,,,,,,,,,,,,,,,,,,,,,,,,,,,,,,,,,,,,,,,,,,,,,,,,,,,,,,,,,,,,,,,,,,,,,,,,,,,,,,,,,,,,,,,,,,,,,,,,,,,,,,,,,,,,,,,,,,,,,,,,,,,,,,,,,,,,,,,,,,,,,,,,,,,,,,,,,,,,,,,,,,,,,,,,,,,,,,,,,,,,,,,,,,,,,,,,,,,,,,
290,Pinterest,Platform,"Content that attacks vulnerable groups based on their race, ethnicity, nationality, religion, sex, gender, sexual orientation, age, disability, or health status, among others, is not allowed on Pinterest.

Aggressive language directed at governments, public figures, or other groups does not violate our policies.",0,Spanish,,,,,,,,,,,,,,,,,,,,,,,,,,,,,,,,,,,,,,,,,,,,,,,,,,,,,,,,,,,,,,,,,,,,,,,,,,,,,,,,,,,,,,,,,,,,,,,,,,,,,,,,,,,,,,,,,,,,,,,,,,,,,,,,,,,,,,,,,,,,,,,,,,,,,,,,,,,,,,,,,,,,,,,,,,,,,,,,,,,,,,,,,,,,,,,,,,,,,,,,,,,,,,,,,,,,,,,,,,,,,,,,,,,,,,,,,,,,,,,,,,,,,
291,Pinterest,Platform,"Content that attacks vulnerable groups based on their ethnicity, nationality, religion, gender identity, sexual orientation, age, disability, or medical condition, among other things, is not permitted on Pinterest.

Derogatory language targeting governments, public figures, or other groups does not violate our rules.",0,French,,,,,,,,,,,,,,,,,,,,,,,,,,,,,,,,,,,,,,,,,,,,,,,,,,,,,,,,,,,,,,,,,,,,,,,,,,,,,,,,,,,,,,,,,,,,,,,,,,,,,,,,,,,,,,,,,,,,,,,,,,,,,,,,,,,,,,,,,,,,,,,,,,,,,,,,,,,,,,,,,,,,,,,,,,,,,,,,,,,,,,,,,,,,,,,,,,,,,,,,,,,,,,,,,,,,,,,,,,,,,,,,,,,,,,,,,,,,,,,,,,,,,
292,Pinterest,Platform,"Pinterest does not allow content that targets vulnerable groups based on race, ethnicity, nationality, religion, gender, sexual orientation, age, disability, or disease, among other things.

Using rude language toward governments, public figures, or other groups is not a violation of our policies.",0,Italian,,,,,,,,,,,,,,,,,,,,,,,,,,,,,,,,,,,,,,,,,,,,,,,,,,,,,,,,,,,,,,,,,,,,,,,,,,,,,,,,,,,,,,,,,,,,,,,,,,,,,,,,,,,,,,,,,,,,,,,,,,,,,,,,,,,,,,,,,,,,,,,,,,,,,,,,,,,,,,,,,,,,,,,,,,,,,,,,,,,,,,,,,,,,,,,,,,,,,,,,,,,,,,,,,,,,,,,,,,,,,,,,,,,,,,,,,,,,,,,,,,,,,
293,Pinterest,platform,"Attacking vulnerable groups on Pinterest based on, among other things, race, ethnicity, nationality, gender, religious belief, gender identity, sexual orientation, age, disability, or medical condition is not allowed.

Unfriendly language directed at governments, public figures, or other groups does not fall under our policies.",0,Hungarian,,,,,,,,,,,,,,,,,,,,,,,,,,,,,,,,,,,,,,,,,,,,,,,,,,,,,,,,,,,,,,,,,,,,,,,,,,,,,,,,,,,,,,,,,,,,,,,,,,,,,,,,,,,,,,,,,,,,,,,,,,,,,,,,,,,,,,,,,,,,,,,,,,,,,,,,,,,,,,,,,,,,,,,,,,,,,,,,,,,,,,,,,,,,,,,,,,,,,,,,,,,,,,,,,,,,,,,,,,,,,,,,,,,,,,,,,,,,,,,,,,,,,
294,Pinterest,Platform,"Pinterest doesn't allow attacks on vulnerable groups based on, among other things, their race, ethnicity, nationality, religion, sex, gender, sexual orientation, age, disability, or medical condition.

Unkind statements towards governments, celebrities or other groups do not violate our policy.",0,Dutch,,,,,,,,,,,,,,,,,,,,,,,,,,,,,,,,,,,,,,,,,,,,,,,,,,,,,,,,,,,,,,,,,,,,,,,,,,,,,,,,,,,,,,,,,,,,,,,,,,,,,,,,,,,,,,,,,,,,,,,,,,,,,,,,,,,,,,,,,,,,,,,,,,,,,,,,,,,,,,,,,,,,,,,,,,,,,,,,,,,,,,,,,,,,,,,,,,,,,,,,,,,,,,,,,,,,,,,,,,,,,,,,,,,,,,,,,,,,,,,,,,,,,
295,Pinterest,Platform,"Some of the things that are not allowed on Pinterest include content that attacks vulnerable groups based on race, ethnicity, national origin, religion, gender, sexual orientation, age, disability, or medical condition.

We do not consider unfriendly language directed at authorities, public figures, and other groups to be a violation of the guidelines.",0,Norwegian,,,,,,,,,,,,,,,,,,,,,,,,,,,,,,,,,,,,,,,,,,,,,,,,,,,,,,,,,,,,,,,,,,,,,,,,,,,,,,,,,,,,,,,,,,,,,,,,,,,,,,,,,,,,,,,,,,,,,,,,,,,,,,,,,,,,,,,,,,,,,,,,,,,,,,,,,,,,,,,,,,,,,,,,,,,,,,,,,,,,,,,,,,,,,,,,,,,,,,,,,,,,,,,,,,,,,,,,,,,,,,,,,,,,,,,,,,,,,,,,,,,,,
296,Pinterest,Platform,"Content that is intended to target vulnerable groups of people, including those based on race, ethnicity, national origin, religion, gender, gender identity, sexual orientation, age, disability, or health condition, is not allowed on Pinterest.

Using unflattering language against governments, public figures, or other groups does not violate our policies.",0,Polish,,,,,,,,,,,,,,,,,,,,,,,,,,,,,,,,,,,,,,,,,,,,,,,,,,,,,,,,,,,,,,,,,,,,,,,,,,,,,,,,,,,,,,,,,,,,,,,,,,,,,,,,,,,,,,,,,,,,,,,,,,,,,,,,,,,,,,,,,,,,,,,,,,,,,,,,,,,,,,,,,,,,,,,,,,,,,,,,,,,,,,,,,,,,,,,,,,,,,,,,,,,,,,,,,,,,,,,,,,,,,,,,,,,,,,,,,,,,,,,,,,,,,
297,Pinterest,Platform,"We don't allow content on Pinterest that attacks vulnerable groups based on their race, ethnicity, national origin, religion, sex, gender, sexual orientation, age, disability, medical condition, or other reasons.

Insensitive language directed at governments, public figures, or other groups does not violate our policies",0,Portuguese,,,,,,,,,,,,,,,,,,,,,,,,,,,,,,,,,,,,,,,,,,,,,,,,,,,,,,,,,,,,,,,,,,,,,,,,,,,,,,,,,,,,,,,,,,,,,,,,,,,,,,,,,,,,,,,,,,,,,,,,,,,,,,,,,,,,,,,,,,,,,,,,,,,,,,,,,,,,,,,,,,,,,,,,,,,,,,,,,,,,,,,,,,,,,,,,,,,,,,,,,,,,,,,,,,,,,,,,,,,,,,,,,,,,,,,,,,,,,,,,,,,,,
298,Pinterest,Platform,"Content that attacks people based on race, ethnicity, national origin, religion, gender, sexual orientation, age, disability, or medical condition, among other things, is not allowed on Pinterest.

Unfriendly language directed at governments, public figures, or other groups does not violate our policies.",0,Romanian,,,,,,,,,,,,,,,,,,,,,,,,,,,,,,,,,,,,,,,,,,,,,,,,,,,,,,,,,,,,,,,,,,,,,,,,,,,,,,,,,,,,,,,,,,,,,,,,,,,,,,,,,,,,,,,,,,,,,,,,,,,,,,,,,,,,,,,,,,,,,,,,,,,,,,,,,,,,,,,,,,,,,,,,,,,,,,,,,,,,,,,,,,,,,,,,,,,,,,,,,,,,,,,,,,,,,,,,,,,,,,,,,,,,,,,,,,,,,,,,,,,,,
299,Pinterest,Platform,"Content that attacks vulnerable groups based on race, ethnicity, nationality, religion, gender, sexual orientation, age, disability, or health condition, etc., is not allowed on Pinterest.

Critical statements directed at governments, public figures, or other groups do not violate our policies.",0,Slovak,,,,,,,,,,,,,,,,,,,,,,,,,,,,,,,,,,,,,,,,,,,,,,,,,,,,,,,,,,,,,,,,,,,,,,,,,,,,,,,,,,,,,,,,,,,,,,,,,,,,,,,,,,,,,,,,,,,,,,,,,,,,,,,,,,,,,,,,,,,,,,,,,,,,,,,,,,,,,,,,,,,,,,,,,,,,,,,,,,,,,,,,,,,,,,,,,,,,,,,,,,,,,,,,,,,,,,,,,,,,,,,,,,,,,,,,,,,,,,,,,,,,,
